Ship,Port,Planned_ETA,Actual_RTA,Actual_ETD,Delay_Hours
KM KELIMUTU,TANJUNG PRIOK,2025-04-23 16:00:00,2025-04-23 16:00:00,2025-04-25 08:00:00,0.0
KM PANGRANGO,AMBON,2025-04-24 12:00:00,2025-04-24 12:00:00,2025-04-25 16:00:00,0.0
KM CIREMAI,TANJUNG PRIOK,2025-04-24 13:00:00,2025-04-25 08:00:00,2025-04-25 19:00:00,19.0
KM TIDAR,KIJANG,2025-04-25 09:00:00,2025-04-25 09:00:00,2025-04-25 13:00:00,0.0
KM CIREMAI,SURABAYA,2025-04-26 02:00:00,2025-04-26 02:00:00,2025-04-26 06:00:00,0.0
KM KELIMUTU,TANJUNG PANDAN,2025-04-26 02:00:00,2025-04-26 02:00:00,2025-04-26 04:00:00,0.0
KM PANGRANGO,BANDA,2025-04-26 06:00:00,2025-04-26 06:00:00,2025-04-27 16:00:00,0.0
KM DOBONSOLO,TANJUNG PRIOK,2025-04-26 19:00:00,2025-04-26 19:00:00,2025-04-27 20:00:00,0.0
KM TIDAR,TANJUNG PRIOK,2025-04-27 01:00:00,2025-04-27 20:00:00,2025-04-28 02:00:00,19.0
KM KELIMUTU,PONTIANAK,2025-04-27 04:00:00,2025-04-27 04:00:00,2025-04-27 06:00:00,0.0
KM LEUSER,SURABAYA,2025-04-27 06:00:00,2025-04-27 06:00:00,2025-04-27 13:00:00,0.0
KM CIREMAI,MAKASSAR,2025-04-27 13:00:00,2025-04-27 13:00:00,2025-04-27 17:00:00,0.0
KM LAWIT,SURABAYA,2025-04-27 16:00:00,2025-04-27 16:00:00,2025-04-28 00:00:00,0.0
KM SANGIANG,BITUNG,2025-04-27 17:00:00,2025-04-27 17:00:00,2025-04-28 16:00:00,0.0
KM LAMBELU,TANJUNG PRIOK,2025-04-27 19:00:00,2025-04-28 02:00:00,2025-05-20 21:00:00,7.0
KM LAMBELU,TANJUNG PRIOK,2025-04-27 19:00:00,2025-05-20 21:00:00,2025-06-12 16:00:00,0.0
KM PANGRANGO,AMBON,2025-04-28 06:00:00,2025-04-28 06:00:00,2025-04-28 20:00:00,0.0
KM CIREMAI,BAU-BAU,2025-04-28 09:00:00,2025-04-28 09:00:00,2025-04-28 12:00:00,0.0
KM TIDAR,SURABAYA,2025-04-28 12:00:00,2025-04-28 12:00:00,2025-04-28 15:00:00,0.0
KM SINABUNG,SURABAYA,2025-04-28 15:00:00,2025-04-28 15:00:00,2025-04-28 22:00:00,0.0
KM LEUSER,BENOA,2025-04-28 21:00:00,2025-04-28 21:00:00,2025-04-29 01:00:00,0.0
KM DOBONSOLO,SURABAYA,2025-04-28 22:00:00,2025-04-28 22:00:00,2025-04-29 02:00:00,0.0
KM KELIMUTU,SEMARANG,2025-04-29 02:00:00,2025-04-29 02:00:00,2025-04-29 07:00:00,0.0
KM PANGRANGO,NAMROLE,2025-04-29 06:00:00,2025-04-29 06:00:00,2025-04-29 08:00:00,0.0
KM LAWIT,SAMPIT,2025-04-29 09:00:00,2025-04-29 09:00:00,2025-04-30 05:00:00,0.0
KM SANGIANG,TERNATE,2025-04-29 13:00:00,2025-04-29 13:00:00,2025-04-29 16:00:00,0.0
KM BINAIYA,BENOA,2025-04-29 15:00:00,2025-04-29 15:00:00,2025-04-29 22:00:00,0.0
KM CIREMAI,AMBON,2025-04-29 15:00:00,2025-04-29 15:00:00,2025-04-29 19:00:00,0.0
KM PANGRANGO,AMBON,2025-04-29 18:00:00,2025-04-29 19:00:00,2025-04-30 01:00:00,1.0
KM TIDAR,MAKASSAR,2025-04-29 22:00:00,2025-04-29 22:00:00,2025-04-30 01:00:00,0.0
KM LEUSER,BIMA,2025-04-30 00:00:00,2025-04-30 00:00:00,2025-04-30 02:00:00,0.0
KM TILONGKABILA,BENOA,2025-04-30 02:00:00,2025-04-30 02:00:00,2025-05-01 09:00:00,0.0
KM SANGIANG,BACAN,2025-04-30 05:00:00,2025-04-30 05:00:00,2025-04-30 07:00:00,0.0
KM SINABUNG,MAKASSAR,2025-04-30 05:00:00,2025-04-30 05:00:00,2025-04-30 08:00:00,0.0
KM DOBONSOLO,MAKASSAR,2025-04-30 08:00:00,2025-04-30 08:00:00,2025-04-30 12:00:00,0.0
KM KELIMUTU,KUMAI,2025-04-30 08:00:00,2025-04-30 08:00:00,2025-04-30 11:00:00,0.0
KM NGGAPULU,TANJUNG PRIOK,2025-04-30 10:00:00,2025-06-12 16:00:00,2025-06-13 21:00:00,1038.0
KM LEUSER,LABUAN BAJO,2025-04-30 10:00:00,2025-04-30 10:00:00,2025-04-30 12:00:00,0.0
KM PANGRANGO,BANDA,2025-04-30 14:00:00,2025-04-30 14:00:00,2025-04-30 16:00:00,0.0
KM SIRIMAU,SORONG,2025-04-30 16:00:00,2025-04-30 16:00:00,2025-05-01 04:00:00,0.0
KM CIREMAI,SORONG,2025-04-30 18:00:00,2025-05-01 04:00:00,2025-05-01 07:00:00,10.0
KM TIDAR,BAU-BAU,2025-04-30 18:00:00,2025-04-30 18:00:00,2025-04-30 20:00:00,0.0
KM BINAIYA,BIMA,2025-04-30 21:00:00,2025-04-30 21:00:00,2025-04-30 23:00:00,0.0
KM SINABUNG,BAU-BAU,2025-05-01 00:00:00,2025-05-01 00:00:00,2025-05-01 02:00:00,0.0
KM DOBONSOLO,BAU-BAU,2025-05-01 03:00:00,2025-05-01 03:00:00,2025-05-01 06:00:00,0.0
KM KELUD,TANJUNG PRIOK,2025-05-01 06:00:00,2025-06-13 21:00:00,2025-06-15 06:00:00,1047.0
KM SANGIANG,SANANA,2025-05-01 06:00:00,2025-05-01 06:00:00,2025-05-01 08:00:00,0.0
KM BINAIYA,LABUAN BAJO,2025-05-01 07:00:00,2025-05-01 07:00:00,2025-05-01 09:00:00,0.0
KM LEUSER,MAKASSAR,2025-05-01 09:00:00,2025-05-01 09:00:00,2025-05-01 14:00:00,0.0
KM TIDAR,MAUMERE,2025-05-01 10:00:00,2025-05-01 10:00:00,2025-05-01 12:00:00,0.0
KM LAWIT,SEMARANG,2025-05-01 13:00:00,2025-05-01 13:00:00,2025-05-01 15:00:00,0.0
KM KELIMUTU,SURABAYA,2025-05-01 14:00:00,2025-05-01 14:00:00,2025-05-01 17:00:00,0.0
KM TILONGKABILA,LEMBAR,2025-05-01 15:00:00,2025-05-01 15:00:00,2025-05-01 17:00:00,0.0
KM TIDAR,LARANTUKA,2025-05-01 18:00:00,2025-05-01 18:00:00,2025-05-01 20:00:00,0.0
KM PANGRANGO,SAUMLAKI,2025-05-01 19:00:00,2025-05-01 19:00:00,2025-05-02 00:00:00,0.0
KM CIREMAI,SERUI,2025-05-01 21:00:00,2025-05-01 21:00:00,2025-05-01 23:00:00,0.0
KM EGON,WAINGAPU,2025-05-01 21:00:00,2025-05-01 21:00:00,2025-05-02 16:00:00,0.0
KM SINABUNG,BANGGAI,2025-05-01 21:00:00,2025-05-01 21:00:00,2025-05-01 22:00:00,0.0
KM SANGIANG,NAMLEA,2025-05-01 22:00:00,2025-05-01 22:00:00,2025-05-01 23:00:00,0.0
KM TIDAR,LEWOLEBA,2025-05-01 23:00:00,2025-05-01 23:00:00,2025-05-02 00:00:00,0.0
KM BK RAYA,TANJUNG PRIOK,2025-05-01 23:00:00,2025-06-15 06:00:00,2025-06-15 13:00:00,1063.0
KM BINAIYA,MAKASSAR,2025-05-02 04:00:00,2025-05-02 04:00:00,2025-05-02 10:00:00,0.0
KM TIDAR,KUPANG,2025-05-02 08:00:00,2025-05-02 08:00:00,2025-05-02 12:00:00,0.0
KM SANGIANG,AMBON,2025-05-02 09:00:00,2025-05-02 09:00:00,2025-05-02 15:00:00,0.0
KM TILONGKABILA,BIMA,2025-05-02 11:00:00,2025-05-02 11:00:00,2025-05-02 15:00:00,0.0
KM TATAMAILAU,BITUNG,2025-05-02 12:00:00,2025-05-02 12:00:00,2025-05-02 21:00:00,0.0
KM SINABUNG,BITUNG,2025-05-02 13:00:00,2025-05-02 21:00:00,2025-05-03 00:00:00,8.0
KM LEUSER,BAU-BAU,2025-05-02 13:00:00,2025-05-02 13:00:00,2025-05-02 17:00:00,0.0
KM AWU,KUMAI,2025-05-02 13:00:00,2025-05-02 13:00:00,2025-05-03 15:00:00,0.0
KM SIRIMAU,AMBON,2025-05-02 15:00:00,2025-05-02 15:00:00,2025-05-02 18:00:00,0.0
KM BINAIYA,AWERANGE,2025-05-02 16:00:00,2025-05-02 16:00:00,2025-05-02 18:00:00,0.0
KM NGGAPULU,SURABAYA,2025-05-02 17:00:00,2025-06-13 21:00:00,2025-06-14 01:00:00,0.0
KM LAWIT,KUMAI,2025-05-02 17:00:00,2025-05-03 15:00:00,2025-05-03 20:00:00,22.0
KM TIDAR,LEWOLEBA,2025-05-02 20:00:00,2025-05-02 20:00:00,2025-05-02 22:00:00,0.0
KM CIREMAI,JAYAPURA,2025-05-02 21:00:00,2025-05-02 21:00:00,2025-05-03 02:00:00,0.0
KM TILONGKABILA,LABUAN BAJO,2025-05-02 22:00:00,2025-05-02 22:00:00,2025-05-03 00:00:00,0.0
KM DOBONSOLO,SORONG,2025-05-03 00:00:00,2025-05-03 00:00:00,2025-05-03 04:00:00,0.0
KM KELIMUTU,BATULICIN,2025-05-03 00:00:00,2025-05-03 00:00:00,2025-05-03 02:00:00,0.0
KM LEUSER,WANCI,2025-05-03 01:00:00,2025-05-03 01:00:00,2025-05-03 03:00:00,0.0
KM TIDAR,LARANTUKA,2025-05-03 01:00:00,2025-05-03 01:00:00,2025-05-03 03:00:00,0.0
KM SINABUNG,TERNATE,2025-05-03 04:00:00,2025-05-03 04:00:00,2025-05-03 06:00:00,0.0
KM PANGRANGO,BANDA,2025-05-03 05:00:00,2025-05-03 05:00:00,2025-05-03 07:00:00,0.0
KM BK SIGUNTANG,MAKASSAR,2025-05-03 07:00:00,2025-05-03 07:00:00,2025-05-04 02:00:00,0.0
KM SANGIANG,BANDA,2025-05-03 07:00:00,2025-05-03 07:00:00,2025-05-03 09:00:00,0.0
KM TIDAR,MAUMERE,2025-05-03 09:00:00,2025-05-03 09:00:00,2025-05-03 11:00:00,0.0
KM BK RAYA,BLINYU,2025-05-03 10:00:00,2025-06-15 13:00:00,2025-06-15 14:00:00,0.0
KM SINABUNG,BACAN,2025-05-03 13:00:00,2025-05-03 13:00:00,2025-05-03 14:00:00,0.0
KM TATAMAILAU,TIDORE,2025-05-03 15:00:00,2025-05-03 15:00:00,2025-05-03 16:00:00,0.0
KM TILONGKABILA,MAKASSAR,2025-05-03 18:00:00,2025-05-04 02:00:00,2025-05-04 07:00:00,8.0
KM SANGIANG,GESER,2025-05-03 19:00:00,2025-05-03 19:00:00,2025-05-03 21:00:00,0.0
KM DOBONSOLO,MANOKWARI,2025-05-03 19:00:00,2025-05-03 19:00:00,2025-05-03 22:00:00,0.0
KM JETLINER,KENDARI,2025-05-03 21:00:00,2025-05-03 21:00:00,2025-05-04 07:00:00,0.0
KM BINAIYA,BONTANG,2025-05-03 21:00:00,2025-05-03 21:00:00,2025-05-04 00:00:00,0.0
KM PANGRANGO,AMBON,2025-05-03 21:00:00,2025-05-03 21:00:00,2025-05-04 17:00:00,0.0
KM EGON,LEMBAR,2025-05-03 22:00:00,2025-05-03 22:00:00,2025-05-04 03:00:00,0.0
KM LAWIT,SEMARANG,2025-05-03 23:00:00,2025-05-03 23:00:00,2025-05-04 02:00:00,0.0
KM KELUD,BATAM,2025-05-03 23:00:00,2025-06-15 06:00:00,2025-06-15 11:00:00,0.0
KM CIREMAI,SERUI,2025-05-03 23:00:00,2025-05-03 23:00:00,2025-05-04 01:00:00,0.0
KM TIDAR,BAU-BAU,2025-05-04 00:00:00,2025-05-04 00:00:00,2025-05-04 03:00:00,0.0
KM LEUSER,NAMROLE,2025-05-04 00:00:00,2025-05-04 00:00:00,2025-05-04 02:00:00,0.0
KM BK RAYA,KIJANG,2025-05-04 02:00:00,2025-06-15 14:00:00,2025-06-15 16:00:00,0.0
KM SIRIMAU,WANCI,2025-05-04 03:00:00,2025-05-04 03:00:00,2025-05-04 05:00:00,0.0
KM NGGAPULU,MAKASSAR,2025-05-04 04:00:00,2025-06-14 01:00:00,2025-06-14 04:00:00,0.0
KM SINABUNG,SORONG,2025-05-04 06:00:00,2025-05-04 06:00:00,2025-05-04 09:00:00,0.0
KM BK SIGUNTANG,PARE-PARE,2025-05-04 07:00:00,2025-05-04 07:00:00,2025-05-04 11:00:00,0.0
KM KELUD,TANJUNG BALAI KARIMUN,2025-05-04 07:00:00,2025-06-15 11:00:00,2025-06-15 12:00:00,0.0
KM DOBONSOLO,BIAK,2025-05-04 08:00:00,2025-05-04 08:00:00,2025-05-04 11:00:00,0.0
KM KELIMUTU,SURABAYA,2025-05-04 08:00:00,2025-06-14 01:00:00,2025-06-14 04:00:00,977.0
KM SANGIANG,FAK-FAK,2025-05-04 09:00:00,2025-05-04 09:00:00,2025-05-04 16:00:00,0.0
KM LAWIT,KARIMUN JAWA,2025-05-04 09:00:00,2025-05-04 09:00:00,2025-05-04 14:00:00,0.0
KM LEUSER,AMBON,2025-05-04 12:00:00,2025-05-04 17:00:00,2025-05-04 21:00:00,5.0
KM SIRIMAU,BAU-BAU,2025-05-04 14:00:00,2025-05-04 14:00:00,2025-05-04 16:00:00,0.0
KM BK RAYA,LETUNG,2025-05-04 17:00:00,2025-06-15 16:00:00,2025-06-15 17:00:00,0.0
KM AWU,SURABAYA,2025-05-04 18:00:00,2025-06-14 04:00:00,2025-06-14 10:00:00,970.0
KM TIDAR,MAKASSAR,2025-05-04 20:00:00,2025-06-14 04:00:00,2025-06-14 08:00:00,968.0
KM TATAMAILAU,SORONG,2025-05-04 20:00:00,2025-05-04 20:00:00,2025-05-04 22:00:00,0.0
KM TILONGKABILA,BAU-BAU,2025-05-04 20:00:00,2025-05-04 20:00:00,2025-05-04 22:00:00,0.0
KM LAWIT,SEMARANG,2025-05-04 20:00:00,2025-05-04 20:00:00,2025-05-05 00:00:00,0.0
KM JETLINER,WANCI,2025-05-04 20:00:00,2025-05-04 20:00:00,2025-05-04 22:00:00,0.0
KM BK RAYA,TAREMPA,2025-05-04 22:00:00,2025-06-15 17:00:00,2025-06-15 20:00:00,0.0
KM NGGAPULU,BAU-BAU,2025-05-04 22:00:00,2025-06-14 04:00:00,2025-06-14 06:00:00,0.0
KM SINABUNG,MANOKWARI,2025-05-05 00:00:00,2025-05-05 00:00:00,2025-05-05 02:00:00,0.0
KM CIREMAI,SORONG,2025-05-05 01:00:00,2025-05-05 01:00:00,2025-05-05 04:00:00,0.0
KM TILONGKABILA,RAHA,2025-05-05 02:00:00,2025-05-05 02:00:00,2025-05-05 04:00:00,0.0
KM BK SIGUNTANG,BALIKPAPAN,2025-05-05 02:00:00,2025-05-05 02:00:00,2025-05-05 04:00:00,0.0
KM EGON,SURABAYA,2025-05-05 03:00:00,2025-06-14 10:00:00,2025-06-14 15:00:00,967.0
KM BINAIYA,PARE-PARE,2025-05-05 03:00:00,2025-05-05 03:00:00,2025-05-05 05:00:00,0.0
KM SANGIANG,GESER,2025-05-05 05:00:00,2025-05-05 05:00:00,2025-05-05 07:00:00,0.0
KM KELUD,BELAWAN,2025-05-05 06:00:00,2025-06-15 12:00:00,2025-06-16 13:00:00,0.0
KM PANGRANGO,BANDA,2025-05-05 07:00:00,2025-05-05 07:00:00,2025-05-05 09:00:00,0.0
KM DOBONSOLO,JAYAPURA,2025-05-05 09:00:00,2025-05-05 09:00:00,2025-05-05 15:00:00,0.0
KM LABOBAR,TANJUNG PRIOK,2025-05-05 09:00:00,2025-06-15 13:00:00,2025-06-16 17:00:00,988.0
KM TILONGKABILA,KENDARI,2025-05-05 10:00:00,2025-05-05 10:00:00,2025-05-05 14:00:00,0.0
KM SINABUNG,BIAK,2025-05-05 11:00:00,2025-05-05 11:00:00,2025-05-05 13:00:00,0.0
KM JETLINER,KENDARI,2025-05-05 11:00:00,2025-05-05 14:00:00,2025-05-05 20:00:00,3.0
KM SIRIMAU,MAUMERE,2025-05-05 12:00:00,2025-05-05 12:00:00,2025-05-05 15:00:00,0.0
KM BK RAYA,NATUNA,2025-05-05 12:00:00,2025-06-15 20:00:00,2025-06-15 22:00:00,0.0
KM TATAMAILAU,FAK-FAK,2025-05-05 14:00:00,2025-05-05 14:00:00,2025-05-05 16:00:00,0.0
KM KELIMUTU,KUMAI,2025-05-05 14:00:00,2025-06-14 04:00:00,2025-06-14 06:00:00,0.0
KM SANGIANG,BANDA,2025-05-05 17:00:00,2025-05-05 17:00:00,2025-05-05 19:00:00,0.0
KM BK RAYA,MIDAI,2025-05-05 18:00:00,2025-06-15 22:00:00,2025-06-16 00:00:00,0.0
KM LEUSER,SAUMLAKI,2025-05-05 23:00:00,2025-05-05 23:00:00,2025-05-06 01:00:00,0.0
KM SIRIMAU,LEWOLEBA,2025-05-06 01:00:00,2025-05-06 01:00:00,2025-05-06 03:00:00,0.0
KM NGGAPULU,NAMLEA,2025-05-06 01:00:00,2025-06-14 06:00:00,2025-06-14 08:00:00,0.0
KM AWU,BENOA,2025-05-06 03:00:00,2025-06-14 10:00:00,2025-06-14 16:00:00,0.0
KM CIREMAI,AMBON,2025-05-06 03:00:00,2025-05-06 03:00:00,2025-05-06 06:00:00,0.0
KM BK RAYA,SERASAN,2025-05-06 04:00:00,2025-06-16 00:00:00,2025-06-16 02:00:00,0.0
KM BK SIGUNTANG,TARAKAN,2025-05-06 05:00:00,2025-05-06 05:00:00,2025-05-06 09:00:00,0.0
KM TATAMAILAU,KAIMANA,2025-05-06 05:00:00,2025-05-06 05:00:00,2025-05-06 07:00:00,0.0
KM JETLINER,WANCI,2025-05-06 06:00:00,2025-05-06 06:00:00,2025-05-06 08:00:00,0.0
KM TILONGKABILA,LUWUK,2025-05-06 07:00:00,2025-05-06 07:00:00,2025-05-06 10:00:00,0.0
KM TIDAR,SURABAYA,2025-05-06 08:00:00,2025-06-14 15:00:00,2025-06-14 17:00:00,7.0
KM BINAIYA,BONTANG,2025-05-06 08:00:00,2025-05-06 08:00:00,2025-05-06 13:00:00,0.0
KM NGGAPULU,AMBON,2025-05-06 09:00:00,2025-06-14 08:00:00,2025-06-14 12:00:00,0.0
KM SINABUNG,JAYAPURA,2025-05-06 10:00:00,2025-05-06 10:00:00,2025-05-06 14:00:00,0.0
KM EGON,BATULICIN,2025-05-06 12:00:00,2025-06-14 15:00:00,2025-06-14 17:00:00,0.0
KM PANGRANGO,SAUMLAKI,2025-05-06 12:00:00,2025-05-06 12:00:00,2025-05-06 16:00:00,0.0
KM DOBONSOLO,BIAK,2025-05-06 12:00:00,2025-05-06 12:00:00,2025-05-06 14:00:00,0.0
KM LAWIT,SAMPIT,2025-05-06 13:00:00,2025-05-06 13:00:00,2025-05-07 10:00:00,0.0
KM SANGIANG,AMBON,2025-05-06 13:00:00,2025-06-14 12:00:00,2025-06-14 23:00:00,935.0
KM DOROLONDA,SURABAYA,2025-05-06 14:00:00,2025-06-14 17:00:00,2025-06-15 00:00:00,939.0
KM WILIS,BATULICIN,2025-05-06 15:00:00,2025-06-14 17:00:00,2025-06-15 20:00:00,938.0
KM BK SIGUNTANG,NUNUKAN,2025-05-06 15:00:00,2025-05-06 15:00:00,2025-05-06 18:00:00,0.0
KM SIRIMAU,KUPANG,2025-05-06 15:00:00,2025-05-06 15:00:00,2025-05-06 21:00:00,0.0
KM KELIMUTU,SEMARANG,2025-05-06 17:00:00,2025-06-14 06:00:00,2025-06-14 15:00:00,0.0
KM TATAMAILAU,TUAL,2025-05-06 20:00:00,2025-05-06 20:00:00,2025-05-06 23:00:00,0.0
KM LEUSER,TUAL,2025-05-06 20:00:00,2025-05-06 23:00:00,2025-05-07 04:00:00,3.0
KM JETLINER,KENDARI,2025-05-06 21:00:00,2025-05-06 21:00:00,2025-05-06 23:00:00,0.0
KM TILONGKABILA,GORONTALO,2025-05-06 21:00:00,2025-05-06 21:00:00,2025-05-06 23:00:00,0.0
KM BK RAYA,PONTIANAK,2025-05-06 23:00:00,2025-06-16 02:00:00,2025-06-16 04:00:00,0.0
KM GUNUNG DEMPO,TANJUNG PRIOK,2025-05-06 23:00:00,2025-06-16 17:00:00,2025-06-17 04:00:00,978.0
KM DOBONSOLO,MANOKWARI,2025-05-07 00:00:00,2025-05-07 00:00:00,2025-05-07 02:00:00,0.0
KM KELUD,TANJUNG BALAI KARIMUN,2025-05-07 05:00:00,2025-06-16 13:00:00,2025-06-16 14:00:00,0.0
KM AWU,BIMA,2025-05-07 06:00:00,2025-06-14 16:00:00,2025-06-14 18:00:00,0.0
KM JETLINER,RAHA,2025-05-07 07:00:00,2025-05-07 07:00:00,2025-05-07 08:00:00,0.0
KM KELUD,BATAM,2025-05-07 09:00:00,2025-06-16 14:00:00,2025-06-16 20:00:00,0.0
KM CIREMAI,BAU-BAU,2025-05-07 10:00:00,2025-06-14 06:00:00,2025-06-14 08:00:00,908.0
KM NGGAPULU,TERNATE,2025-05-07 10:00:00,2025-06-14 12:00:00,2025-06-14 14:00:00,0.0
KM SIRIMAU,KALABAHI,2025-05-07 11:00:00,2025-05-07 11:00:00,2025-05-07 21:00:00,0.0
KM SINABUNG,BIAK,2025-05-07 11:00:00,2025-05-07 11:00:00,2025-05-07 13:00:00,0.0
KM SANGIANG,NAMLEA,2025-05-07 11:00:00,2025-06-14 23:00:00,2025-06-15 04:00:00,0.0
KM LEUSER,DOBO,2025-05-07 12:00:00,2025-05-07 12:00:00,2025-05-07 16:00:00,0.0
KM EGON,PARE-PARE,2025-05-07 12:00:00,2025-06-14 17:00:00,2025-06-14 20:00:00,0.0
KM TILONGKABILA,BITUNG,2025-05-07 14:00:00,2025-05-07 14:00:00,2025-05-08 03:00:00,0.0
KM NGGAPULU,JAILOLO,2025-05-07 14:00:00,2025-06-14 14:00:00,2025-06-14 16:00:00,0.0
KM LABOBAR,SURABAYA,2025-05-07 15:00:00,2025-06-16 17:00:00,2025-06-16 21:00:00,0.0
KM TIDAR,TANJUNG PRIOK,2025-05-07 15:00:00,2025-06-17 04:00:00,2025-06-17 06:00:00,59.0
KM JETLINER,KENDARI,2025-05-07 16:00:00,2025-05-07 16:00:00,2025-05-07 18:00:00,0.0
KM BINAIYA,AWERANGE,2025-05-07 16:00:00,2025-05-07 16:00:00,2025-05-07 18:00:00,0.0
KM DOBONSOLO,SORONG,2025-05-07 18:00:00,2025-05-07 18:00:00,2025-05-07 21:00:00,0.0
KM PANGRANGO,BANDA,2025-05-07 20:00:00,2025-05-07 20:00:00,2025-05-07 22:00:00,0.0
KM BK SIGUNTANG,BALIKPAPAN,2025-05-07 21:00:00,2025-05-07 21:00:00,2025-05-07 23:00:00,0.0
KM TATAMAILAU,TIMIKA,2025-05-07 21:00:00,2025-05-07 21:00:00,2025-05-07 23:00:00,0.0
KM AWU,WAINGAPU,2025-05-07 22:00:00,2025-06-14 18:00:00,2025-06-14 21:00:00,0.0
KM SINABUNG,MANOKWARI,2025-05-07 23:00:00,2025-05-07 23:00:00,2025-05-08 01:00:00,0.0
KM BINAIYA,MAKASSAR,2025-05-08 00:00:00,2025-06-14 08:00:00,2025-06-14 12:00:00,896.0
KM DOROLONDA,BALIKPAPAN,2025-05-08 03:00:00,2025-06-15 00:00:00,2025-06-15 02:00:00,0.0
KM NGGAPULU,BITUNG,2025-05-08 03:00:00,2025-06-14 16:00:00,2025-06-15 10:00:00,0.0
KM CIREMAI,MAKASSAR,2025-05-08 05:00:00,2025-06-14 12:00:00,2025-06-14 15:00:00,4.0
KM SANGIANG,SANANA,2025-05-08 06:00:00,2025-06-15 04:00:00,2025-06-15 06:00:00,0.0
KM JETLINER,WANCI,2025-05-08 07:00:00,2025-05-08 07:00:00,2025-05-08 09:00:00,0.0
KM GUNUNG DEMPO,SURABAYA,2025-05-08 10:00:00,2025-06-17 04:00:00,2025-06-17 08:00:00,0.0
KM AWU,ENDE,2025-05-08 10:00:00,2025-06-14 21:00:00,2025-06-14 23:00:00,0.0
KM SIRIMAU,KUPANG,2025-05-08 11:00:00,2025-05-08 11:00:00,2025-05-08 17:00:00,0.0
KM PANGRANGO,AMBON,2025-05-08 12:00:00,2025-06-14 23:00:00,2025-06-16 03:00:00,899.0
KM PANGRANGO,AMBON,2025-05-08 12:00:00,2025-06-16 03:00:00,2025-06-16 03:00:00,0.0
KM LEUSER,TIMIKA,2025-05-08 13:00:00,2025-05-08 13:00:00,2025-05-08 15:00:00,0.0
KM TATAMAILAU,AGATS,2025-05-08 14:00:00,2025-05-08 14:00:00,2025-05-08 16:00:00,0.0
KM BK SIGUNTANG,PARE-PARE,2025-05-08 14:00:00,2025-06-14 20:00:00,2025-06-15 00:00:00,894.0
KM LAWIT,SURABAYA,2025-05-08 14:00:00,2025-06-17 08:00:00,2025-06-17 11:00:00,954.0
KM EGON,BONTANG,2025-05-08 15:00:00,2025-06-14 20:00:00,2025-06-14 23:00:00,0.0
KM SINABUNG,SORONG,2025-05-08 16:00:00,2025-05-08 16:00:00,2025-05-08 18:00:00,0.0
KM DOROLONDA,PANTOLOAN,2025-05-08 18:00:00,2025-06-15 02:00:00,2025-06-15 04:00:00,0.0
KM TILONGKABILA,GORONTALO,2025-05-08 18:00:00,2025-05-08 18:00:00,2025-05-08 20:00:00,0.0
KM KELUD,TANJUNG PRIOK,2025-05-08 21:00:00,2025-06-17 06:00:00,2025-06-17 06:00:00,10.0
KM KELUD,TANJUNG PRIOK,2025-05-08 21:00:00,2025-06-17 06:00:00,2025-06-18 00:00:00,0.0
KM JETLINER,KENDARI,2025-05-08 22:00:00,2025-05-08 22:00:00,2025-05-09 17:00:00,0.0
KM BK RAYA,SURABAYA,2025-05-08 22:00:00,2025-06-17 11:00:00,2025-06-17 15:00:00,31.0
KM BK SIGUNTANG,MAKASSAR,2025-05-08 23:00:00,2025-06-15 00:00:00,2025-06-15 03:00:00,0.0
KM BINAIYA,LABUAN BAJO,2025-05-08 23:00:00,2025-06-14 12:00:00,2025-06-14 14:00:00,0.0
KM LABOBAR,MAKASSAR,2025-05-09 00:00:00,2025-06-16 21:00:00,2025-06-17 00:00:00,0.0
KM WILIS,MAKASSAR,2025-05-09 00:00:00,2025-06-17 00:00:00,2025-06-17 08:00:00,28.0
KM AWU,KUPANG,2025-05-09 01:00:00,2025-06-14 23:00:00,2025-06-15 03:00:00,0.0
KM KELIMUTU,PONTIANAK,2025-05-09 01:00:00,2025-06-16 04:00:00,2025-06-16 07:00:00,37.0
KM LEUSER,AGATS,2025-05-09 03:00:00,2025-05-09 03:00:00,2025-05-09 05:00:00,0.0
KM TIDAR,KIJANG,2025-05-09 03:00:00,2025-06-17 06:00:00,2025-06-17 22:00:00,0.0
KM TIDAR,KIJANG,2025-05-09 03:00:00,2025-06-17 22:00:00,2025-06-17 22:00:00,0.0
KM SANGIANG,BACAN,2025-05-09 05:00:00,2025-06-15 06:00:00,2025-06-15 08:00:00,0.0
KM SIRIMAU,LEWOLEBA,2025-05-09 06:00:00,2025-05-09 06:00:00,2025-05-09 08:00:00,0.0
KM NGGAPULU,JAILOLO,2025-05-09 07:00:00,2025-06-15 10:00:00,2025-06-15 12:00:00,0.0
KM TILONGKABILA,LUWUK,2025-05-09 07:00:00,2025-05-09 07:00:00,2025-05-09 09:00:00,0.0
KM BINAIYA,BIMA,2025-05-09 09:00:00,2025-06-14 18:00:00,2025-06-14 19:00:00,4.0
KM NGGAPULU,TERNATE,2025-05-09 11:00:00,2025-06-15 12:00:00,2025-06-15 14:00:00,0.0
KM GUNUNG DEMPO,MAKASSAR,2025-05-09 16:00:00,2025-06-17 08:00:00,2025-06-17 11:00:00,0.0
KM CIREMAI,SURABAYA,2025-05-09 16:00:00,2025-06-17 15:00:00,2025-06-17 17:00:00,72.0
KM DOBONSOLO,BAU-BAU,2025-05-09 16:00:00,2025-06-14 08:00:00,2025-06-14 10:00:00,856.0
KM AWU,KALABAHI,2025-05-09 18:00:00,2025-06-15 03:00:00,2025-06-15 14:00:00,0.0
KM LABOBAR,BAU-BAU,2025-05-09 19:00:00,2025-06-17 00:00:00,2025-06-17 02:00:00,0.0
KM SANGIANG,TERNATE,2025-05-09 19:00:00,2025-06-15 14:00:00,2025-06-15 16:00:00,6.0
KM EGON,PARE-PARE,2025-05-09 19:00:00,2025-06-15 00:00:00,2025-06-15 04:00:00,1.0
KM BK SIGUNTANG,MAUMERE,2025-05-09 20:00:00,2025-06-15 03:00:00,2025-06-15 05:00:00,0.0
KM LAWIT,KUMAI,2025-05-09 21:00:00,2025-06-17 11:00:00,2025-06-17 11:00:00,0.0
KM LAWIT,KUMAI,2025-05-09 21:00:00,2025-06-17 11:00:00,2025-06-17 14:00:00,0.0
KM SIRIMAU,MAUMERE,2025-05-09 23:00:00,2025-06-15 05:00:00,2025-06-15 08:00:00,870.0
KM DOROLONDA,BITUNG,2025-05-10 00:00:00,2025-06-15 10:00:00,2025-06-15 12:00:00,6.0
KM KELIMUTU,TANJUNG PANDAN,2025-05-10 01:00:00,2025-06-16 07:00:00,2025-06-16 08:00:00,0.0
KM TILONGKABILA,KENDARI,2025-05-10 03:00:00,2025-05-10 03:00:00,2025-05-10 07:00:00,0.0
KM BK SIGUNTANG,LEWOLEBA,2025-05-10 04:00:00,2025-06-15 05:00:00,2025-06-15 07:00:00,0.0
KM JETLINER,WANCI,2025-05-10 06:00:00,2025-05-10 06:00:00,2025-05-10 08:00:00,0.0
KM PANGRANGO,BANDA,2025-05-10 06:00:00,2025-06-16 03:00:00,2025-06-17 13:00:00,0.0
KM WILIS,LABUAN BAJO,2025-05-10 08:00:00,2025-06-17 08:00:00,2025-06-17 09:00:00,0.0
KM BINAIYA,BENOA,2025-05-10 09:00:00,2025-06-14 19:00:00,2025-06-15 00:00:00,0.0
KM NGGAPULU,AMBON,2025-05-10 10:00:00,2025-06-16 03:00:00,2025-06-16 06:00:00,13.0
KM DOBONSOLO,MAKASSAR,2025-05-10 11:00:00,2025-06-17 11:00:00,2025-06-17 14:00:00,73.0
KM DOROLONDA,TERNATE,2025-05-10 12:00:00,2025-06-15 16:00:00,2025-06-15 18:00:00,4.0
KM SINABUNG,BAU-BAU,2025-05-10 12:00:00,2025-06-17 02:00:00,2025-06-17 04:00:00,902.0
KM BK SIGUNTANG,KUPANG,2025-05-10 13:00:00,2025-06-15 07:00:00,2025-06-15 12:00:00,0.0
KM TILONGKABILA,RAHA,2025-05-10 14:00:00,2025-05-10 14:00:00,2025-05-10 15:00:00,0.0
KM TATAMAILAU,MERAUKE,2025-05-10 14:00:00,2025-05-10 14:00:00,2025-05-11 00:00:00,0.0
KM SANGIANG,BITUNG,2025-05-10 17:00:00,2025-06-15 16:00:00,2025-06-15 21:00:00,0.0
KM SANGIANG,BITUNG,2025-05-10 17:00:00,2025-06-15 21:00:00,2025-06-15 21:00:00,0.0
KM WILIS,BIMA,2025-05-10 18:00:00,2025-06-17 09:00:00,2025-06-17 10:00:00,0.0
KM AWU,KUPANG,2025-05-10 18:00:00,2025-06-15 14:00:00,2025-06-15 18:00:00,0.0
KM NGGAPULU,NAMLEA,2025-05-10 18:00:00,2025-06-16 06:00:00,2025-06-16 08:00:00,0.0
KM TILONGKABILA,BAU-BAU,2025-05-10 20:00:00,2025-06-17 04:00:00,2025-06-17 06:00:00,896.0
KM CIREMAI,TANJUNG PRIOK,2025-05-10 21:00:00,2025-06-18 00:00:00,2025-06-18 00:00:00,7.0
KM CIREMAI,TANJUNG PRIOK,2025-05-10 21:00:00,2025-06-18 00:00:00,2025-06-18 10:00:00,0.0
KM JETLINER,KENDARI,2025-05-10 21:00:00,2025-05-10 21:00:00,2025-05-10 21:00:00,0.0
KM JETLINER,KENDARI,2025-05-10 21:00:00,2025-05-10 21:00:00,2025-05-11 07:00:00,0.0
KM KELIMUTU,TANJUNG PRIOK,2025-05-10 21:00:00,2025-06-18 10:00:00,2025-06-19 08:00:00,50.0
KM KELIMUTU,TANJUNG PRIOK,2025-05-10 21:00:00,2025-06-19 08:00:00,2025-06-19 08:00:00,0.0
KM LABOBAR,AMBON,2025-05-10 22:00:00,2025-06-17 02:00:00,2025-06-17 05:00:00,0.0
KM SIRIMAU,BAU-BAU,2025-05-10 22:00:00,2025-06-17 06:00:00,2025-06-17 10:00:00,46.0
KM KELUD,BATAM,2025-05-10 23:00:00,2025-06-18 00:00:00,2025-06-18 07:00:00,0.0
KM DOROLONDA,BITUNG,2025-05-10 23:00:00,2025-06-15 21:00:00,2025-06-15 23:00:00,3.0
KM EGON,BONTANG,2025-05-10 23:00:00,2025-06-15 04:00:00,2025-06-15 07:00:00,0.0
KM LEUSER,MERAUKE,2025-05-11 01:00:00,2025-05-11 01:00:00,2025-05-12 00:00:00,0.0
KM BK SIGUNTANG,LEWOLEBA,2025-05-11 01:00:00,2025-06-15 12:00:00,2025-06-15 14:00:00,0.0
KM BK RAYA,PONTIANAK,2025-05-11 03:00:00,2025-06-17 15:00:00,2025-06-17 16:00:00,0.0
KM LAWIT,SURABAYA,2025-05-11 04:00:00,2025-06-17 17:00:00,2025-06-17 23:00:00,3.0
KM WILIS,WAIKELO,2025-05-11 06:00:00,2025-06-17 10:00:00,2025-06-17 11:00:00,0.0
KM TIDAR,TANJUNG PRIOK,2025-05-11 07:00:00,2025-06-19 08:00:00,2025-06-19 14:00:00,34.0
KM SINABUNG,MAKASSAR,2025-05-11 07:00:00,2025-06-17 14:00:00,2025-06-17 16:00:00,10.0
KM LABOBAR,BANDA,2025-05-11 09:00:00,2025-06-17 13:00:00,2025-06-17 15:00:00,8.0
KM KELUD,TANJUNG BALAI KARIMUN,2025-05-11 09:00:00,2025-06-18 07:00:00,2025-06-18 08:00:00,0.0
KM BK SIGUNTANG,MAUMERE,2025-05-11 09:00:00,2025-06-15 14:00:00,2025-06-15 16:00:00,0.0
KM AWU,ENDE,2025-05-11 11:00:00,2025-06-15 18:00:00,2025-06-15 20:00:00,0.0
KM WILIS,WAINGAPU,2025-05-11 16:00:00,2025-06-17 11:00:00,2025-06-17 15:00:00,0.0
KM BINAIYA,LABUAN BAJO,2025-05-11 17:00:00,2025-06-17 09:00:00,2025-06-17 12:00:00,57.0
KM BK RAYA,SERASAN,2025-05-11 18:00:00,2025-06-17 16:00:00,2025-06-17 18:00:00,0.0
KM GUNUNG DEMPO,SORONG,2025-05-11 19:00:00,2025-06-17 11:00:00,2025-06-17 14:00:00,0.0
KM TILONGKABILA,MAKASSAR,2025-05-11 20:00:00,2025-06-17 16:00:00,2025-06-17 21:00:00,10.0
KM SANGIANG,TERNATE,2025-05-11 20:00:00,2025-06-15 21:00:00,2025-06-15 23:00:00,0.0
KM JETLINER,WANCI,2025-05-11 20:00:00,2025-05-11 20:00:00,2025-05-11 22:00:00,0.0
KM NGGAPULU,BAU-BAU,2025-05-11 21:00:00,2025-06-17 10:00:00,2025-06-17 12:00:00,26.0
KM AWU,WAINGAPU,2025-05-11 22:00:00,2025-06-17 15:00:00,2025-06-17 18:00:00,43.0
KM DOBONSOLO,SURABAYA,2025-05-11 22:00:00,2025-06-17 23:00:00,2025-06-18 01:00:00,9.0
KM LABOBAR,TUAL,2025-05-12 00:00:00,2025-06-17 15:00:00,2025-06-17 18:00:00,0.0
KM SIRIMAU,MAKASSAR,2025-05-12 01:00:00,2025-06-17 21:00:00,2025-06-18 00:00:00,11.0
KM BK RAYA,MIDAI,2025-05-12 04:00:00,2025-06-17 18:00:00,2025-06-17 19:00:00,0.0
KM EGON,PARE-PARE,2025-05-12 04:00:00,2025-06-15 07:00:00,2025-06-15 10:00:00,0.0
KM BK SIGUNTANG,MAKASSAR,2025-05-12 05:00:00,2025-06-18 00:00:00,2025-06-18 06:00:00,56.0
KM DOROLONDA,PANTOLOAN,2025-05-12 06:00:00,2025-06-15 23:00:00,2025-06-16 01:00:00,0.0
KM PANGRANGO,AMBON,2025-05-12 06:00:00,2025-06-17 13:00:00,2025-06-18 03:00:00,0.0
KM WILIS,ENDE,2025-05-12 07:00:00,2025-06-17 15:00:00,2025-06-17 17:00:00,0.0
KM KELUD,BELAWAN,2025-05-12 09:00:00,2025-06-18 08:00:00,2025-06-19 09:00:00,0.0
KM BK RAYA,NATUNA,2025-05-12 09:00:00,2025-06-17 19:00:00,2025-06-17 21:00:00,0.0
KM CIREMAI,SURABAYA,2025-05-12 10:00:00,2025-06-18 10:00:00,2025-06-18 14:00:00,0.0
KM LABOBAR,DOBO,2025-05-12 10:00:00,2025-06-17 18:00:00,2025-06-17 21:00:00,0.0
KM GUNUNG DEMPO,MANOKWARI,2025-05-12 10:00:00,2025-06-17 14:00:00,2025-06-17 16:00:00,0.0
KM JETLINER,KENDARI,2025-05-12 11:00:00,2025-05-12 11:00:00,2025-05-12 17:00:00,0.0
KM SANGIANG,BACAN,2025-05-12 12:00:00,2025-06-15 23:00:00,2025-06-16 01:00:00,0.0
KM KELIMUTU,TANJUNG PANDAN,2025-05-12 14:00:00,2025-06-19 08:00:00,2025-06-19 10:00:00,0.0
KM NGGAPULU,MAKASSAR,2025-05-12 14:00:00,2025-06-18 06:00:00,2025-06-18 09:00:00,18.0
KM LAWIT,BENOA,2025-05-12 15:00:00,2025-06-17 23:00:00,2025-06-18 03:00:00,0.0
KM AWU,BIMA,2025-05-12 15:00:00,2025-06-17 18:00:00,2025-06-17 20:00:00,0.0
KM TATAMAILAU,AGATS,2025-05-12 16:00:00,2025-05-12 16:00:00,2025-05-12 20:00:00,0.0
KM BK SIGUNTANG,PARE-PARE,2025-05-12 16:00:00,2025-06-18 06:00:00,2025-06-18 10:00:00,0.0
KM SINABUNG,SURABAYA,2025-05-12 17:00:00,2025-06-18 14:00:00,2025-06-18 14:00:00,22.0
KM TIDAR,SURABAYA,2025-05-12 18:00:00,2025-06-19 14:00:00,2025-06-19 17:00:00,0.0
KM GUNUNG DEMPO,WASIOR,2025-05-12 19:00:00,2025-06-17 16:00:00,2025-06-17 17:00:00,0.0
KM SINABUNG,SURABAYA,2025-05-12 19:00:00,2025-06-19 17:00:00,2025-06-19 17:00:00,27.0
KM TILONGKABILA,LABUAN BAJO,2025-05-12 19:00:00,2025-06-17 21:00:00,2025-06-17 23:00:00,0.0
KM DOROLONDA,BALIKPAPAN,2025-05-12 20:00:00,2025-06-16 01:00:00,2025-06-16 03:00:00,0.0
KM BK RAYA,TAREMPA,2025-05-12 22:00:00,2025-06-17 21:00:00,2025-06-17 22:00:00,0.0
KM LABOBAR,KAIMANA,2025-05-12 22:00:00,2025-06-17 21:00:00,2025-06-17 23:00:00,0.0
KM BINAIYA,BENOA,2025-05-12 23:00:00,2025-06-18 03:00:00,2025-06-18 06:00:00,15.0
KM WILIS,KUPANG,2025-05-13 01:00:00,2025-06-17 17:00:00,2025-06-18 01:00:00,0.0
KM GUNUNG DEMPO,NABIRE,2025-05-13 03:00:00,2025-06-17 17:00:00,2025-06-17 19:00:00,0.0
KM DOBONSOLO,TANJUNG PRIOK,2025-05-13 03:00:00,2025-06-19 14:00:00,2025-06-20 04:00:00,37.0
KM DOBONSOLO,TANJUNG PRIOK,2025-05-13 03:00:00,2025-06-20 04:00:00,2025-06-20 04:00:00,0.0
KM BK RAYA,LETUNG,2025-05-13 03:00:00,2025-06-17 22:00:00,2025-06-17 23:00:00,0.0
KM TILONGKABILA,BIMA,2025-05-13 04:00:00,2025-06-17 23:00:00,2025-06-18 01:00:00,0.0
KM EGON,BATULICIN,2025-05-13 05:00:00,2025-06-15 20:00:00,2025-06-16 01:00:00,10.0
KM PANGRANGO,NAMROLE,2025-05-13 06:00:00,2025-06-18 03:00:00,2025-06-18 05:00:00,0.0
KM JETLINER,WANCI,2025-05-13 06:00:00,2025-05-13 06:00:00,2025-05-13 08:00:00,0.0
KM TATAMAILAU,TIMIKA,2025-05-13 07:00:00,2025-05-13 07:00:00,2025-05-13 09:00:00,0.0
KM LABOBAR,FAK-FAK,2025-05-13 10:00:00,2025-06-17 23:00:00,2025-06-18 02:00:00,0.0
KM BK SIGUNTANG,BALIKPAPAN,2025-05-13 12:00:00,2025-06-18 10:00:00,2025-06-18 12:00:00,0.0
KM SANGIANG,SANANA,2025-05-13 14:00:00,2025-06-16 01:00:00,2025-06-16 03:00:00,0.0
KM AWU,BENOA,2025-05-13 14:00:00,2025-06-18 06:00:00,2025-06-18 10:00:00,10.0
KM LAWIT,BIMA,2025-05-13 17:00:00,2025-06-18 03:00:00,2025-06-18 05:00:00,0.0
KM KELIMUTU,PONTIANAK,2025-05-13 17:00:00,2025-06-19 10:00:00,2025-06-19 12:00:00,0.0
KM LEUSER,AGATS,2025-05-13 17:00:00,2025-05-13 17:00:00,2025-05-13 20:00:00,0.0
KM BK RAYA,KIJANG,2025-05-13 18:00:00,2025-06-17 23:00:00,2025-06-18 02:00:00,0.0
KM PANGRANGO,AMBON,2025-05-13 18:00:00,2025-06-18 05:00:00,2025-06-18 11:00:00,0.0
KM SINABUNG,MAKASSAR,2025-05-13 21:00:00,2025-06-19 17:00:00,2025-06-19 17:00:00,0.0
KM CIREMAI,MAKASSAR,2025-05-13 21:00:00,2025-06-19 17:00:00,2025-06-19 22:00:00,27.0
KM JETLINER,KENDARI,2025-05-13 21:00:00,2025-05-13 21:00:00,2025-05-13 23:00:00,0.0
KM LABOBAR,KAIMANA,2025-05-13 23:00:00,2025-06-18 02:00:00,2025-06-18 04:00:00,0.0
KM NGGAPULU,SURABAYA,2025-05-13 23:00:00,2025-06-19 17:00:00,2025-06-19 20:00:00,32.0
KM TILONGKABILA,LEMBAR,2025-05-14 00:00:00,2025-06-18 01:00:00,2025-06-18 03:00:00,0.0
KM WILIS,KALABAHI,2025-05-14 02:00:00,2025-06-18 01:00:00,2025-06-18 13:00:00,0.0
KM SIRIMAU,SURABAYA,2025-05-14 02:00:00,2025-06-19 20:00:00,2025-06-19 22:00:00,44.0
KM GUNUNG DEMPO,JAYAPURA,2025-05-14 03:00:00,2025-06-17 19:00:00,2025-06-18 01:00:00,0.0
KM DOROLONDA,SURABAYA,2025-05-14 04:00:00,2025-06-19 22:00:00,2025-06-19 22:00:00,91.0
KM TIDAR,MAKASSAR,2025-05-14 04:00:00,2025-06-19 22:00:00,2025-06-20 01:00:00,5.0
KM DOROLONDA,SURABAYA,2025-05-14 04:00:00,2025-06-19 22:00:00,2025-06-20 07:00:00,0.0
KM SANGIANG,NAMLEA,2025-05-14 07:00:00,2025-06-16 08:00:00,2025-06-16 10:00:00,5.0
KM JETLINER,RAHA,2025-05-14 07:00:00,2025-05-14 07:00:00,2025-05-14 08:00:00,0.0
KM BINAIYA,SURABAYA,2025-05-14 08:00:00,2025-06-20 07:00:00,2025-06-20 12:00:00,49.0
KM TILONGKABILA,BENOA,2025-05-14 08:00:00,2025-06-18 10:00:00,2025-06-18 10:00:00,7.0
KM TILONGKABILA,BENOA,2025-05-14 08:00:00,2025-06-18 10:00:00,2025-06-19 11:00:00,0.0
KM TATAMAILAU,TUAL,2025-05-14 08:00:00,2025-06-17 18:00:00,2025-06-17 20:00:00,826.0
KM KELUD,TANJUNG BALAI KARIMUN,2025-05-14 08:00:00,2025-06-19 09:00:00,2025-06-19 10:00:00,0.0
KM LABOBAR,DOBO,2025-05-14 10:00:00,2025-06-18 04:00:00,2025-06-18 06:00:00,0.0
KM LAWIT,WAINGAPU,2025-05-14 10:00:00,2025-06-18 05:00:00,2025-06-18 08:00:00,0.0
KM LEUSER,TIMIKA,2025-05-14 11:00:00,2025-05-14 11:00:00,2025-05-14 13:00:00,0.0
KM SINABUNG,BAU-BAU,2025-05-14 11:00:00,2025-06-19 17:00:00,2025-06-19 17:00:00,0.0
KM KELUD,BATAM,2025-05-14 12:00:00,2025-06-19 10:00:00,2025-06-19 14:00:00,0.0
KM BK RAYA,BLINYU,2025-05-14 13:00:00,2025-06-18 02:00:00,2025-06-18 03:00:00,0.0
KM PANGRANGO,BANDA,2025-05-14 14:00:00,2025-06-18 11:00:00,2025-06-18 13:00:00,0.0
KM BK SIGUNTANG,TARAKAN,2025-05-14 14:00:00,2025-06-18 12:00:00,2025-06-18 16:00:00,0.0
KM EGON,SURABAYA,2025-05-14 14:00:00,2025-06-20 12:00:00,2025-06-20 17:00:00,107.0
KM JETLINER,KENDARI,2025-05-14 16:00:00,2025-05-14 16:00:00,2025-05-14 18:00:00,0.0
KM CIREMAI,BAU-BAU,2025-05-14 18:00:00,2025-06-19 22:00:00,2025-06-20 01:00:00,0.0
KM DOBONSOLO,SURABAYA,2025-05-14 19:00:00,2025-06-20 17:00:00,2025-06-20 20:00:00,13.0
KM LABOBAR,TUAL,2025-05-14 19:00:00,2025-06-18 06:00:00,2025-06-18 08:00:00,0.0
KM SANGIANG,AMBON,2025-05-14 20:00:00,2025-06-18 11:00:00,2025-06-18 15:00:00,49.0
KM AWU,SURABAYA,2025-05-14 22:00:00,2025-06-20 20:00:00,2025-06-21 00:00:00,58.0
KM TATAMAILAU,KAIMANA,2025-05-14 23:00:00,2025-06-18 04:00:00,2025-06-18 05:00:00,8.0
KM LAWIT,ENDE,2025-05-14 23:00:00,2025-06-18 08:00:00,2025-06-18 10:00:00,0.0
KM BK SIGUNTANG,NUNUKAN,2025-05-15 00:00:00,2025-06-18 16:00:00,2025-06-18 18:00:00,0.0
KM TIDAR,BAU-BAU,2025-05-15 00:00:00,2025-06-20 01:00:00,2025-06-20 04:00:00,0.0
KM NGGAPULU,TANJUNG PRIOK,2025-05-15 03:00:00,2025-06-20 04:00:00,2025-06-20 16:00:00,8.0
KM NGGAPULU,TANJUNG PRIOK,2025-05-15 03:00:00,2025-06-20 16:00:00,2025-06-20 16:00:00,0.0
KM WILIS,KUPANG,2025-05-15 06:00:00,2025-06-18 13:00:00,2025-06-18 21:00:00,0.0
KM JETLINER,WANCI,2025-05-15 07:00:00,2025-05-15 07:00:00,2025-05-15 09:00:00,0.0
KM GUNUNG DEMPO,NABIRE,2025-05-15 08:00:00,2025-06-18 01:00:00,2025-06-18 03:00:00,0.0
KM LEUSER,DOBO,2025-05-15 08:00:00,2025-06-18 06:00:00,2025-06-18 08:00:00,814.0
KM LABOBAR,BANDA,2025-05-15 09:00:00,2025-06-18 13:00:00,2025-06-18 16:00:00,5.0
KM KELIMUTU,SEMARANG,2025-05-15 13:00:00,2025-06-19 12:00:00,2025-06-20 03:00:00,0.0
KM TATAMAILAU,FAK-FAK,2025-05-15 13:00:00,2025-06-18 05:00:00,2025-06-18 06:00:00,0.0
KM TILONGKABILA,LEMBAR,2025-05-15 15:00:00,2025-06-19 11:00:00,2025-06-19 13:00:00,0.0
KM BINAIYA,CIREBON,2025-05-15 15:00:00,2025-06-20 12:00:00,2025-06-20 12:00:00,0.0
KM SANGIANG,BANDA,2025-05-15 17:00:00,2025-06-18 16:00:00,2025-06-18 18:00:00,1.0
KM TIDAR,MAUMERE,2025-05-15 17:00:00,2025-06-20 04:00:00,2025-06-20 06:00:00,0.0
KM GUNUNG DEMPO,WASIOR,2025-05-15 17:00:00,2025-06-18 03:00:00,2025-06-18 04:00:00,0.0
KM DOROLONDA,MAKASSAR,2025-05-15 17:00:00,2025-06-20 07:00:00,2025-06-20 10:00:00,0.0
KM BK RAYA,TANJUNG PRIOK,2025-05-15 18:00:00,2025-06-20 16:00:00,2025-06-21 00:00:00,61.0
KM BK RAYA,TANJUNG PRIOK,2025-05-15 18:00:00,2025-06-21 00:00:00,2025-06-21 00:00:00,0.0
KM LABOBAR,AMBON,2025-05-15 18:00:00,2025-06-18 16:00:00,2025-06-18 18:00:00,0.0
KM PANGRANGO,SAUMLAKI,2025-05-15 19:00:00,2025-06-18 13:00:00,2025-06-18 18:00:00,0.0
KM EGON,LEMBAR,2025-05-15 19:00:00,2025-06-20 17:00:00,2025-06-20 22:00:00,0.0
KM SIRIMAU,TANJUNG PRIOK,2025-05-15 20:00:00,2025-06-21 00:00:00,2025-06-21 00:00:00,26.0
KM LEUSER,TUAL,2025-05-15 20:00:00,2025-06-18 08:00:00,2025-06-18 12:00:00,0.0
KM LAWIT,KALABAHI,2025-05-15 20:00:00,2025-06-18 13:00:00,2025-06-18 15:00:00,3.0
KM KELUD,TANJUNG PRIOK,2025-05-15 22:00:00,2025-06-21 00:00:00,2025-06-21 00:00:00,34.0
KM KELUD,TANJUNG PRIOK,2025-05-15 22:00:00,2025-06-21 00:00:00,2025-06-21 23:00:00,0.0
KM JETLINER,KENDARI,2025-05-15 22:00:00,2025-05-15 22:00:00,2025-05-16 17:00:00,0.0
KM CIREMAI,AMBON,2025-05-16 00:00:00,2025-06-20 01:00:00,2025-06-20 04:00:00,0.0
KM TIDAR,LARANTUKA,2025-05-16 01:00:00,2025-06-20 06:00:00,2025-06-20 08:00:00,0.0
KM GUNUNG DEMPO,MANOKWARI,2025-05-16 01:00:00,2025-06-18 04:00:00,2025-06-18 06:00:00,0.0
KM DOBONSOLO,MAKASSAR,2025-05-16 03:00:00,2025-06-20 20:00:00,2025-06-20 23:00:00,0.0
KM BK SIGUNTANG,BALIKPAPAN,2025-05-16 05:00:00,2025-06-18 18:00:00,2025-06-18 20:00:00,0.0
KM SANGIANG,GESER,2025-05-16 05:00:00,2025-06-18 18:00:00,2025-06-18 19:00:00,0.0
KM AWU,KUMAI,2025-05-16 06:00:00,2025-06-21 00:00:00,2025-06-21 09:00:00,0.0
KM TATAMAILAU,SORONG,2025-05-16 06:00:00,2025-06-18 06:00:00,2025-06-18 08:00:00,0.0
KM TIDAR,LEWOLEBA,2025-05-16 06:00:00,2025-06-20 08:00:00,2025-06-20 09:00:00,0.0
KM AWU,KUMAI,2025-05-16 06:00:00,2025-06-21 09:00:00,2025-06-21 09:00:00,0.0
KM WILIS,ENDE,2025-05-16 06:00:00,2025-06-18 21:00:00,2025-06-18 23:00:00,0.0
KM DOROLONDA,BAU-BAU,2025-05-16 10:00:00,2025-06-20 10:00:00,2025-06-20 12:00:00,0.0
KM TILONGKABILA,BIMA,2025-05-16 11:00:00,2025-06-19 13:00:00,2025-06-19 17:00:00,0.0
KM LAWIT,KUPANG,2025-05-16 11:00:00,2025-06-18 21:00:00,2025-06-19 01:00:00,6.0
KM SINABUNG,SORONG,2025-05-16 14:00:00,2025-06-19 17:00:00,2025-06-19 17:00:00,0.0
KM TIDAR,KUPANG,2025-05-16 15:00:00,2025-06-20 09:00:00,2025-06-20 13:00:00,0.0
KM GUNUNG DEMPO,SORONG,2025-05-16 15:00:00,2025-06-19 17:00:00,2025-06-19 19:00:00,35.0
KM NGGAPULU,SURABAYA,2025-05-16 17:00:00,2025-06-21 00:00:00,2025-06-21 04:00:00,8.0
KM LEUSER,SAUMLAKI,2025-05-16 18:00:00,2025-06-18 18:00:00,2025-06-18 20:00:00,6.0
KM SANGIANG,FAK-FAK,2025-05-16 18:00:00,2025-06-18 19:00:00,2025-06-18 22:00:00,0.0
KM LABOBAR,BAU-BAU,2025-05-16 19:00:00,2025-06-20 12:00:00,2025-06-20 14:00:00,42.0
KM WILIS,WAINGAPU,2025-05-16 19:00:00,2025-06-18 23:00:00,2025-06-19 01:00:00,0.0
KM DOBONSOLO,BAU-BAU,2025-05-16 20:00:00,2025-06-20 23:00:00,2025-06-21 01:00:00,0.0
KM LAWIT,ROTE,2025-05-16 20:00:00,2025-06-19 01:00:00,2025-06-19 03:00:00,0.0
KM TILONGKABILA,LABUAN BAJO,2025-05-16 22:00:00,2025-06-19 17:00:00,2025-06-19 19:00:00,0.0
KM BK SIGUNTANG,PARE-PARE,2025-05-16 23:00:00,2025-06-18 20:00:00,2025-06-18 23:00:00,0.0
KM CIREMAI,SORONG,2025-05-17 02:00:00,2025-06-20 04:00:00,2025-06-20 07:00:00,0.0
KM EGON,WAINGAPU,2025-05-17 03:00:00,2025-06-20 22:00:00,2025-06-21 11:00:00,0.0
KM EGON,WAINGAPU,2025-05-17 03:00:00,2025-06-21 11:00:00,2025-06-21 11:00:00,0.0
KM LAWIT,KUPANG,2025-05-17 03:00:00,2025-06-20 13:00:00,2025-06-20 17:00:00,34.0
KM TIDAR,LEWOLEBA,2025-05-17 03:00:00,2025-06-20 13:00:00,2025-06-20 14:00:00,0.0
KM KELIMUTU,KUMAI,2025-05-17 04:00:00,2025-06-21 09:00:00,2025-06-21 11:00:00,30.0
KM PANGRANGO,BANDA,2025-05-17 05:00:00,2025-06-18 18:00:00,2025-06-18 20:00:00,0.0
KM JETLINER,WANCI,2025-05-17 06:00:00,2025-05-17 06:00:00,2025-05-17 08:00:00,0.0
KM BK RAYA,BLINYU,2025-05-17 06:00:00,2025-06-21 00:00:00,2025-06-21 01:00:00,0.0
KM WILIS,WAIKELO,2025-05-17 06:00:00,2025-06-19 01:00:00,2025-06-19 02:00:00,0.0
KM BK SIGUNTANG,MAKASSAR,2025-05-17 07:00:00,2025-06-20 23:00:00,2025-06-20 23:00:00,48.0
KM BK SIGUNTANG,MAKASSAR,2025-05-17 07:00:00,2025-06-20 23:00:00,2025-06-21 18:00:00,0.0
KM TIDAR,LARANTUKA,2025-05-17 07:00:00,2025-06-20 14:00:00,2025-06-20 16:00:00,0.0
KM SANGIANG,GESER,2025-05-17 10:00:00,2025-06-18 22:00:00,2025-06-18 23:00:00,0.0
KM TATAMAILAU,BITUNG,2025-05-17 11:00:00,2025-06-18 08:00:00,2025-06-18 16:00:00,0.0
KM LABOBAR,MAKASSAR,2025-05-17 11:00:00,2025-06-21 18:00:00,2025-06-21 20:00:00,28.0
KM DOROLONDA,NAMLEA,2025-05-17 12:00:00,2025-06-20 12:00:00,2025-06-20 14:00:00,0.0
KM TATAMAILAU,TIDORE,2025-05-17 13:00:00,2025-06-18 16:00:00,2025-06-18 17:00:00,0.0
KM TIDAR,MAUMERE,2025-05-17 15:00:00,2025-06-20 16:00:00,2025-06-20 18:00:00,0.0
KM WILIS,BIMA,2025-05-17 18:00:00,2025-06-19 17:00:00,2025-06-19 19:00:00,15.0
KM TILONGKABILA,MAKASSAR,2025-05-17 18:00:00,2025-06-21 20:00:00,2025-06-22 01:00:00,49.0
KM AWU,SURABAYA,2025-05-17 18:00:00,2025-06-21 09:00:00,2025-06-21 16:00:00,0.0
KM DOROLONDA,AMBON,2025-05-17 19:00:00,2025-06-20 14:00:00,2025-06-20 17:00:00,0.0
KM LAWIT,KALABAHI,2025-05-17 20:00:00,2025-06-20 17:00:00,2025-06-20 19:00:00,0.0
KM JETLINER,KENDARI,2025-05-17 21:00:00,2025-05-17 21:00:00,2025-05-17 21:00:00,0.0
KM PANGRANGO,AMBON,2025-05-17 21:00:00,2025-06-20 17:00:00,2025-06-21 13:00:00,45.0
KM SANGIANG,BANDA,2025-05-17 21:00:00,2025-06-18 23:00:00,2025-06-19 01:00:00,0.0
KM JETLINER,KENDARI,2025-05-17 21:00:00,2025-05-17 21:00:00,2025-05-18 07:00:00,0.0
KM BK RAYA,KIJANG,2025-05-17 22:00:00,2025-06-21 01:00:00,2025-06-21 04:00:00,0.0
KM TATAMAILAU,TERNATE,2025-05-17 23:00:00,2025-06-18 17:00:00,2025-06-18 18:00:00,0.0
KM TATAMAILAU,BITUNG,2025-05-18 03:00:00,2025-06-18 18:00:00,2025-06-18 18:00:00,0.0
KM LEUSER,AMBON,2025-05-18 04:00:00,2025-06-21 13:00:00,2025-06-21 16:00:00,65.0
KM NGGAPULU,MAKASSAR,2025-05-18 04:00:00,2025-06-22 01:00:00,2025-06-22 04:00:00,21.0
KM CIREMAI,SERUI,2025-05-18 05:00:00,2025-06-20 07:00:00,2025-06-20 09:00:00,0.0
KM KELUD,BATAM,2025-05-18 05:00:00,2025-06-21 23:00:00,2025-06-22 04:00:00,0.0
KM EGON,BIMA,2025-05-18 05:00:00,2025-06-21 11:00:00,2025-06-21 14:00:00,0.0
KM WILIS,LABUAN BAJO,2025-05-18 05:00:00,2025-06-19 19:00:00,2025-06-19 20:00:00,0.0
KM TIDAR,BAU-BAU,2025-05-18 06:00:00,2025-06-21 01:00:00,2025-06-21 04:00:00,7.0
KM BK SIGUNTANG,PARE-PARE,2025-05-18 07:00:00,2025-06-21 18:00:00,2025-06-21 22:00:00,0.0
KM KELIMUTU,SURABAYA,2025-05-18 08:00:00,2025-06-21 16:00:00,2025-06-21 19:00:00,5.0
KM DOBONSOLO,SORONG,2025-05-18 12:00:00,2025-06-21 01:00:00,2025-06-21 03:00:00,0.0
KM KELUD,TANJUNG BALAI KARIMUN,2025-05-18 13:00:00,2025-06-22 04:00:00,2025-06-22 05:00:00,0.0
KM BK RAYA,LETUNG,2025-05-18 14:00:00,2025-06-21 04:00:00,2025-06-21 05:00:00,0.0
KM LABOBAR,SURABAYA,2025-05-18 14:00:00,2025-06-21 20:00:00,2025-06-21 23:00:00,0.0
KM LEUSER,NAMROLE,2025-05-18 16:00:00,2025-06-21 16:00:00,2025-06-21 18:00:00,0.0
KM SINABUNG,BAU-BAU,2025-05-18 17:00:00,2025-06-21 04:00:00,2025-06-21 04:00:00,35.0
KM LAWIT,ENDE,2025-05-18 17:00:00,2025-06-20 19:00:00,2025-06-20 21:00:00,0.0
KM SANGIANG,AMBON,2025-05-18 17:00:00,2025-06-21 16:00:00,2025-06-21 19:00:00,63.0
KM GUNUNG DEMPO,MAKASSAR,2025-05-18 18:00:00,2025-06-22 04:00:00,2025-06-22 06:00:00,57.0
KM DOROLONDA,SORONG,2025-05-18 18:00:00,2025-06-21 03:00:00,2025-06-21 06:00:00,10.0
KM BK RAYA,TAREMPA,2025-05-18 19:00:00,2025-06-21 05:00:00,2025-06-21 07:00:00,0.0
KM TILONGKABILA,BAU-BAU,2025-05-18 20:00:00,2025-06-22 01:00:00,2025-06-22 03:00:00,0.0
KM JETLINER,WANCI,2025-05-18 20:00:00,2025-05-18 20:00:00,2025-05-18 22:00:00,0.0
KM NGGAPULU,BAU-BAU,2025-05-18 22:00:00,2025-06-22 04:00:00,2025-06-22 06:00:00,0.0
KM EGON,LEMBAR,2025-05-19 01:00:00,2025-06-21 14:00:00,2025-06-21 17:00:00,0.0
KM TATAMAILAU,AMBON,2025-05-19 01:00:00,2025-06-21 19:00:00,2025-06-21 21:00:00,73.0
KM TIDAR,MAKASSAR,2025-05-19 02:00:00,2025-06-22 06:00:00,2025-06-22 10:00:00,26.0
KM TILONGKABILA,RAHA,2025-05-19 02:00:00,2025-06-22 03:00:00,2025-06-22 05:00:00,0.0
KM BK SIGUNTANG,BALIKPAPAN,2025-05-19 02:00:00,2025-06-21 22:00:00,2025-06-22 00:00:00,0.0
KM AWU,BENOA,2025-05-19 04:00:00,2025-06-21 16:00:00,2025-06-21 22:00:00,0.0
KM DOBONSOLO,MANOKWARI,2025-05-19 04:00:00,2025-06-21 03:00:00,2025-06-21 05:00:00,0.0
KM CIREMAI,JAYAPURA,2025-05-19 05:00:00,2025-06-20 09:00:00,2025-06-20 15:00:00,0.0
KM LAWIT,WAINGAPU,2025-05-19 05:00:00,2025-06-21 11:00:00,2025-06-21 14:00:00,14.0
KM WILIS,MAKASSAR,2025-05-19 06:00:00,2025-06-22 10:00:00,2025-06-22 13:00:00,62.0
KM PANGRANGO,BANDA,2025-05-19 07:00:00,2025-06-21 13:00:00,2025-06-21 15:00:00,0.0
KM SANGIANG,NAMLEA,2025-05-19 08:00:00,2025-06-21 19:00:00,2025-06-21 21:00:00,0.0
KM BK RAYA,NATUNA,2025-05-19 08:00:00,2025-06-21 07:00:00,2025-06-21 10:00:00,0.0
KM SINABUNG,KUPANG,2025-05-19 10:00:00,2025-06-21 04:00:00,2025-06-21 04:00:00,0.0
KM DOROLONDA,MANOKWARI,2025-05-19 10:00:00,2025-06-21 06:00:00,2025-06-21 08:00:00,0.0
KM TILONGKABILA,KENDARI,2025-05-19 10:00:00,2025-06-22 05:00:00,2025-06-22 09:00:00,0.0
KM JETLINER,KENDARI,2025-05-19 11:00:00,2025-06-22 09:00:00,2025-06-22 15:00:00,814.0
KM KELUD,BELAWAN,2025-05-19 13:00:00,2025-06-22 05:00:00,2025-06-23 05:00:00,0.0
KM LEUSER,WANCI,2025-05-19 14:00:00,2025-06-21 18:00:00,2025-06-21 19:00:00,0.0
KM BK RAYA,MIDAI,2025-05-19 15:00:00,2025-06-21 10:00:00,2025-06-21 12:00:00,0.0
KM KELIMUTU,BATULICIN,2025-05-19 16:00:00,2025-06-21 19:00:00,2025-06-21 22:00:00,0.0
KM LABOBAR,TANJUNG PRIOK,2025-05-19 19:00:00,2025-06-21 23:00:00,2025-06-21 23:00:00,0.0
KM LABOBAR,TANJUNG PRIOK,2025-05-19 19:00:00,2025-06-21 23:00:00,2025-06-22 17:00:00,0.0
KM BK SIGUNTANG,PARE-PARE,2025-05-19 19:00:00,2025-06-22 00:00:00,2025-06-22 04:00:00,0.0
KM DOBONSOLO,SORONG,2025-05-19 20:00:00,2025-06-21 06:00:00,2025-06-21 09:00:00,1.0
KM GUNUNG DEMPO,SURABAYA,2025-05-19 22:00:00,2025-06-22 06:00:00,2025-06-22 08:00:00,0.0
KM DOROLONDA,NABIRE,2025-05-19 23:00:00,2025-06-21 08:00:00,2025-06-21 10:00:00,0.0
KM LAWIT,BIMA,2025-05-19 23:00:00,2025-06-21 14:00:00,2025-06-21 16:00:00,0.0
KM LEUSER,BAU-BAU,2025-05-20 00:00:00,2025-06-22 06:00:00,2025-06-22 08:00:00,11.0
KM NGGAPULU,NAMLEA,2025-05-20 01:00:00,2025-06-22 06:00:00,2025-06-22 08:00:00,0.0
KM BK RAYA,SERASAN,2025-05-20 01:00:00,2025-06-21 12:00:00,2025-06-21 14:00:00,0.0
KM EGON,SURABAYA,2025-05-20 03:00:00,2025-06-22 08:00:00,2025-06-22 13:00:00,15.0
KM BK SIGUNTANG,MAKASSAR,2025-05-20 04:00:00,2025-06-22 13:00:00,2025-06-22 16:00:00,9.0
KM TATAMAILAU,TUAL,2025-05-20 04:00:00,2025-06-21 21:00:00,2025-06-22 01:00:00,0.0
KM JETLINER,WANCI,2025-05-20 06:00:00,2025-06-22 15:00:00,2025-06-22 17:00:00,0.0
KM TILONGKABILA,LUWUK,2025-05-20 07:00:00,2025-06-22 09:00:00,2025-06-22 12:00:00,0.0
KM DOROLONDA,WAREN,2025-05-20 07:00:00,2025-06-21 10:00:00,2025-06-21 12:00:00,0.0
KM AWU,BIMA,2025-05-20 07:00:00,2025-06-21 22:00:00,2025-06-22 00:00:00,0.0
KM CIREMAI,SERUI,2025-05-20 08:00:00,2025-06-20 15:00:00,2025-06-20 17:00:00,0.0
KM NGGAPULU,AMBON,2025-05-20 09:00:00,2025-06-22 08:00:00,2025-06-22 12:00:00,0.0
KM PANGRANGO,SAUMLAKI,2025-05-20 12:00:00,2025-06-21 15:00:00,2025-06-21 19:00:00,0.0
KM TIDAR,SURABAYA,2025-05-20 14:00:00,2025-06-22 13:00:00,2025-06-22 15:00:00,3.0
KM WILIS,BATULICIN,2025-05-20 15:00:00,2025-06-22 13:00:00,2025-06-22 13:00:00,0.0
KM WILIS,BATULICIN,2025-05-20 15:00:00,2025-06-22 13:00:00,2025-06-23 16:00:00,0.0
KM SINABUNG,BENOA,2025-05-20 16:00:00,2025-06-21 22:00:00,2025-06-21 22:00:00,18.0
KM TATAMAILAU,DOBO,2025-05-20 17:00:00,2025-06-22 01:00:00,2025-06-22 03:00:00,0.0
KM JETLINER,KENDARI,2025-05-20 21:00:00,2025-06-22 17:00:00,2025-06-22 19:00:00,0.0
KM TILONGKABILA,GORONTALO,2025-05-20 21:00:00,2025-06-22 12:00:00,2025-06-22 14:00:00,0.0
KM BK RAYA,PONTIANAK,2025-05-20 22:00:00,2025-06-21 14:00:00,2025-06-21 16:00:00,0.0
KM LAWIT,BENOA,2025-05-20 23:00:00,2025-06-21 22:00:00,2025-06-22 01:00:00,6.0
KM LEUSER,MAKASSAR,2025-05-20 23:00:00,2025-06-22 16:00:00,2025-06-22 20:00:00,8.0
KM AWU,WAINGAPU,2025-05-20 23:00:00,2025-06-22 00:00:00,2025-06-22 03:00:00,0.0
KM GUNUNG DEMPO,TANJUNG PRIOK,2025-05-21 00:00:00,2025-06-22 17:00:00,2025-06-23 07:00:00,9.0
KM GUNUNG DEMPO,TANJUNG PRIOK,2025-05-21 00:00:00,2025-06-23 07:00:00,2025-06-23 07:00:00,0.0
KM BK SIGUNTANG,MAUMERE,2025-05-21 01:00:00,2025-06-22 16:00:00,2025-06-22 18:00:00,0.0
KM KELIMUTU,SURABAYA,2025-05-21 02:00:00,2025-06-22 15:00:00,2025-06-22 18:00:00,17.0
KM DOROLONDA,JAYAPURA,2025-05-21 05:00:00,2025-06-21 12:00:00,2025-06-21 17:00:00,0.0
KM JETLINER,RAHA,2025-05-21 07:00:00,2025-06-22 19:00:00,2025-06-22 20:00:00,0.0
KM BK SIGUNTANG,LEWOLEBA,2025-05-21 09:00:00,2025-06-22 18:00:00,2025-06-22 20:00:00,0.0
KM SINABUNG,SURABAYA,2025-05-21 09:00:00,2025-06-22 18:00:00,2025-06-22 18:00:00,20.0
KM CIREMAI,SORONG,2025-05-21 10:00:00,2025-06-21 09:00:00,2025-06-21 12:00:00,16.0
KM NGGAPULU,TERNATE,2025-05-21 10:00:00,2025-06-22 12:00:00,2025-06-22 14:00:00,0.0
KM AWU,ENDE,2025-05-21 11:00:00,2025-06-22 03:00:00,2025-06-22 05:00:00,0.0
KM EGON,BATULICIN,2025-05-21 11:00:00,2025-06-23 16:00:00,2025-06-23 19:00:00,27.0
KM KELUD,TANJUNG BALAI KARIMUN,2025-05-21 12:00:00,2025-06-23 05:00:00,2025-06-23 06:00:00,0.0
KM DOBONSOLO,BAU-BAU,2025-05-21 12:00:00,2025-06-22 08:00:00,2025-06-22 10:00:00,23.0
KM NGGAPULU,JAILOLO,2025-05-21 14:00:00,2025-06-22 14:00:00,2025-06-22 16:00:00,0.0
KM SANGIANG,BAU-BAU,2025-05-21 14:00:00,2025-06-22 10:00:00,2025-06-22 12:00:00,13.0
KM TILONGKABILA,BITUNG,2025-05-21 14:00:00,2025-06-22 14:00:00,2025-06-23 03:00:00,0.0
KM LABOBAR,SURABAYA,2025-05-21 15:00:00,2025-06-22 18:00:00,2025-06-22 22:00:00,1.0
KM TATAMAILAU,TIMIKA,2025-05-21 15:00:00,2025-06-22 03:00:00,2025-06-22 05:00:00,0.0
KM KELUD,BATAM,2025-05-21 16:00:00,2025-06-23 06:00:00,2025-06-23 10:00:00,0.0
KM JETLINER,KENDARI,2025-05-21 16:00:00,2025-06-22 20:00:00,2025-06-22 22:00:00,0.0
KM BK SIGUNTANG,KUPANG,2025-05-21 18:00:00,2025-06-22 20:00:00,2025-06-23 02:00:00,0.0
KM PANGRANGO,BANDA,2025-05-21 20:00:00,2025-06-21 19:00:00,2025-06-21 21:00:00,0.0
KM TIDAR,TANJUNG PRIOK,2025-05-21 21:00:00,2025-06-23 07:00:00,2025-06-23 09:00:00,16.0
KM LEUSER,LABUAN BAJO,2025-05-21 22:00:00,2025-06-22 20:00:00,2025-06-22 21:00:00,0.0
KM AWU,KUPANG,2025-05-22 02:00:00,2025-06-23 02:00:00,2025-06-23 06:00:00,21.0
KM NGGAPULU,BITUNG,2025-05-22 03:00:00,2025-06-23 03:00:00,2025-06-23 18:00:00,11.0
KM TATAMAILAU,AGATS,2025-05-22 04:00:00,2025-06-22 05:00:00,2025-06-22 07:00:00,0.0
KM DOROLONDA,WAREN,2025-05-22 05:00:00,2025-06-21 17:00:00,2025-06-21 19:00:00,0.0
KM DOBONSOLO,MAKASSAR,2025-05-22 05:00:00,2025-06-22 20:00:00,2025-06-22 23:00:00,10.0
KM JETLINER,WANCI,2025-05-22 07:00:00,2025-06-22 22:00:00,2025-06-23 00:00:00,0.0
KM LEUSER,BIMA,2025-05-22 07:00:00,2025-06-22 21:00:00,2025-06-22 22:00:00,0.0
KM BK SIGUNTANG,LEWOLEBA,2025-05-22 07:00:00,2025-06-23 02:00:00,2025-06-23 04:00:00,0.0
KM LAWIT,SURABAYA,2025-05-22 08:00:00,2025-06-22 22:00:00,2025-06-23 01:00:00,21.0
KM KELIMUTU,KUMAI,2025-05-22 09:00:00,2025-06-22 18:00:00,2025-06-22 20:00:00,0.0
KM CIREMAI,AMBON,2025-05-22 11:00:00,2025-06-22 12:00:00,2025-06-22 14:00:00,24.0
KM PANGRANGO,AMBON,2025-05-22 12:00:00,2025-06-22 14:00:00,2025-06-23 18:00:00,17.0
KM PANGRANGO,AMBON,2025-05-22 12:00:00,2025-06-23 18:00:00,2025-06-23 18:00:00,0.0
KM EGON,PARE-PARE,2025-05-22 12:00:00,2025-06-23 19:00:00,2025-06-23 21:00:00,0.0
KM DOROLONDA,NABIRE,2025-05-22 13:00:00,2025-06-21 19:00:00,2025-06-21 21:00:00,0.0
KM GUNUNG DEMPO,SURABAYA,2025-05-22 14:00:00,2025-06-23 07:00:00,2025-06-23 11:00:00,0.0
KM LAMBELU,MAKASSAR,2025-05-22 15:00:00,2025-06-22 23:00:00,2025-06-23 04:00:00,247.0
KM LAMBELU,MAKASSAR,2025-05-22 15:00:00,2025-06-23 04:00:00,2025-06-23 09:00:00,0.0
KM BK SIGUNTANG,MAUMERE,2025-05-22 15:00:00,2025-06-23 04:00:00,2025-06-23 06:00:00,0.0
KM TILONGKABILA,GORONTALO,2025-05-22 18:00:00,2025-06-23 03:00:00,2025-06-23 05:00:00,0.0
KM AWU,KALABAHI,2025-05-22 19:00:00,2025-06-23 06:00:00,2025-06-23 16:00:00,0.0
KM BK RAYA,SURABAYA,2025-05-22 22:00:00,2025-06-23 11:00:00,2025-06-23 15:00:00,43.0
KM JETLINER,KENDARI,2025-05-22 22:00:00,2025-06-23 00:00:00,2025-06-23 19:00:00,0.0
KM WILIS,MAKASSAR,2025-05-23 00:00:00,2025-06-23 16:00:00,2025-06-24 00:00:00,0.0
KM LABOBAR,MAKASSAR,2025-05-23 00:00:00,2025-06-24 00:00:00,2025-06-24 03:00:00,26.0
KM LAMBELU,PARE-PARE,2025-05-23 01:00:00,2025-06-23 21:00:00,2025-06-24 00:00:00,12.0
KM LAMBELU,PARE-PARE,2025-05-23 01:00:00,2025-06-24 00:00:00,2025-06-24 03:00:00,0.0
KM DOROLONDA,MANOKWARI,2025-05-23 02:00:00,2025-06-21 21:00:00,2025-06-21 23:00:00,0.0
KM KELUD,TANJUNG PRIOK,2025-05-23 04:00:00,2025-06-23 10:00:00,2025-06-24 03:00:00,0.0
KM KELUD,TANJUNG PRIOK,2025-05-23 04:00:00,2025-06-24 03:00:00,2025-06-24 03:00:00,0.0
KM NGGAPULU,JAILOLO,2025-05-23 04:00:00,2025-06-23 18:00:00,2025-06-23 20:00:00,0.0
KM LEUSER,BENOA,2025-05-23 07:00:00,2025-06-22 22:00:00,2025-06-23 00:00:00,0.0
KM TILONGKABILA,LUWUK,2025-05-23 07:00:00,2025-06-23 05:00:00,2025-06-23 07:00:00,0.0
KM NGGAPULU,TERNATE,2025-05-23 08:00:00,2025-06-23 20:00:00,2025-06-23 22:00:00,0.0
KM TIDAR,KIJANG,2025-05-23 09:00:00,2025-06-23 09:00:00,2025-06-23 09:00:00,0.0
KM TIDAR,KIJANG,2025-05-23 09:00:00,2025-06-23 09:00:00,2025-06-23 17:00:00,0.0
KM BK SIGUNTANG,MAKASSAR,2025-05-23 11:00:00,2025-06-24 03:00:00,2025-06-24 09:00:00,21.0
KM KELIMUTU,SEMARANG,2025-05-23 11:00:00,2025-06-22 20:00:00,2025-06-23 04:00:00,0.0
KM DOBONSOLO,SURABAYA,2025-05-23 12:00:00,2025-06-23 15:00:00,2025-06-23 17:00:00,16.0
KM CIREMAI,BAU-BAU,2025-05-23 14:00:00,2025-06-22 14:00:00,2025-06-22 16:00:00,0.0
KM EGON,BONTANG,2025-05-23 14:00:00,2025-06-23 21:00:00,2025-06-24 00:00:00,0.0
KM LAWIT,KUMAI,2025-05-23 16:00:00,2025-06-23 01:00:00,2025-06-23 08:00:00,0.0
KM LAWIT,KUMAI,2025-05-23 16:00:00,2025-06-23 08:00:00,2025-06-23 08:00:00,0.0
KM DOROLONDA,SORONG,2025-05-23 17:00:00,2025-06-21 23:00:00,2025-06-22 02:00:00,0.0
KM AWU,KUPANG,2025-05-23 18:00:00,2025-06-23 16:00:00,2025-06-23 20:00:00,0.0
KM LABOBAR,BAU-BAU,2025-05-23 19:00:00,2025-06-24 03:00:00,2025-06-24 05:00:00,0.0
KM LAMBELU,BALIKPAPAN,2025-05-23 20:00:00,2025-06-24 03:00:00,2025-06-24 05:00:00,0.0
KM LAMBELU,BALIKPAPAN,2025-05-23 20:00:00,2025-06-24 05:00:00,2025-06-24 07:00:00,0.0
KM GUNUNG DEMPO,MAKASSAR,2025-05-23 21:00:00,2025-06-24 09:00:00,2025-06-24 12:00:00,22.0
KM BK SIGUNTANG,PARE-PARE,2025-05-23 22:00:00,2025-06-24 09:00:00,2025-06-24 13:00:00,0.0
KM TATAMAILAU,MERAUKE,2025-05-23 23:00:00,2025-06-22 07:00:00,2025-06-23 05:00:00,0.0
KM TILONGKABILA,KENDARI,2025-05-24 03:00:00,2025-06-23 19:00:00,2025-06-23 23:00:00,12.0
KM JETLINER,WANCI,2025-05-24 06:00:00,2025-06-23 19:00:00,2025-06-23 21:00:00,0.0
KM PANGRANGO,BANDA,2025-05-24 06:00:00,2025-06-23 18:00:00,2025-06-25 04:00:00,0.0
KM NGGAPULU,AMBON,2025-05-24 07:00:00,2025-06-23 22:00:00,2025-06-24 01:00:00,0.0
KM WILIS,LABUAN BAJO,2025-05-24 08:00:00,2025-06-24 00:00:00,2025-06-24 01:00:00,0.0
KM CIREMAI,MAKASSAR,2025-05-24 08:00:00,2025-06-24 12:00:00,2025-06-24 15:00:00,44.0
KM AWU,ENDE,2025-05-24 11:00:00,2025-06-23 20:00:00,2025-06-23 22:00:00,0.0
KM LEUSER,SURABAYA,2025-05-24 13:00:00,2025-06-23 17:00:00,2025-06-24 04:00:00,17.0
KM LEUSER,SURABAYA,2025-05-24 13:00:00,2025-06-24 04:00:00,2025-06-24 04:00:00,0.0
KM LAMBELU,PARE-PARE,2025-05-24 14:00:00,2025-06-24 13:00:00,2025-06-24 16:00:00,6.0
KM TILONGKABILA,RAHA,2025-05-24 14:00:00,2025-06-23 23:00:00,2025-06-24 00:00:00,0.0
KM LAMBELU,PARE-PARE,2025-05-24 14:00:00,2025-06-24 16:00:00,2025-06-24 19:00:00,0.0
KM NGGAPULU,NAMLEA,2025-05-24 15:00:00,2025-06-24 01:00:00,2025-06-24 03:00:00,0.0
KM DOBONSOLO,TANJUNG PRIOK,2025-05-24 16:00:00,2025-06-24 03:00:00,2025-06-24 03:00:00,10.0
KM DOROLONDA,AMBON,2025-05-24 16:00:00,2025-06-24 01:00:00,2025-06-24 04:00:00,47.0
KM EGON,PARE-PARE,2025-05-24 18:00:00,2025-06-24 19:00:00,2025-06-24 23:00:00,19.0
KM WILIS,BIMA,2025-05-24 18:00:00,2025-06-24 01:00:00,2025-06-24 02:00:00,0.0
KM BK SIGUNTANG,BALIKPAPAN,2025-05-24 18:00:00,2025-06-24 13:00:00,2025-06-24 15:00:00,0.0
KM TILONGKABILA,BAU-BAU,2025-05-24 20:00:00,2025-06-24 05:00:00,2025-06-24 10:00:00,5.0
KM JETLINER,KENDARI,2025-05-24 21:00:00,2025-06-23 23:00:00,2025-06-23 23:00:00,2.0
KM JETLINER,KENDARI,2025-05-24 21:00:00,2025-06-23 23:00:00,2025-06-24 09:00:00,0.0
KM AWU,WAINGAPU,2025-05-24 22:00:00,2025-06-23 22:00:00,2025-06-24 01:00:00,0.0
KM LABOBAR,AMBON,2025-05-24 22:00:00,2025-06-24 05:00:00,2025-06-24 08:00:00,0.0
KM LAMBELU,MAKASSAR,2025-05-24 22:00:00,2025-06-24 19:00:00,2025-06-24 22:00:00,0.0
KM LAMBELU,MAKASSAR,2025-05-24 22:00:00,2025-06-24 22:00:00,2025-06-25 01:00:00,0.0
KM DOROLONDA,NAMLEA,2025-05-25 00:00:00,2025-06-24 04:00:00,2025-06-24 06:00:00,0.0
KM BK RAYA,PONTIANAK,2025-05-25 02:00:00,2025-06-23 15:00:00,2025-06-23 16:00:00,0.0
KM TIDAR,TANJUNG PRIOK,2025-05-25 03:00:00,2025-06-24 03:00:00,2025-06-24 09:00:00,10.0
KM LAWIT,SURABAYA,2025-05-25 03:00:00,2025-06-24 04:00:00,2025-06-24 09:00:00,20.0
KM KELUD,BATAM,2025-05-25 05:00:00,2025-06-24 03:00:00,2025-06-24 08:00:00,0.0
KM WILIS,WAIKELO,2025-05-25 06:00:00,2025-06-24 02:00:00,2025-06-24 03:00:00,0.0
KM LABOBAR,BANDA,2025-05-25 09:00:00,2025-06-25 04:00:00,2025-06-25 06:00:00,20.0
KM KELUD,TANJUNG BALAI KARIMUN,2025-05-25 13:00:00,2025-06-24 08:00:00,2025-06-24 09:00:00,0.0
KM AWU,BIMA,2025-05-25 15:00:00,2025-06-24 02:00:00,2025-06-24 04:00:00,1.0
KM CIREMAI,SURABAYA,2025-05-25 16:00:00,2025-06-24 15:00:00,2025-06-24 17:00:00,0.0
KM WILIS,WAINGAPU,2025-05-25 16:00:00,2025-06-24 03:00:00,2025-06-24 07:00:00,0.0
KM LAMBELU,BAU-BAU,2025-05-25 16:00:00,2025-06-25 01:00:00,2025-06-25 03:00:00,0.0
KM KELIMUTU,PONTIANAK,2025-05-25 16:00:00,2025-06-23 16:00:00,2025-06-23 18:00:00,12.0
KM LAMBELU,BAU-BAU,2025-05-25 16:00:00,2025-06-25 03:00:00,2025-06-25 05:00:00,0.0
KM SANGIANG,SEMARANG,2025-05-25 17:00:00,2025-06-23 04:00:00,2025-06-23 04:00:00,16.0
KM BK RAYA,SERASAN,2025-05-25 17:00:00,2025-06-23 16:00:00,2025-06-23 18:00:00,0.0
KM NGGAPULU,BAU-BAU,2025-05-25 18:00:00,2025-06-25 05:00:00,2025-06-25 07:00:00,26.0
KM JETLINER,WANCI,2025-05-25 20:00:00,2025-06-24 09:00:00,2025-06-24 11:00:00,0.0
KM BK SIGUNTANG,TARAKAN,2025-05-25 20:00:00,2025-06-24 15:00:00,2025-06-24 19:00:00,0.0
KM TILONGKABILA,MAKASSAR,2025-05-25 20:00:00,2025-06-25 01:00:00,2025-06-25 06:00:00,15.0
KM EGON,BONTANG,2025-05-25 22:00:00,2025-06-24 23:00:00,2025-06-25 03:00:00,0.0
KM LABOBAR,TUAL,2025-05-26 00:00:00,2025-06-25 06:00:00,2025-06-25 09:00:00,0.0
KM GUNUNG DEMPO,SORONG,2025-05-26 00:00:00,2025-06-24 12:00:00,2025-06-24 15:00:00,0.0
KM DOROLONDA,BAU-BAU,2025-05-26 01:00:00,2025-06-25 07:00:00,2025-06-25 09:00:00,25.0
KM BK RAYA,MIDAI,2025-05-26 03:00:00,2025-06-23 18:00:00,2025-06-23 19:00:00,0.0
KM LEUSER,BENOA,2025-05-26 05:00:00,2025-06-24 04:00:00,2025-06-24 08:00:00,0.0
KM BK SIGUNTANG,NUNUKAN,2025-05-26 06:00:00,2025-06-24 19:00:00,2025-06-24 21:00:00,0.0
KM PANGRANGO,AMBON,2025-05-26 06:00:00,2025-06-25 04:00:00,2025-06-25 18:00:00,0.0
KM LAMBELU,MAUMERE,2025-05-26 07:00:00,2025-06-25 05:00:00,2025-06-25 07:00:00,0.0
KM WILIS,ENDE,2025-05-26 07:00:00,2025-06-24 07:00:00,2025-06-24 09:00:00,0.0
KM LAMBELU,MAUMERE,2025-05-26 07:00:00,2025-06-25 07:00:00,2025-06-25 09:00:00,0.0
KM BK RAYA,NATUNA,2025-05-26 08:00:00,2025-06-23 19:00:00,2025-06-23 21:00:00,0.0
KM TATAMAILAU,AGATS,2025-05-26 08:00:00,2025-06-23 05:00:00,2025-06-23 07:00:00,0.0
KM LABOBAR,DOBO,2025-05-26 10:00:00,2025-06-25 09:00:00,2025-06-25 12:00:00,0.0
KM NGGAPULU,MAKASSAR,2025-05-26 11:00:00,2025-06-25 07:00:00,2025-06-25 10:00:00,0.0
KM JETLINER,KENDARI,2025-05-26 11:00:00,2025-06-24 11:00:00,2025-06-24 17:00:00,0.0
KM KELUD,BELAWAN,2025-05-26 13:00:00,2025-06-24 09:00:00,2025-06-25 09:00:00,0.0
KM LAMBELU,LARANTUKA,2025-05-26 14:00:00,2025-06-25 09:00:00,2025-06-25 11:00:00,0.0
KM LAMBELU,LARANTUKA,2025-05-26 14:00:00,2025-06-25 11:00:00,2025-06-25 13:00:00,0.0
KM TIDAR,SURABAYA,2025-05-26 14:00:00,2025-06-24 17:00:00,2025-06-24 20:00:00,8.0
KM AWU,BENOA,2025-05-26 14:00:00,2025-06-24 08:00:00,2025-06-24 13:00:00,4.0
KM KELIMUTU,TANJUNG PANDAN,2025-05-26 15:00:00,2025-06-23 18:00:00,2025-06-23 19:00:00,0.0
KM GUNUNG DEMPO,MANOKWARI,2025-05-26 16:00:00,2025-06-24 15:00:00,2025-06-24 17:00:00,0.0
KM LAWIT,SAMPIT,2025-05-26 16:00:00,2025-06-24 09:00:00,2025-06-25 04:00:00,0.0
KM DOROLONDA,MAKASSAR,2025-05-26 17:00:00,2025-06-25 10:00:00,2025-06-25 13:00:00,1.0
KM TILONGKABILA,LABUAN BAJO,2025-05-26 19:00:00,2025-06-25 06:00:00,2025-06-25 08:00:00,0.0
KM CIREMAI,TANJUNG PRIOK,2025-05-26 20:00:00,2025-06-24 17:00:00,2025-06-24 17:00:00,0.0
KM TATAMAILAU,TIMIKA,2025-05-26 20:00:00,2025-06-23 07:00:00,2025-06-23 17:00:00,0.0
KM BK RAYA,TAREMPA,2025-05-26 21:00:00,2025-06-23 21:00:00,2025-06-23 22:00:00,0.0
KM LABOBAR,KAIMANA,2025-05-26 22:00:00,2025-06-25 12:00:00,2025-06-25 14:00:00,0.0
KM GUNUNG DEMPO,WASIOR,2025-05-27 01:00:00,2025-06-24 17:00:00,2025-06-24 18:00:00,0.0
KM WILIS,KUPANG,2025-05-27 01:00:00,2025-06-24 09:00:00,2025-06-24 17:00:00,0.0
KM BK RAYA,LETUNG,2025-05-27 02:00:00,2025-06-23 22:00:00,2025-06-23 23:00:00,0.0
KM LAMBELU,BAU-BAU,2025-05-27 04:00:00,2025-06-25 13:00:00,2025-06-25 15:00:00,0.0
KM LAMBELU,BAU-BAU,2025-05-27 04:00:00,2025-06-25 15:00:00,2025-06-25 17:00:00,0.0
KM TILONGKABILA,BIMA,2025-05-27 04:00:00,2025-06-25 08:00:00,2025-06-25 10:00:00,0.0
KM EGON,PARE-PARE,2025-05-27 04:00:00,2025-06-25 03:00:00,2025-06-25 06:00:00,0.0
KM PANGRANGO,NAMROLE,2025-05-27 06:00:00,2025-06-25 18:00:00,2025-06-25 20:00:00,0.0
KM JETLINER,WANCI,2025-05-27 06:00:00,2025-06-24 17:00:00,2025-06-24 19:00:00,0.0
KM LEUSER,BIMA,2025-05-27 08:00:00,2025-06-25 10:00:00,2025-06-25 12:00:00,26.0
KM GUNUNG DEMPO,NABIRE,2025-05-27 09:00:00,2025-06-24 18:00:00,2025-06-24 20:00:00,0.0
KM KELIMUTU,TANJUNG PRIOK,2025-05-27 10:00:00,2025-06-24 17:00:00,2025-06-24 17:00:00,22.0
KM LABOBAR,FAK-FAK,2025-05-27 10:00:00,2025-06-25 14:00:00,2025-06-25 17:00:00,0.0
KM BK SIGUNTANG,BALIKPAPAN,2025-05-27 11:00:00,2025-06-24 21:00:00,2025-06-24 23:00:00,0.0
KM BK RAYA,KIJANG,2025-05-27 17:00:00,2025-06-23 23:00:00,2025-06-24 02:00:00,0.0
KM PANGRANGO,AMBON,2025-05-27 18:00:00,2025-06-25 20:00:00,2025-06-26 02:00:00,0.0
KM LEUSER,LABUAN BAJO,2025-05-27 18:00:00,2025-06-25 12:00:00,2025-06-25 14:00:00,0.0
KM NGGAPULU,SURABAYA,2025-05-27 20:00:00,2025-06-25 10:00:00,2025-06-25 13:00:00,0.0
KM TATAMAILAU,DOBO,2025-05-27 21:00:00,2025-06-25 12:00:00,2025-06-25 14:00:00,43.0
KM LAMBELU,MAKASSAR,2025-05-27 21:00:00,2025-06-25 17:00:00,2025-06-25 17:00:00,0.0
KM LAMBELU,MAKASSAR,2025-05-27 21:00:00,2025-06-25 17:00:00,2025-06-25 17:00:00,0.0
KM JETLINER,KENDARI,2025-05-27 21:00:00,2025-06-24 19:00:00,2025-06-24 21:00:00,0.0
KM LABOBAR,KAIMANA,2025-05-27 23:00:00,2025-06-25 17:00:00,2025-06-25 19:00:00,0.0
KM DOROLONDA,SURABAYA,2025-05-27 23:00:00,2025-06-25 13:00:00,2025-06-25 13:00:00,0.0
KM AWU,SURABAYA,2025-05-27 23:00:00,2025-06-25 13:00:00,2025-06-25 17:00:00,24.0
KM TILONGKABILA,LEMBAR,2025-05-28 00:00:00,2025-06-25 10:00:00,2025-06-25 12:00:00,0.0
KM TIDAR,MAKASSAR,2025-05-28 00:00:00,2025-06-25 17:00:00,2025-06-25 20:00:00,21.0
KM WILIS,KALABAHI,2025-05-28 02:00:00,2025-06-24 17:00:00,2025-06-25 05:00:00,0.0
KM BK SIGUNTANG,PARE-PARE,2025-05-28 05:00:00,2025-06-25 06:00:00,2025-06-25 10:00:00,7.0
KM EGON,BATULICIN,2025-05-28 05:00:00,2025-06-25 06:00:00,2025-06-25 09:00:00,0.0
KM JETLINER,RAHA,2025-05-28 07:00:00,2025-06-24 21:00:00,2025-06-24 22:00:00,0.0
KM TATAMAILAU,TUAL,2025-05-28 08:00:00,2025-06-25 14:00:00,2025-06-25 17:00:00,0.0
KM TILONGKABILA,BENOA,2025-05-28 08:00:00,2025-06-25 12:00:00,2025-06-25 12:00:00,0.0
KM LABOBAR,DOBO,2025-05-28 10:00:00,2025-06-25 19:00:00,2025-06-25 21:00:00,0.0
KM GUNUNG DEMPO,JAYAPURA,2025-05-28 10:00:00,2025-06-24 20:00:00,2025-06-25 02:00:00,0.0
KM KELUD,TANJUNG BALAI KARIMUN,2025-05-28 12:00:00,2025-06-25 09:00:00,2025-06-25 10:00:00,0.0
KM BK RAYA,BLINYU,2025-05-28 12:00:00,2025-06-24 02:00:00,2025-06-24 03:00:00,0.0
KM PANGRANGO,BANDA,2025-05-28 14:00:00,2025-06-26 02:00:00,2025-06-26 04:00:00,0.0
KM BK SIGUNTANG,MAKASSAR,2025-05-28 14:00:00,2025-06-25 20:00:00,2025-06-26 02:00:00,10.0
KM JETLINER,KENDARI,2025-05-28 16:00:00,2025-06-24 22:00:00,2025-06-25 00:00:00,0.0
KM KELUD,BATAM,2025-05-28 16:00:00,2025-06-25 10:00:00,2025-06-25 14:00:00,0.0
KM LEUSER,MAKASSAR,2025-05-28 17:00:00,2025-06-26 02:00:00,2025-06-26 07:00:00,12.0
KM TIDAR,BAU-BAU,2025-05-28 19:00:00,2025-06-25 20:00:00,2025-06-25 22:00:00,0.0
KM LABOBAR,TUAL,2025-05-28 19:00:00,2025-06-25 21:00:00,2025-06-25 23:00:00,0.0
KM LAWIT,SEMARANG,2025-05-28 19:00:00,2025-06-25 04:00:00,2025-06-25 12:00:00,0.0
KM NGGAPULU,TANJUNG PRIOK,2025-05-29 00:00:00,2025-06-25 13:00:00,2025-06-25 13:00:00,0.0
KM WILIS,KUPANG,2025-05-29 06:00:00,2025-06-25 05:00:00,2025-06-25 13:00:00,0.0
KM AWU,KUMAI,2025-05-29 07:00:00,2025-06-25 17:00:00,2025-06-25 17:00:00,0.0
KM JETLINER,WANCI,2025-05-29 07:00:00,2025-06-25 00:00:00,2025-06-25 02:00:00,0.0
KM LABOBAR,BANDA,2025-05-29 09:00:00,2025-06-26 04:00:00,2025-06-26 05:00:00,5.0
KM EGON,SURABAYA,2025-05-29 09:00:00,2025-06-25 17:00:00,2025-06-25 22:00:00,8.0
KM TIDAR,MAUMERE,2025-05-29 11:00:00,2025-06-25 22:00:00,2025-06-26 00:00:00,0.0
KM TATAMAILAU,AMBON,2025-05-29 13:00:00,2025-06-26 02:00:00,2025-06-26 04:00:00,9.0
KM GUNUNG DEMPO,NABIRE,2025-05-29 14:00:00,2025-06-25 02:00:00,2025-06-25 04:00:00,0.0
KM BK RAYA,TANJUNG PRIOK,2025-05-29 17:00:00,2025-06-25 13:00:00,2025-06-25 13:00:00,34.0
KM LABOBAR,AMBON,2025-05-29 18:00:00,2025-06-26 05:00:00,2025-06-26 07:00:00,0.0
KM TIDAR,LARANTUKA,2025-05-29 19:00:00,2025-06-26 00:00:00,2025-06-26 01:00:00,0.0
KM PANGRANGO,SAUMLAKI,2025-05-29 19:00:00,2025-06-26 04:00:00,2025-06-26 09:00:00,0.0
KM LEUSER,BAU-BAU,2025-05-29 21:00:00,2025-06-26 07:00:00,2025-06-26 11:00:00,0.0
KM GUNUNG DEMPO,WASIOR,2025-05-29 22:00:00,2025-06-25 04:00:00,2025-06-25 05:00:00,0.0
KM TIDAR,LEWOLEBA,2025-05-29 22:00:00,2025-06-26 01:00:00,2025-06-26 02:00:00,0.0
KM JETLINER,KENDARI,2025-05-29 22:00:00,2025-06-25 02:00:00,2025-06-25 21:00:00,0.0
KM BK SIGUNTANG,SURABAYA,2025-05-30 04:00:00,2025-06-26 02:00:00,2025-06-26 06:00:00,0.0
KM LAWIT,KUMAI,2025-05-30 04:00:00,2025-06-25 17:00:00,2025-06-25 19:00:00,5.0
KM KELUD,TANJUNG PRIOK,2025-05-30 04:00:00,2025-06-25 14:00:00,2025-06-25 14:00:00,0.0
KM GUNUNG DEMPO,MANOKWARI,2025-05-30 06:00:00,2025-06-25 05:00:00,2025-06-25 07:00:00,0.0
KM WILIS,ENDE,2025-05-30 06:00:00,2025-06-25 13:00:00,2025-06-25 15:00:00,0.0
KM TIDAR,KUPANG,2025-05-30 07:00:00,2025-06-26 02:00:00,2025-06-26 06:00:00,0.0
KM LEUSER,WANCI,2025-05-30 09:00:00,2025-06-26 11:00:00,2025-06-26 12:00:00,0.0
KM EGON,LEMBAR,2025-05-30 13:00:00,2025-06-25 22:00:00,2025-06-26 01:00:00,0.0
KM TATAMAILAU,TERNATE,2025-05-30 17:00:00,2025-06-26 04:00:00,2025-06-26 05:00:00,0.0
KM LABOBAR,BAU-BAU,2025-05-30 19:00:00,2025-06-26 11:00:00,2025-06-26 13:00:00,4.0
KM TIDAR,LEWOLEBA,2025-05-30 19:00:00,2025-06-26 06:00:00,2025-06-26 07:00:00,0.0
KM WILIS,WAINGAPU,2025-05-30 19:00:00,2025-06-25 15:00:00,2025-06-25 17:00:00,0.0
KM GUNUNG DEMPO,SORONG,2025-05-30 20:00:00,2025-06-25 07:00:00,2025-06-25 09:00:00,0.0
KM TIDAR,LARANTUKA,2025-05-30 23:00:00,2025-06-26 07:00:00,2025-06-26 09:00:00,0.0
KM PANGRANGO,BANDA,2025-05-31 05:00:00,2025-06-26 09:00:00,2025-06-26 11:00:00,0.0
KM JETLINER,WANCI,2025-05-31 06:00:00,2025-06-26 12:00:00,2025-06-26 14:00:00,15.0
KM TATAMAILAU,BITUNG,2025-05-31 06:00:00,2025-06-26 05:00:00,2025-06-26 05:00:00,0.0
KM WILIS,WAIKELO,2025-05-31 06:00:00,2025-06-25 17:00:00,2025-06-25 18:00:00,0.0
KM LAWIT,SEMARANG,2025-05-31 07:00:00,2025-06-25 19:00:00,2025-06-25 21:00:00,0.0
KM LEUSER,NAMROLE,2025-05-31 07:00:00,2025-06-26 12:00:00,2025-06-26 14:00:00,0.0
KM TIDAR,MAUMERE,2025-05-31 07:00:00,2025-06-26 09:00:00,2025-06-26 11:00:00,0.0
KM EGON,BIMA,2025-05-31 09:00:00,2025-06-26 01:00:00,2025-06-26 03:00:00,0.0
KM BK SIGUNTANG,TANJUNG PRIOK,2025-05-31 11:00:00,2025-06-26 06:00:00,2025-06-26 06:00:00,0.0
KM LABOBAR,MAKASSAR,2025-05-31 11:00:00,2025-06-26 13:00:00,2025-06-26 15:00:00,0.0
KM LAWIT,KARIMUN JAWA,2025-05-31 16:00:00,2025-06-25 21:00:00,2025-06-26 22:00:00,0.0
KM WILIS,BIMA,2025-05-31 18:00:00,2025-06-26 03:00:00,2025-06-26 05:00:00,9.0
KM PANGRANGO,AMBON,2025-05-31 21:00:00,2025-06-26 11:00:00,2025-06-27 07:00:00,0.0
KM JETLINER,KENDARI,2025-05-31 21:00:00,2025-06-26 14:00:00,2025-06-26 14:00:00,0.0
KM TIDAR,BAU-BAU,2025-05-31 22:00:00,2025-06-26 13:00:00,2025-06-26 15:00:00,2.0
KM EGON,WAINGAPU,2025-06-01 00:00:00,2025-06-26 03:00:00,2025-06-26 03:00:00,0.0
KM WILIS,LABUAN BAJO,2025-06-01 05:00:00,2025-06-26 05:00:00,2025-06-26 06:00:00,0.0
KM LEUSER,WANCI,2025-06-01 05:00:00,2025-06-26 14:00:00,2025-06-26 15:00:00,0.0
KM LABOBAR,SURABAYA,2025-06-01 14:00:00,2025-06-26 15:00:00,2025-06-26 18:00:00,0.0
KM LEUSER,BAU-BAU,2025-06-01 15:00:00,2025-06-26 15:00:00,2025-06-26 17:00:00,0.0
KM TIDAR,MAKASSAR,2025-06-01 17:00:00,2025-06-26 15:00:00,2025-06-26 19:00:00,0.0
KM GUNUNG DEMPO,MAKASSAR,2025-06-01 23:00:00,2025-06-26 19:00:00,2025-06-26 21:00:00,34.0
KM LAWIT,SEMARANG,2025-06-01 23:00:00,2025-06-26 22:00:00,2025-06-27 03:00:00,0.0
KM WILIS,MAKASSAR,2025-06-02 06:00:00,2025-06-26 21:00:00,2025-06-27 00:00:00,15.0
KM PANGRANGO,BANDA,2025-06-02 07:00:00,2025-06-27 07:00:00,2025-06-27 09:00:00,0.0
KM LEUSER,MAKASSAR,2025-06-02 14:00:00,2025-06-27 00:00:00,2025-06-27 04:00:00,7.0
KM LABOBAR,TANJUNG PRIOK,2025-06-02 19:00:00,2025-06-26 18:00:00,2025-06-26 18:00:00,0.0
KM GUNUNG DEMPO,SURABAYA,2025-06-03 03:00:00,2025-06-26 21:00:00,2025-06-26 23:00:00,0.0
KM TIDAR,SURABAYA,2025-06-03 04:00:00,2025-06-26 23:00:00,2025-06-27 01:00:00,4.0
KM PANGRANGO,SAUMLAKI,2025-06-03 12:00:00,2025-06-27 09:00:00,2025-06-27 13:00:00,0.0
KM LEUSER,LABUAN BAJO,2025-06-03 13:00:00,2025-06-27 04:00:00,2025-06-27 05:00:00,0.0
KM LAWIT,SAMPIT,2025-06-03 13:00:00,2025-06-27 03:00:00,2025-06-27 23:00:00,0.0
KM WILIS,BATULICIN,2025-06-03 15:00:00,2025-06-27 00:00:00,2025-06-27 00:00:00,0.0
KM LEUSER,BIMA,2025-06-03 22:00:00,2025-06-27 05:00:00,2025-06-27 06:00:00,0.0
KM GUNUNG DEMPO,TANJUNG PRIOK,2025-06-04 05:00:00,2025-06-26 23:00:00,2025-06-26 23:00:00,0.0
KM TIDAR,TANJUNG PRIOK,2025-06-04 11:00:00,2025-06-27 01:00:00,2025-06-27 03:00:00,0.0
KM PANGRANGO,BANDA,2025-06-04 20:00:00,2025-06-27 13:00:00,2025-06-27 15:00:00,0.0
KM LEUSER,BENOA,2025-06-04 22:00:00,2025-06-27 06:00:00,2025-06-27 08:00:00,0.0
KM PANGRANGO,AMBON,2025-06-05 12:00:00,2025-06-27 15:00:00,2025-06-27 15:00:00,0.0
KM LAWIT,SURABAYA,2025-06-05 13:00:00,2025-06-27 23:00:00,2025-06-28 01:00:00,0.0
KM TIDAR,KIJANG,2025-06-05 23:00:00,2025-06-27 03:00:00,2025-06-27 03:00:00,0.0
KM LEUSER,SURABAYA,2025-06-06 04:00:00,2025-06-28 01:00:00,2025-06-28 03:00:00,17.0
KM LAWIT,KUMAI,2025-06-06 19:00:00,2025-06-28 01:00:00,2025-06-28 01:00:00,0.0
KM LEUSER,SEMARANG,2025-06-06 23:00:00,2025-06-28 03:00:00,2025-06-28 03:00:00,0.0
