Ship,Port,Planned_ETA,Actual_RTA,Actual_ETD,Delay_Hours
KM SINABUNG,SURABAYA,2025-06-22 20:00:00,2025-06-22 20:00:00,2025-06-23 14:00:00,0.0
KM KELIMUTU,TANJUNG PRIOK,2025-06-23 09:00:00,2025-06-23 09:00:00,2025-06-24 19:00:00,0.0
KM SINABUNG,MAKASSAR,2025-06-24 21:00:00,2025-06-24 21:00:00,2025-06-25 00:00:00,0.0
KM LAMBELU,MAKASSAR,2025-06-25 03:00:00,2025-06-25 03:00:00,2025-06-25 11:00:00,0.0
KM NGGAPULU,TANJUNG PRIOK,2025-06-25 05:00:00,2025-06-25 05:00:00,2025-06-26 21:00:00,0.0
KM TILONGKABILA,BENOA,2025-06-25 08:00:00,2025-06-25 08:00:00,2025-06-26 09:00:00,0.0
KM KELIMUTU,TANJUNG PANDAN,2025-06-25 13:00:00,2025-06-25 13:00:00,2025-06-25 15:00:00,0.0
KM SINABUNG,BAU-BAU,2025-06-25 15:00:00,2025-06-25 15:00:00,2025-06-25 18:00:00,0.0
KM LAMBELU,PARE-PARE,2025-06-25 16:00:00,2025-06-25 16:00:00,2025-06-25 19:00:00,0.0
KM AWU,KUMAI,2025-06-26 03:00:00,2025-06-26 03:00:00,2025-06-27 13:00:00,0.0
KM LAMBELU,BALIKPAPAN,2025-06-26 11:00:00,2025-06-26 11:00:00,2025-06-26 13:00:00,0.0
KM SINABUNG,BANGGAI,2025-06-26 11:00:00,2025-06-26 11:00:00,2025-06-26 12:00:00,0.0
KM DOROLONDA,SURABAYA,2025-06-26 12:00:00,2025-06-26 12:00:00,2025-06-26 20:00:00,0.0
KM TILONGKABILA,LEMBAR,2025-06-26 15:00:00,2025-06-26 15:00:00,2025-06-26 17:00:00,0.0
KM KELIMUTU,PONTIANAK,2025-06-26 17:00:00,2025-06-26 17:00:00,2025-06-26 19:00:00,0.0
KM SINABUNG,BITUNG,2025-06-27 03:00:00,2025-06-27 03:00:00,2025-06-27 06:00:00,0.0
KM TILONGKABILA,BIMA,2025-06-27 11:00:00,2025-06-27 11:00:00,2025-06-27 15:00:00,0.0
KM LAMBELU,TARAKAN,2025-06-27 15:00:00,2025-06-27 15:00:00,2025-06-27 18:00:00,0.0
KM SINABUNG,TERNATE,2025-06-27 16:00:00,2025-06-27 16:00:00,2025-06-27 18:00:00,0.0
KM TILONGKABILA,LABUAN BAJO,2025-06-27 22:00:00,2025-06-27 22:00:00,2025-06-28 00:00:00,0.0
KM LAMBELU,NUNUKAN,2025-06-28 00:00:00,2025-06-28 00:00:00,2025-06-28 03:00:00,0.0
KM SINABUNG,BACAN,2025-06-28 00:00:00,2025-06-28 00:00:00,2025-06-28 01:00:00,0.0
KM NGGAPULU,SURABAYA,2025-06-28 00:00:00,2025-06-28 00:00:00,2025-06-28 04:00:00,0.0
KM DOROLONDA,MAKASSAR,2025-06-28 00:00:00,2025-06-28 00:00:00,2025-06-28 03:00:00,0.0
KM CIREMAI,TANJUNG PRIOK,2025-06-28 01:00:00,2025-06-28 01:00:00,2025-06-28 15:00:00,0.0
KM KELIMUTU,SEMARANG,2025-06-28 11:00:00,2025-06-28 11:00:00,2025-06-29 05:00:00,0.0
KM AWU,SURABAYA,2025-06-28 17:00:00,2025-06-28 17:00:00,2025-06-29 00:00:00,0.0
KM DOROLONDA,BAU-BAU,2025-06-28 17:00:00,2025-06-28 17:00:00,2025-06-28 19:00:00,0.0
KM SINABUNG,SORONG,2025-06-28 17:00:00,2025-06-28 17:00:00,2025-06-28 20:00:00,0.0
KM TILONGKABILA,MAKASSAR,2025-06-28 18:00:00,2025-06-28 18:00:00,2025-06-28 23:00:00,0.0
KM JETLINER,KENDARI,2025-06-28 21:00:00,2025-06-28 21:00:00,2025-06-29 07:00:00,0.0
KM LAMBELU,PANTOLOAN,2025-06-29 00:00:00,2025-06-29 00:00:00,2025-06-29 02:00:00,0.0
KM NGGAPULU,MAKASSAR,2025-06-29 09:00:00,2025-06-29 09:00:00,2025-06-29 13:00:00,0.0
KM SINABUNG,MANOKWARI,2025-06-29 10:00:00,2025-06-29 10:00:00,2025-06-29 12:00:00,0.0
KM TATAMAILAU,BITUNG,2025-06-29 12:00:00,2025-06-29 12:00:00,2025-06-29 21:00:00,0.0
KM LAMBELU,BALIKPAPAN,2025-06-29 15:00:00,2025-06-29 15:00:00,2025-06-29 17:00:00,0.0
KM CIREMAI,SURABAYA,2025-06-29 17:00:00,2025-06-29 17:00:00,2025-06-29 21:00:00,0.0
KM DOROLONDA,NAMLEA,2025-06-29 19:00:00,2025-06-29 19:00:00,2025-06-29 21:00:00,0.0
KM JETLINER,WANCI,2025-06-29 20:00:00,2025-06-29 20:00:00,2025-06-29 22:00:00,0.0
KM TILONGKABILA,BAU-BAU,2025-06-29 20:00:00,2025-06-29 20:00:00,2025-06-29 22:00:00,0.0
KM SINABUNG,NABIRE,2025-06-29 22:00:00,2025-06-29 22:00:00,2025-06-30 00:00:00,0.0
KM DOROLONDA,AMBON,2025-06-30 02:00:00,2025-06-30 02:00:00,2025-06-30 05:00:00,0.0
KM TILONGKABILA,RAHA,2025-06-30 02:00:00,2025-06-30 02:00:00,2025-06-30 04:00:00,0.0
KM SIRIMAU,SORONG,2025-06-30 02:00:00,2025-06-30 02:00:00,2025-06-30 06:00:00,0.0
KM NGGAPULU,BAU-BAU,2025-06-30 03:00:00,2025-06-30 03:00:00,2025-06-30 05:00:00,0.0
KM AWU,BENOA,2025-06-30 03:00:00,2025-06-30 03:00:00,2025-06-30 09:00:00,0.0
KM KELIMUTU,KUMAI,2025-06-30 05:00:00,2025-06-30 05:00:00,2025-06-30 07:00:00,0.0
KM LAMBELU,PARE-PARE,2025-06-30 09:00:00,2025-06-30 09:00:00,2025-06-30 12:00:00,0.0
KM SANGIANG,BITUNG,2025-06-30 09:00:00,2025-06-30 09:00:00,2025-06-30 21:00:00,0.0
KM SINABUNG,BIAK,2025-06-30 09:00:00,2025-06-30 09:00:00,2025-06-30 11:00:00,0.0
KM TILONGKABILA,KENDARI,2025-06-30 10:00:00,2025-06-30 10:00:00,2025-06-30 14:00:00,0.0
KM JETLINER,KENDARI,2025-06-30 11:00:00,2025-06-30 14:00:00,2025-06-30 20:00:00,3.0
KM TATAMAILAU,TIDORE,2025-06-30 11:00:00,2025-06-30 11:00:00,2025-06-30 12:00:00,0.0
KM LAMBELU,MAKASSAR,2025-06-30 17:00:00,2025-06-30 17:00:00,2025-06-30 20:00:00,0.0
KM LABOBAR,TANJUNG PRIOK,2025-06-30 19:00:00,2025-06-30 19:00:00,2025-07-01 13:00:00,0.0
KM DOROLONDA,SORONG,2025-07-01 01:00:00,2025-07-01 01:00:00,2025-07-01 04:00:00,0.0
KM CIREMAI,MAKASSAR,2025-07-01 03:00:00,2025-07-01 03:00:00,2025-07-01 07:00:00,0.0
KM NGGAPULU,NAMLEA,2025-07-01 04:00:00,2025-07-01 04:00:00,2025-07-01 06:00:00,0.0
KM JETLINER,WANCI,2025-07-01 06:00:00,2025-07-01 06:00:00,2025-07-01 08:00:00,0.0
KM AWU,BIMA,2025-07-01 06:00:00,2025-07-01 06:00:00,2025-07-01 08:00:00,0.0
KM TILONGKABILA,LUWUK,2025-07-01 07:00:00,2025-07-01 07:00:00,2025-07-01 10:00:00,0.0
KM SINABUNG,JAYAPURA,2025-07-01 07:00:00,2025-07-01 07:00:00,2025-07-01 13:00:00,0.0
KM KELIMUTU,SURABAYA,2025-07-01 09:00:00,2025-07-01 09:00:00,2025-07-01 13:00:00,0.0
KM LAMBELU,BAU-BAU,2025-07-01 11:00:00,2025-07-01 11:00:00,2025-07-01 13:00:00,0.0
KM NGGAPULU,AMBON,2025-07-01 12:00:00,2025-07-01 12:00:00,2025-07-01 16:00:00,0.0
KM WILIS,BATULICIN,2025-07-01 15:00:00,2025-07-01 15:00:00,2025-07-02 20:00:00,0.0
KM TATAMAILAU,SORONG,2025-07-01 16:00:00,2025-07-01 16:00:00,2025-07-01 18:00:00,0.0
KM SIRIMAU,AMBON,2025-07-01 16:00:00,2025-07-01 16:00:00,2025-07-01 19:00:00,0.0
KM SANGIANG,TERNATE,2025-07-01 16:00:00,2025-07-01 16:00:00,2025-07-01 19:00:00,0.0
KM DOROLONDA,MANOKWARI,2025-07-01 17:00:00,2025-07-01 17:00:00,2025-07-01 19:00:00,0.0
KM JETLINER,KENDARI,2025-07-01 21:00:00,2025-07-01 21:00:00,2025-07-01 23:00:00,0.0
KM TILONGKABILA,GORONTALO,2025-07-01 21:00:00,2025-07-01 21:00:00,2025-07-01 23:00:00,0.0
KM AWU,WAINGAPU,2025-07-01 22:00:00,2025-07-01 22:00:00,2025-07-02 01:00:00,0.0
KM CIREMAI,BAU-BAU,2025-07-01 23:00:00,2025-07-01 23:00:00,2025-07-02 01:00:00,0.0
KM LAMBELU,MAUMERE,2025-07-02 02:00:00,2025-07-02 02:00:00,2025-07-02 04:00:00,0.0
KM DOROLONDA,NABIRE,2025-07-02 05:00:00,2025-07-02 05:00:00,2025-07-02 07:00:00,0.0
KM SANGIANG,BACAN,2025-07-02 06:00:00,2025-07-02 06:00:00,2025-07-02 08:00:00,0.0
KM JETLINER,RAHA,2025-07-02 07:00:00,2025-07-02 07:00:00,2025-07-02 08:00:00,0.0
KM LAMBELU,LARANTUKA,2025-07-02 09:00:00,2025-07-02 09:00:00,2025-07-02 11:00:00,0.0
KM AWU,ENDE,2025-07-02 10:00:00,2025-07-02 10:00:00,2025-07-02 12:00:00,0.0
KM SINABUNG,BIAK,2025-07-02 10:00:00,2025-07-02 10:00:00,2025-07-02 12:00:00,0.0
KM TATAMAILAU,FAK-FAK,2025-07-02 11:00:00,2025-07-02 11:00:00,2025-07-02 13:00:00,0.0
KM NGGAPULU,TERNATE,2025-07-02 12:00:00,2025-07-02 12:00:00,2025-07-02 14:00:00,0.0
KM DOROLONDA,WAREN,2025-07-02 13:00:00,2025-07-02 13:00:00,2025-07-02 15:00:00,0.0
KM TILONGKABILA,BITUNG,2025-07-02 14:00:00,2025-07-02 14:00:00,2025-07-03 03:00:00,0.0
KM LABOBAR,SURABAYA,2025-07-02 15:00:00,2025-07-02 15:00:00,2025-07-02 19:00:00,0.0
KM JETLINER,KENDARI,2025-07-02 16:00:00,2025-07-02 16:00:00,2025-07-02 18:00:00,0.0
KM NGGAPULU,JAILOLO,2025-07-02 16:00:00,2025-07-02 16:00:00,2025-07-02 18:00:00,0.0
KM KELIMUTU,BATULICIN,2025-07-02 20:00:00,2025-07-02 20:00:00,2025-07-03 00:00:00,0.0
KM SINABUNG,NABIRE,2025-07-02 22:00:00,2025-07-02 22:00:00,2025-07-03 00:00:00,0.0
KM LAMBELU,BAU-BAU,2025-07-02 23:00:00,2025-07-02 23:00:00,2025-07-03 01:00:00,0.0
KM SIRIMAU,WANCI,2025-07-03 00:00:00,2025-07-03 00:00:00,2025-07-03 02:00:00,0.0
KM AWU,KUPANG,2025-07-03 01:00:00,2025-07-03 01:00:00,2025-07-03 06:00:00,0.0
KM TATAMAILAU,KAIMANA,2025-07-03 02:00:00,2025-07-03 02:00:00,2025-07-03 04:00:00,0.0
KM NGGAPULU,BITUNG,2025-07-03 03:00:00,2025-07-03 03:00:00,2025-07-03 12:00:00,0.0
KM CIREMAI,AMBON,2025-07-03 03:00:00,2025-07-03 03:00:00,2025-07-03 06:00:00,0.0
KM SANGIANG,SANANA,2025-07-03 06:00:00,2025-07-03 06:00:00,2025-07-03 08:00:00,0.0
KM TIDAR,KIJANG,2025-07-03 07:00:00,2025-07-03 07:00:00,2025-07-03 10:00:00,0.0
KM JETLINER,WANCI,2025-07-03 07:00:00,2025-07-03 07:00:00,2025-07-03 09:00:00,0.0
KM DOROLONDA,JAYAPURA,2025-07-03 10:00:00,2025-07-03 10:00:00,2025-07-03 15:00:00,0.0
KM SINABUNG,MANOKWARI,2025-07-03 10:00:00,2025-07-03 10:00:00,2025-07-03 12:00:00,0.0
KM SIRIMAU,BAU-BAU,2025-07-03 11:00:00,2025-07-03 11:00:00,2025-07-03 14:00:00,0.0
KM BK SIGUNTANG,MAKASSAR,2025-07-03 14:00:00,2025-07-03 14:00:00,2025-07-04 06:00:00,0.0
KM PANGRANGO,AMBON,2025-07-03 15:00:00,2025-07-03 15:00:00,2025-07-04 16:00:00,0.0
KM LAMBELU,MAKASSAR,2025-07-03 16:00:00,2025-07-04 06:00:00,2025-07-04 10:00:00,14.0
KM TATAMAILAU,TUAL,2025-07-03 17:00:00,2025-07-03 17:00:00,2025-07-03 20:00:00,0.0
KM TILONGKABILA,GORONTALO,2025-07-03 18:00:00,2025-07-03 18:00:00,2025-07-03 20:00:00,0.0
KM AWU,KALABAHI,2025-07-03 19:00:00,2025-07-03 19:00:00,2025-07-03 22:00:00,0.0
KM SANGIANG,NAMLEA,2025-07-03 21:00:00,2025-07-03 21:00:00,2025-07-03 23:00:00,0.0
KM JETLINER,KENDARI,2025-07-03 22:00:00,2025-07-03 22:00:00,2025-07-04 17:00:00,0.0
KM NGGAPULU,JAILOLO,2025-07-03 22:00:00,2025-07-03 22:00:00,2025-07-04 00:00:00,0.0
KM LABOBAR,MAKASSAR,2025-07-04 00:00:00,2025-07-04 10:00:00,2025-07-04 13:00:00,10.0
KM LAMBELU,PARE-PARE,2025-07-04 01:00:00,2025-07-04 10:00:00,2025-07-04 15:00:00,0.0
KM WILIS,MAKASSAR,2025-07-04 02:00:00,2025-07-04 13:00:00,2025-07-04 19:00:00,11.0
KM NGGAPULU,TERNATE,2025-07-04 02:00:00,2025-07-04 02:00:00,2025-07-04 04:00:00,0.0
KM SINABUNG,SORONG,2025-07-04 02:00:00,2025-07-04 02:00:00,2025-07-04 04:00:00,0.0
KM KELUD,TANJUNG PRIOK,2025-07-04 04:00:00,2025-07-04 04:00:00,2025-07-04 21:00:00,0.0
KM CIREMAI,SORONG,2025-07-04 04:00:00,2025-07-04 04:00:00,2025-07-04 06:00:00,0.0
KM TILONGKABILA,LUWUK,2025-07-04 07:00:00,2025-07-04 07:00:00,2025-07-04 09:00:00,0.0
KM KELIMUTU,SURABAYA,2025-07-04 07:00:00,2025-07-04 07:00:00,2025-07-04 10:00:00,0.0
KM SANGIANG,AMBON,2025-07-04 09:00:00,2025-07-04 16:00:00,2025-07-04 19:00:00,7.0
KM BINAIYA,BENOA,2025-07-04 09:00:00,2025-07-04 09:00:00,2025-07-04 14:00:00,0.0
KM DOROLONDA,WAREN,2025-07-04 09:00:00,2025-07-04 09:00:00,2025-07-04 11:00:00,0.0
KM SIRIMAU,MAUMERE,2025-07-04 10:00:00,2025-07-04 10:00:00,2025-07-04 12:00:00,0.0
KM AWU,KUPANG,2025-07-04 11:00:00,2025-07-04 11:00:00,2025-07-04 16:00:00,0.0
KM DOROLONDA,NABIRE,2025-07-04 17:00:00,2025-07-04 17:00:00,2025-07-04 19:00:00,0.0
KM LAWIT,KUMAI,2025-07-04 18:00:00,2025-07-04 18:00:00,2025-07-04 21:00:00,0.0
KM LABOBAR,BAU-BAU,2025-07-04 19:00:00,2025-07-04 19:00:00,2025-07-04 21:00:00,0.0
KM TATAMAILAU,TIMIKA,2025-07-04 19:00:00,2025-07-04 19:00:00,2025-07-04 21:00:00,0.0
KM SINABUNG,BACAN,2025-07-04 20:00:00,2025-07-04 20:00:00,2025-07-04 21:00:00,0.0
KM TIDAR,TANJUNG PRIOK,2025-07-04 20:00:00,2025-07-04 21:00:00,2025-07-05 02:00:00,1.0
KM LAMBELU,BALIKPAPAN,2025-07-04 22:00:00,2025-07-04 22:00:00,2025-07-05 00:00:00,0.0
KM SIRIMAU,LEWOLEBA,2025-07-04 22:00:00,2025-07-04 22:00:00,2025-07-05 00:00:00,0.0
KM NGGAPULU,AMBON,2025-07-05 00:00:00,2025-07-05 00:00:00,2025-07-05 03:00:00,0.0
KM BK SIGUNTANG,MAUMERE,2025-07-05 00:00:00,2025-07-05 00:00:00,2025-07-05 03:00:00,0.0
KM TILONGKABILA,KENDARI,2025-07-05 03:00:00,2025-07-05 03:00:00,2025-07-05 07:00:00,0.0
KM SANGIANG,BANDA,2025-07-05 04:00:00,2025-07-05 04:00:00,2025-07-05 06:00:00,0.0
KM SINABUNG,TERNATE,2025-07-05 04:00:00,2025-07-05 04:00:00,2025-07-05 06:00:00,0.0
KM AWU,ENDE,2025-07-05 05:00:00,2025-07-05 05:00:00,2025-07-05 07:00:00,0.0
KM DOROLONDA,MANOKWARI,2025-07-05 05:00:00,2025-07-05 05:00:00,2025-07-05 07:00:00,0.0
KM JETLINER,WANCI,2025-07-05 06:00:00,2025-07-05 06:00:00,2025-07-05 08:00:00,0.0
KM PANGRANGO,BANDA,2025-07-05 07:00:00,2025-07-05 07:00:00,2025-07-06 16:00:00,0.0
KM CIREMAI,NABIRE,2025-07-05 07:00:00,2025-07-05 07:00:00,2025-07-05 09:00:00,0.0
KM WILIS,LABUAN BAJO,2025-07-05 08:00:00,2025-07-05 08:00:00,2025-07-05 09:00:00,0.0
KM NGGAPULU,NAMLEA,2025-07-05 08:00:00,2025-07-05 08:00:00,2025-07-05 10:00:00,0.0
KM BK SIGUNTANG,LEWOLEBA,2025-07-05 09:00:00,2025-07-05 09:00:00,2025-07-05 12:00:00,0.0
KM SIRIMAU,KUPANG,2025-07-05 12:00:00,2025-07-05 12:00:00,2025-07-05 19:00:00,0.0
KM KELIMUTU,KUMAI,2025-07-05 12:00:00,2025-07-05 12:00:00,2025-07-05 14:00:00,0.0
KM TATAMAILAU,AGATS,2025-07-05 12:00:00,2025-07-05 12:00:00,2025-07-05 14:00:00,0.0
KM LAMBELU,PANTOLOAN,2025-07-05 13:00:00,2025-07-05 13:00:00,2025-07-05 15:00:00,0.0
KM BINAIYA,BIMA,2025-07-05 13:00:00,2025-07-05 13:00:00,2025-07-05 15:00:00,0.0
KM TILONGKABILA,RAHA,2025-07-05 14:00:00,2025-07-05 14:00:00,2025-07-05 15:00:00,0.0
KM SANGIANG,GESER,2025-07-05 15:00:00,2025-07-05 15:00:00,2025-07-05 17:00:00,0.0
KM SINABUNG,BITUNG,2025-07-05 16:00:00,2025-07-05 16:00:00,2025-07-05 18:00:00,0.0
KM AWU,WAINGAPU,2025-07-05 16:00:00,2025-07-05 16:00:00,2025-07-05 19:00:00,0.0
KM CIREMAI,SERUI,2025-07-05 16:00:00,2025-07-05 16:00:00,2025-07-05 18:00:00,0.0
KM WILIS,BIMA,2025-07-05 18:00:00,2025-07-05 18:00:00,2025-07-05 19:00:00,0.0
KM DOROLONDA,SORONG,2025-07-05 19:00:00,2025-07-05 19:00:00,2025-07-05 21:00:00,0.0
KM BK SIGUNTANG,KUPANG,2025-07-05 19:00:00,2025-07-05 19:00:00,2025-07-05 23:00:00,0.0
KM TILONGKABILA,BAU-BAU,2025-07-05 20:00:00,2025-07-05 20:00:00,2025-07-05 22:00:00,0.0
KM JETLINER,KENDARI,2025-07-05 21:00:00,2025-07-05 21:00:00,2025-07-06 07:00:00,0.0
KM JETLINER,KENDARI,2025-07-05 21:00:00,2025-07-06 07:00:00,2025-07-06 07:00:00,0.0
KM LABOBAR,AMBON,2025-07-05 22:00:00,2025-07-05 22:00:00,2025-07-06 01:00:00,0.0
KM BINAIYA,LABUAN BAJO,2025-07-05 23:00:00,2025-07-05 23:00:00,2025-07-06 01:00:00,0.0
KM LAWIT,SURABAYA,2025-07-06 01:00:00,2025-07-06 01:00:00,2025-07-06 06:00:00,0.0
KM SANGIANG,FAK-FAK,2025-07-06 04:00:00,2025-07-06 04:00:00,2025-07-06 10:00:00,0.0
KM KELUD,BATAM,2025-07-06 05:00:00,2025-07-06 05:00:00,2025-07-06 10:00:00,0.0
KM WILIS,WAIKELO,2025-07-06 06:00:00,2025-07-06 06:00:00,2025-07-06 07:00:00,0.0
KM TIDAR,SURABAYA,2025-07-06 06:00:00,2025-07-06 06:00:00,2025-07-06 08:00:00,0.0
KM BK SIGUNTANG,LEWOLEBA,2025-07-06 06:00:00,2025-07-06 06:00:00,2025-07-06 08:00:00,0.0
KM NGGAPULU,BAU-BAU,2025-07-06 08:00:00,2025-07-06 08:00:00,2025-07-06 10:00:00,0.0
KM LABOBAR,BANDA,2025-07-06 09:00:00,2025-07-06 16:00:00,2025-07-06 18:00:00,7.0
KM SINABUNG,BANGGAI,2025-07-06 09:00:00,2025-07-06 09:00:00,2025-07-06 11:00:00,0.0
KM AWU,BIMA,2025-07-06 09:00:00,2025-07-06 09:00:00,2025-07-06 11:00:00,0.0
KM SIRIMAU,KALABAHI,2025-07-06 09:00:00,2025-07-06 09:00:00,2025-07-06 11:00:00,0.0
KM LAMBELU,TARAKAN,2025-07-06 10:00:00,2025-07-06 10:00:00,2025-07-06 14:00:00,0.0
KM KELIMUTU,SEMARANG,2025-07-06 13:00:00,2025-07-06 13:00:00,2025-07-06 18:00:00,0.0
KM KELUD,TANJUNG BALAI KARIMUN,2025-07-06 13:00:00,2025-07-06 13:00:00,2025-07-06 14:00:00,0.0
KM CIREMAI,JAYAPURA,2025-07-06 14:00:00,2025-07-06 14:00:00,2025-07-06 20:00:00,0.0
KM BK SIGUNTANG,MAUMERE,2025-07-06 14:00:00,2025-07-06 14:00:00,2025-07-06 16:00:00,0.0
KM WILIS,WAINGAPU,2025-07-06 16:00:00,2025-07-06 16:00:00,2025-07-06 20:00:00,0.0
KM DOROLONDA,AMBON,2025-07-06 17:00:00,2025-07-06 17:00:00,2025-07-06 20:00:00,0.0
KM TILONGKABILA,MAKASSAR,2025-07-06 20:00:00,2025-07-06 20:00:00,2025-07-07 01:00:00,0.0
KM JETLINER,WANCI,2025-07-06 20:00:00,2025-07-06 20:00:00,2025-07-06 22:00:00,0.0
KM LAMBELU,NUNUKAN,2025-07-06 20:00:00,2025-07-06 20:00:00,2025-07-06 23:00:00,0.0
KM BINAIYA,MAKASSAR,2025-07-06 20:00:00,2025-07-07 01:00:00,2025-07-07 07:00:00,5.0
KM SANGIANG,GESER,2025-07-06 22:00:00,2025-07-06 22:00:00,2025-07-07 00:00:00,0.0
KM LABOBAR,TUAL,2025-07-07 00:00:00,2025-07-07 00:00:00,2025-07-07 03:00:00,0.0
KM DOROLONDA,NAMLEA,2025-07-07 01:00:00,2025-07-07 01:00:00,2025-07-07 03:00:00,0.0
KM NGGAPULU,MAKASSAR,2025-07-07 02:00:00,2025-07-07 07:00:00,2025-07-07 10:00:00,5.0
KM SINABUNG,BAU-BAU,2025-07-07 03:00:00,2025-07-07 03:00:00,2025-07-07 05:00:00,0.0
KM BK SIGUNTANG,BAU-BAU,2025-07-07 06:00:00,2025-07-07 06:00:00,2025-07-07 08:00:00,0.0
KM PANGRANGO,AMBON,2025-07-07 07:00:00,2025-07-07 07:00:00,2025-07-07 20:00:00,0.0
KM WILIS,ENDE,2025-07-07 07:00:00,2025-07-07 07:00:00,2025-07-07 09:00:00,0.0
KM AWU,BENOA,2025-07-07 08:00:00,2025-07-07 08:00:00,2025-07-07 11:00:00,0.0
KM BINAIYA,AWERANGE,2025-07-07 08:00:00,2025-07-07 08:00:00,2025-07-07 10:00:00,0.0
KM SANGIANG,BANDA,2025-07-07 09:00:00,2025-07-07 09:00:00,2025-07-07 11:00:00,0.0
KM LABOBAR,DOBO,2025-07-07 10:00:00,2025-07-07 10:00:00,2025-07-07 13:00:00,0.0
KM TATAMAILAU,MERAUKE,2025-07-07 10:00:00,2025-07-07 10:00:00,2025-07-08 07:00:00,0.0
KM DOBONSOLO,TANJUNG PRIOK,2025-07-07 11:00:00,2025-07-07 11:00:00,2025-07-07 21:00:00,0.0
KM JETLINER,KENDARI,2025-07-07 11:00:00,2025-07-07 11:00:00,2025-07-07 17:00:00,0.0
KM LAWIT,BENOA,2025-07-07 11:00:00,2025-07-07 11:00:00,2025-07-07 15:00:00,0.0
KM KELUD,BELAWAN,2025-07-07 13:00:00,2025-07-07 13:00:00,2025-07-08 13:00:00,0.0
KM CIREMAI,SERUI,2025-07-07 15:00:00,2025-07-07 15:00:00,2025-07-07 17:00:00,0.0
KM TIDAR,MAKASSAR,2025-07-07 15:00:00,2025-07-07 15:00:00,2025-07-07 18:00:00,0.0
KM TILONGKABILA,LABUAN BAJO,2025-07-07 19:00:00,2025-07-07 19:00:00,2025-07-07 21:00:00,0.0
KM SINABUNG,MAKASSAR,2025-07-07 20:00:00,2025-07-07 20:00:00,2025-07-07 22:00:00,0.0
KM LABOBAR,KAIMANA,2025-07-07 22:00:00,2025-07-07 22:00:00,2025-07-08 00:00:00,0.0
KM CIREMAI,NABIRE,2025-07-07 23:00:00,2025-07-07 23:00:00,2025-07-08 01:00:00,0.0
KM BK SIGUNTANG,MAKASSAR,2025-07-08 00:00:00,2025-07-08 00:00:00,2025-07-08 05:00:00,0.0
KM WILIS,KUPANG,2025-07-08 01:00:00,2025-07-08 01:00:00,2025-07-08 09:00:00,0.0
KM LAMBELU,BALIKPAPAN,2025-07-08 02:00:00,2025-07-08 02:00:00,2025-07-08 04:00:00,0.0
KM DOROLONDA,BAU-BAU,2025-07-08 02:00:00,2025-07-08 02:00:00,2025-07-08 04:00:00,0.0
KM TILONGKABILA,BIMA,2025-07-08 04:00:00,2025-07-08 04:00:00,2025-07-08 06:00:00,0.0
KM SANGIANG,AMBON,2025-07-08 04:00:00,2025-07-08 04:00:00,2025-07-08 07:00:00,0.0
KM JETLINER,WANCI,2025-07-08 06:00:00,2025-07-08 06:00:00,2025-07-08 08:00:00,0.0
KM SIRIMAU,SAUMLAKI,2025-07-08 07:00:00,2025-07-08 07:00:00,2025-07-08 09:00:00,0.0
KM PANGRANGO,NAMROLE,2025-07-08 07:00:00,2025-07-08 07:00:00,2025-07-08 09:00:00,0.0
KM NGGAPULU,SURABAYA,2025-07-08 09:00:00,2025-07-08 09:00:00,2025-07-08 12:00:00,0.0
KM TIDAR,BAU-BAU,2025-07-08 10:00:00,2025-07-08 10:00:00,2025-07-08 12:00:00,0.0
KM LABOBAR,FAK-FAK,2025-07-08 10:00:00,2025-07-08 10:00:00,2025-07-08 13:00:00,0.0
KM BK SIGUNTANG,PARE-PARE,2025-07-08 10:00:00,2025-07-08 10:00:00,2025-07-08 14:00:00,0.0
KM BINAIYA,BONTANG,2025-07-08 13:00:00,2025-07-08 13:00:00,2025-07-08 16:00:00,0.0
KM LAWIT,BIMA,2025-07-08 13:00:00,2025-07-08 13:00:00,2025-07-08 15:00:00,0.0
KM AWU,SURABAYA,2025-07-08 15:00:00,2025-07-08 15:00:00,2025-07-08 22:00:00,0.0
KM KELIMUTU,PONTIANAK,2025-07-08 16:00:00,2025-07-08 16:00:00,2025-07-08 18:00:00,0.0
KM SANGIANG,NAMLEA,2025-07-08 18:00:00,2025-07-08 18:00:00,2025-07-08 20:00:00,0.0
KM DOROLONDA,MAKASSAR,2025-07-08 18:00:00,2025-07-08 18:00:00,2025-07-08 21:00:00,0.0
KM PANGRANGO,AMBON,2025-07-08 20:00:00,2025-07-08 20:00:00,2025-07-09 00:00:00,0.0
KM LAMBELU,PARE-PARE,2025-07-08 20:00:00,2025-07-08 20:00:00,2025-07-08 22:00:00,0.0
KM JETLINER,KENDARI,2025-07-08 21:00:00,2025-07-08 21:00:00,2025-07-08 23:00:00,0.0
KM DOBONSOLO,SURABAYA,2025-07-08 23:00:00,2025-07-08 23:00:00,2025-07-09 02:00:00,0.0
KM LABOBAR,KAIMANA,2025-07-08 23:00:00,2025-07-08 23:00:00,2025-07-09 02:00:00,0.0
KM TILONGKABILA,LEMBAR,2025-07-09 00:00:00,2025-07-09 00:00:00,2025-07-09 02:00:00,0.0
KM SINABUNG,SURABAYA,2025-07-09 02:00:00,2025-07-09 02:00:00,2025-07-09 16:00:00,0.0
KM TIDAR,MAUMERE,2025-07-09 02:00:00,2025-07-09 02:00:00,2025-07-09 04:00:00,0.0
KM CIREMAI,SORONG,2025-07-09 02:00:00,2025-07-09 02:00:00,2025-07-09 04:00:00,0.0
KM WILIS,KALABAHI,2025-07-09 02:00:00,2025-07-09 02:00:00,2025-07-09 14:00:00,0.0
KM SINABUNG,SURABAYA,2025-07-09 02:00:00,2025-07-09 16:00:00,2025-07-09 16:00:00,0.0
KM LAMBELU,MAKASSAR,2025-07-09 03:00:00,2025-07-09 03:00:00,2025-07-09 03:00:00,0.0
KM LAMBELU,MAKASSAR,2025-07-09 03:00:00,2025-07-09 03:00:00,2025-07-09 11:00:00,0.0
KM SIRIMAU,TUAL,2025-07-09 05:00:00,2025-07-09 05:00:00,2025-07-09 10:00:00,0.0
KM LAWIT,WAINGAPU,2025-07-09 06:00:00,2025-07-09 06:00:00,2025-07-09 09:00:00,0.0
KM BK SIGUNTANG,BALIKPAPAN,2025-07-09 06:00:00,2025-07-09 06:00:00,2025-07-09 08:00:00,0.0
KM JETLINER,RAHA,2025-07-09 07:00:00,2025-07-09 07:00:00,2025-07-09 08:00:00,0.0
KM TILONGKABILA,BENOA,2025-07-09 08:00:00,2025-07-09 08:00:00,2025-07-10 09:00:00,0.0
KM TILONGKABILA,BENOA,2025-07-09 08:00:00,2025-07-10 09:00:00,2025-07-10 09:00:00,0.0
KM SANGIANG,SANANA,2025-07-09 09:00:00,2025-07-09 09:00:00,2025-07-09 11:00:00,0.0
KM TIDAR,LARANTUKA,2025-07-09 10:00:00,2025-07-09 10:00:00,2025-07-09 11:00:00,0.0
KM LABOBAR,DOBO,2025-07-09 11:00:00,2025-07-09 11:00:00,2025-07-09 14:00:00,0.0
KM KELUD,TANJUNG BALAI KARIMUN,2025-07-09 12:00:00,2025-07-09 12:00:00,2025-07-09 13:00:00,0.0
KM TIDAR,LEWOLEBA,2025-07-09 13:00:00,2025-07-09 13:00:00,2025-07-09 14:00:00,0.0
KM NGGAPULU,TANJUNG PRIOK,2025-07-09 14:00:00,2025-07-09 14:00:00,2025-07-10 09:00:00,0.0
KM NGGAPULU,TANJUNG PRIOK,2025-07-09 14:00:00,2025-07-10 09:00:00,2025-07-10 09:00:00,0.0
KM KELIMUTU,TANJUNG PANDAN,2025-07-09 14:00:00,2025-07-09 14:00:00,2025-07-09 15:00:00,0.0
KM PANGRANGO,BANDA,2025-07-09 15:00:00,2025-07-09 15:00:00,2025-07-09 17:00:00,0.0
KM JETLINER,KENDARI,2025-07-09 16:00:00,2025-07-09 16:00:00,2025-07-09 18:00:00,0.0
KM KELUD,BATAM,2025-07-09 16:00:00,2025-07-09 16:00:00,2025-07-09 20:00:00,0.0
KM LAMBELU,PARE-PARE,2025-07-09 16:00:00,2025-07-09 16:00:00,2025-07-09 19:00:00,0.0
KM BINAIYA,PARE-PARE,2025-07-09 19:00:00,2025-07-09 19:00:00,2025-07-09 21:00:00,0.0
KM LAWIT,ENDE,2025-07-09 19:00:00,2025-07-09 19:00:00,2025-07-09 21:00:00,0.0
KM SIRIMAU,DOBO,2025-07-09 21:00:00,2025-07-09 21:00:00,2025-07-09 23:00:00,0.0
KM LABOBAR,TUAL,2025-07-09 21:00:00,2025-07-09 21:00:00,2025-07-10 00:00:00,0.0
KM TIDAR,KUPANG,2025-07-09 22:00:00,2025-07-09 22:00:00,2025-07-10 02:00:00,0.0
KM DOROLONDA,SURABAYA,2025-07-10 00:00:00,2025-07-10 00:00:00,2025-07-10 00:00:00,0.0
KM TATAMAILAU,AGATS,2025-07-10 00:00:00,2025-07-10 00:00:00,2025-07-10 02:00:00,0.0
KM DOROLONDA,SURABAYA,2025-07-10 00:00:00,2025-07-10 00:00:00,2025-07-10 13:00:00,0.0
KM CIREMAI,AMBON,2025-07-10 02:00:00,2025-07-10 02:00:00,2025-07-10 05:00:00,0.0
KM AWU,KUMAI,2025-07-10 03:00:00,2025-07-10 03:00:00,2025-07-10 03:00:00,0.0
KM SANGIANG,BACAN,2025-07-10 05:00:00,2025-07-10 05:00:00,2025-07-10 07:00:00,0.0
KM WILIS,KUPANG,2025-07-10 06:00:00,2025-07-10 06:00:00,2025-07-10 14:00:00,0.0
KM JETLINER,WANCI,2025-07-10 07:00:00,2025-07-10 07:00:00,2025-07-10 09:00:00,0.0
KM DOBONSOLO,MAKASSAR,2025-07-10 08:00:00,2025-07-10 08:00:00,2025-07-10 11:00:00,0.0
KM BK SIGUNTANG,TARAKAN,2025-07-10 08:00:00,2025-07-10 08:00:00,2025-07-10 12:00:00,0.0
KM KELIMUTU,TANJUNG PRIOK,2025-07-10 10:00:00,2025-07-10 10:00:00,2025-07-11 00:00:00,0.0
KM KELIMUTU,TANJUNG PRIOK,2025-07-10 10:00:00,2025-07-11 00:00:00,2025-07-11 00:00:00,0.0
KM TIDAR,LEWOLEBA,2025-07-10 10:00:00,2025-07-10 10:00:00,2025-07-10 11:00:00,0.0
KM LAMBELU,BALIKPAPAN,2025-07-10 11:00:00,2025-07-10 11:00:00,2025-07-10 13:00:00,0.0
KM LABOBAR,BANDA,2025-07-10 12:00:00,2025-07-10 12:00:00,2025-07-10 15:00:00,0.0
KM TATAMAILAU,TIMIKA,2025-07-10 13:00:00,2025-07-10 13:00:00,2025-07-10 23:00:00,0.0
KM TIDAR,LARANTUKA,2025-07-10 14:00:00,2025-07-10 14:00:00,2025-07-10 16:00:00,0.0
KM TILONGKABILA,LEMBAR,2025-07-10 15:00:00,2025-07-10 15:00:00,2025-07-10 17:00:00,0.0
KM SIRIMAU,TIMIKA,2025-07-10 16:00:00,2025-07-10 23:00:00,2025-07-11 01:00:00,7.0
KM LAWIT,KALABAHI,2025-07-10 16:00:00,2025-07-10 16:00:00,2025-07-10 18:00:00,0.0
KM SANGIANG,TERNATE,2025-07-10 17:00:00,2025-07-10 17:00:00,2025-07-10 19:00:00,0.0
KM BK SIGUNTANG,NUNUKAN,2025-07-10 18:00:00,2025-07-10 18:00:00,2025-07-10 20:00:00,0.0
KM TIDAR,MAUMERE,2025-07-10 22:00:00,2025-07-10 22:00:00,2025-07-11 00:00:00,0.0
KM JETLINER,KENDARI,2025-07-10 22:00:00,2025-07-10 22:00:00,2025-07-11 17:00:00,0.0
KM SINABUNG,MAKASSAR,2025-07-10 23:00:00,2025-07-10 23:00:00,2025-07-11 02:00:00,0.0
KM LABOBAR,AMBON,2025-07-10 23:00:00,2025-07-10 23:00:00,2025-07-11 02:00:00,0.0
KM PANGRANGO,SAUMLAKI,2025-07-11 00:00:00,2025-07-11 00:00:00,2025-07-11 03:00:00,0.0
KM BINAIYA,BONTANG,2025-07-11 00:00:00,2025-07-11 00:00:00,2025-07-11 03:00:00,0.0
KM DOBONSOLO,BAU-BAU,2025-07-11 03:00:00,2025-07-11 03:00:00,2025-07-11 05:00:00,0.0
KM KELUD,TANJUNG PRIOK,2025-07-11 04:00:00,2025-07-11 04:00:00,2025-07-11 04:00:00,0.0
KM KELUD,TANJUNG PRIOK,2025-07-11 04:00:00,2025-07-11 04:00:00,2025-07-12 02:00:00,0.0
KM CIREMAI,BAU-BAU,2025-07-11 06:00:00,2025-07-11 06:00:00,2025-07-11 09:00:00,0.0
KM WILIS,ENDE,2025-07-11 06:00:00,2025-07-11 06:00:00,2025-07-11 08:00:00,0.0
KM LAWIT,KUPANG,2025-07-11 07:00:00,2025-07-11 07:00:00,2025-07-11 11:00:00,0.0
KM TILONGKABILA,BIMA,2025-07-11 11:00:00,2025-07-11 11:00:00,2025-07-11 15:00:00,0.0
KM SIRIMAU,AGATS,2025-07-11 11:00:00,2025-07-11 11:00:00,2025-07-11 15:00:00,0.0
KM SANGIANG,BITUNG,2025-07-11 12:00:00,2025-07-11 12:00:00,2025-07-11 19:00:00,0.0
KM SANGIANG,BITUNG,2025-07-11 12:00:00,2025-07-11 19:00:00,2025-07-11 19:00:00,0.0
KM NGGAPULU,SURABAYA,2025-07-11 12:00:00,2025-07-11 12:00:00,2025-07-11 16:00:00,0.0
KM TIDAR,BAU-BAU,2025-07-11 13:00:00,2025-07-11 13:00:00,2025-07-11 15:00:00,0.0
KM LAMBELU,TARAKAN,2025-07-11 15:00:00,2025-07-11 15:00:00,2025-07-11 18:00:00,0.0
KM LAWIT,ROTE,2025-07-11 16:00:00,2025-07-11 16:00:00,2025-07-11 17:00:00,0.0
KM SINABUNG,BAU-BAU,2025-07-11 17:00:00,2025-07-11 17:00:00,2025-07-11 20:00:00,0.0
KM KELIMUTU,TANJUNG PANDAN,2025-07-11 18:00:00,2025-07-11 18:00:00,2025-07-11 20:00:00,0.0
KM WILIS,WAINGAPU,2025-07-11 19:00:00,2025-07-11 19:00:00,2025-07-11 21:00:00,0.0
KM DOROLONDA,BALIKPAPAN,2025-07-11 20:00:00,2025-07-11 20:00:00,2025-07-11 22:00:00,0.0
KM TILONGKABILA,LABUAN BAJO,2025-07-11 22:00:00,2025-07-11 22:00:00,2025-07-12 00:00:00,0.0
KM LAWIT,KUPANG,2025-07-11 22:00:00,2025-07-11 22:00:00,2025-07-12 02:00:00,0.0
KM TATAMAILAU,TUAL,2025-07-11 22:00:00,2025-07-11 22:00:00,2025-07-12 00:00:00,0.0
KM BK SIGUNTANG,BALIKPAPAN,2025-07-11 23:00:00,2025-07-11 23:00:00,2025-07-12 01:00:00,0.0
KM LAMBELU,NUNUKAN,2025-07-12 00:00:00,2025-07-12 00:00:00,2025-07-12 03:00:00,0.0
KM CIREMAI,MAKASSAR,2025-07-12 01:00:00,2025-07-12 01:00:00,2025-07-12 04:00:00,0.0
KM LABOBAR,BAU-BAU,2025-07-12 01:00:00,2025-07-12 01:00:00,2025-07-12 04:00:00,0.0
KM WILIS,WAIKELO,2025-07-12 06:00:00,2025-07-12 06:00:00,2025-07-12 07:00:00,0.0
KM BINAIYA,AWERANGE,2025-07-12 06:00:00,2025-07-12 06:00:00,2025-07-12 08:00:00,0.0
KM JETLINER,WANCI,2025-07-12 06:00:00,2025-07-12 06:00:00,2025-07-12 08:00:00,0.0
KM PANGRANGO,BANDA,2025-07-12 07:00:00,2025-07-12 07:00:00,2025-07-12 09:00:00,0.0
KM TIDAR,MAKASSAR,2025-07-12 08:00:00,2025-07-12 08:00:00,2025-07-12 12:00:00,0.0
KM DOROLONDA,PANTOLOAN,2025-07-12 10:00:00,2025-07-12 10:00:00,2025-07-12 12:00:00,0.0
KM TATAMAILAU,KAIMANA,2025-07-12 13:00:00,2025-07-12 13:00:00,2025-07-12 15:00:00,0.0
KM SINABUNG,BANGGAI,2025-07-12 13:00:00,2025-07-12 13:00:00,2025-07-12 14:00:00,0.0
KM BINAIYA,MAKASSAR,2025-07-12 14:00:00,2025-07-12 14:00:00,2025-07-12 18:00:00,0.0
KM SANGIANG,TERNATE,2025-07-12 15:00:00,2025-07-12 15:00:00,2025-07-12 18:00:00,0.0
KM LAWIT,KALABAHI,2025-07-12 15:00:00,2025-07-12 15:00:00,2025-07-12 17:00:00,0.0
KM BK SIGUNTANG,PARE-PARE,2025-07-12 17:00:00,2025-07-12 17:00:00,2025-07-12 21:00:00,0.0
KM LABOBAR,MAKASSAR,2025-07-12 18:00:00,2025-07-12 18:00:00,2025-07-12 21:00:00,0.0
KM WILIS,BIMA,2025-07-12 18:00:00,2025-07-12 18:00:00,2025-07-12 20:00:00,0.0
KM TILONGKABILA,MAKASSAR,2025-07-12 18:00:00,2025-07-12 21:00:00,2025-07-13 02:00:00,3.0
KM KELIMUTU,PONTIANAK,2025-07-12 19:00:00,2025-07-12 19:00:00,2025-07-12 22:00:00,0.0
KM JETLINER,KENDARI,2025-07-12 21:00:00,2025-07-12 21:00:00,2025-07-12 21:00:00,0.0
KM NGGAPULU,MAKASSAR,2025-07-12 21:00:00,2025-07-13 02:00:00,2025-07-13 06:00:00,5.0
KM DOBONSOLO,SORONG,2025-07-12 22:00:00,2025-07-12 22:00:00,2025-07-13 01:00:00,0.0
KM PANGRANGO,AMBON,2025-07-13 00:00:00,2025-07-13 00:00:00,2025-07-13 17:00:00,0.0
KM LAMBELU,PANTOLOAN,2025-07-13 00:00:00,2025-07-13 00:00:00,2025-07-13 02:00:00,0.0
KM BK SIGUNTANG,MAKASSAR,2025-07-13 02:00:00,2025-07-13 06:00:00,2025-07-13 06:00:00,4.0
KM BK SIGUNTANG,MAKASSAR,2025-07-13 02:00:00,2025-07-13 06:00:00,2025-07-13 16:00:00,0.0
KM TATAMAILAU,FAK-FAK,2025-07-13 04:00:00,2025-07-13 04:00:00,2025-07-13 06:00:00,0.0
KM SINABUNG,BITUNG,2025-07-13 05:00:00,2025-07-13 05:00:00,2025-07-13 08:00:00,0.0
KM WILIS,LABUAN BAJO,2025-07-13 05:00:00,2025-07-13 05:00:00,2025-07-13 06:00:00,0.0
KM SANGIANG,BACAN,2025-07-13 07:00:00,2025-07-13 07:00:00,2025-07-13 09:00:00,0.0
KM CIREMAI,SURABAYA,2025-07-13 09:00:00,2025-07-13 09:00:00,2025-07-13 11:00:00,0.0
KM KELUD,BATAM,2025-07-13 10:00:00,2025-07-13 10:00:00,2025-07-13 14:00:00,0.0
KM LAWIT,ENDE,2025-07-13 12:00:00,2025-07-13 12:00:00,2025-07-13 14:00:00,0.0
KM BINAIYA,LABUAN BAJO,2025-07-13 13:00:00,2025-07-13 13:00:00,2025-07-13 15:00:00,0.0
KM DOBONSOLO,MANOKWARI,2025-07-13 15:00:00,2025-07-13 15:00:00,2025-07-13 17:00:00,0.0
KM LAMBELU,BALIKPAPAN,2025-07-13 15:00:00,2025-07-13 15:00:00,2025-07-13 17:00:00,0.0
KM NGGAPULU,BAU-BAU,2025-07-13 15:00:00,2025-07-13 15:00:00,2025-07-13 17:00:00,0.0
KM SIRIMAU,MERAUKE,2025-07-13 16:00:00,2025-07-13 16:00:00,2025-07-14 00:00:00,0.0
KM KELUD,TANJUNG BALAI KARIMUN,2025-07-13 17:00:00,2025-07-13 17:00:00,2025-07-13 18:00:00,0.0
KM DOROLONDA,BITUNG,2025-07-13 17:00:00,2025-07-13 17:00:00,2025-07-13 20:00:00,0.0
KM BK SIGUNTANG,PARE-PARE,2025-07-13 17:00:00,2025-07-13 17:00:00,2025-07-13 20:00:00,0.0
KM SINABUNG,TERNATE,2025-07-13 18:00:00,2025-07-13 18:00:00,2025-07-13 20:00:00,0.0
KM TIDAR,SURABAYA,2025-07-13 19:00:00,2025-07-13 19:00:00,2025-07-13 21:00:00,0.0
KM TILONGKABILA,BAU-BAU,2025-07-13 20:00:00,2025-07-13 20:00:00,2025-07-13 22:00:00,0.0
KM LABOBAR,SURABAYA,2025-07-13 22:00:00,2025-07-13 22:00:00,2025-07-14 01:00:00,0.0
KM TATAMAILAU,SORONG,2025-07-13 23:00:00,2025-07-13 23:00:00,2025-07-14 02:00:00,0.0
KM BINAIYA,BIMA,2025-07-13 23:00:00,2025-07-13 23:00:00,2025-07-14 00:00:00,0.0
KM LAWIT,WAINGAPU,2025-07-14 00:00:00,2025-07-14 00:00:00,2025-07-14 03:00:00,0.0
KM TILONGKABILA,RAHA,2025-07-14 02:00:00,2025-07-14 02:00:00,2025-07-14 04:00:00,0.0
KM SINABUNG,BACAN,2025-07-14 02:00:00,2025-07-14 02:00:00,2025-07-14 03:00:00,0.0
KM DOROLONDA,TERNATE,2025-07-14 06:00:00,2025-07-14 06:00:00,2025-07-14 08:00:00,0.0
KM WILIS,MAKASSAR,2025-07-14 06:00:00,2025-07-14 06:00:00,2025-07-14 09:00:00,0.0
KM DOBONSOLO,SORONG,2025-07-14 07:00:00,2025-07-14 07:00:00,2025-07-14 10:00:00,0.0
KM PANGRANGO,BANDA,2025-07-14 08:00:00,2025-07-14 08:00:00,2025-07-14 10:00:00,0.0
KM SANGIANG,SANANA,2025-07-14 08:00:00,2025-07-14 08:00:00,2025-07-14 10:00:00,0.0
KM LAMBELU,PARE-PARE,2025-07-14 09:00:00,2025-07-14 09:00:00,2025-07-14 12:00:00,0.0
KM TILONGKABILA,KENDARI,2025-07-14 10:00:00,2025-07-14 10:00:00,2025-07-14 14:00:00,0.0
KM BK SIGUNTANG,BALIKPAPAN,2025-07-14 11:00:00,2025-07-14 11:00:00,2025-07-14 13:00:00,0.0
KM KELIMUTU,SEMARANG,2025-07-14 14:00:00,2025-07-14 14:00:00,2025-07-15 06:00:00,0.0
KM CIREMAI,TANJUNG PRIOK,2025-07-14 14:00:00,2025-07-14 14:00:00,2025-07-15 04:00:00,0.0
KM CIREMAI,TANJUNG PRIOK,2025-07-14 14:00:00,2025-07-15 04:00:00,2025-07-15 04:00:00,0.0
KM NGGAPULU,NAMLEA,2025-07-14 16:00:00,2025-07-14 16:00:00,2025-07-14 18:00:00,0.0
KM LAMBELU,MAKASSAR,2025-07-14 17:00:00,2025-07-14 17:00:00,2025-07-14 20:00:00,0.0
KM KELUD,BELAWAN,2025-07-14 17:00:00,2025-07-14 17:00:00,2025-07-15 13:00:00,0.0
KM TATAMAILAU,BITUNG,2025-07-14 17:00:00,2025-07-14 17:00:00,2025-07-15 02:00:00,0.0
KM LAWIT,BIMA,2025-07-14 18:00:00,2025-07-14 18:00:00,2025-07-14 20:00:00,0.0
KM SINABUNG,SORONG,2025-07-14 19:00:00,2025-07-14 19:00:00,2025-07-14 22:00:00,0.0
KM BINAIYA,BENOA,2025-07-14 23:00:00,2025-07-14 23:00:00,2025-07-15 07:00:00,0.0
KM SANGIANG,NAMLEA,2025-07-15 00:00:00,2025-07-15 00:00:00,2025-07-15 01:00:00,0.0
KM NGGAPULU,AMBON,2025-07-15 00:00:00,2025-07-15 00:00:00,2025-07-15 04:00:00,0.0
KM TIDAR,TANJUNG PRIOK,2025-07-15 02:00:00,2025-07-15 04:00:00,2025-07-15 06:00:00,2.0
KM DOROLONDA,SORONG,2025-07-15 03:00:00,2025-07-15 03:00:00,2025-07-15 06:00:00,0.0
KM LABOBAR,TANJUNG PRIOK,2025-07-15 04:00:00,2025-07-15 06:00:00,2025-07-15 06:00:00,2.0
KM LABOBAR,TANJUNG PRIOK,2025-07-15 04:00:00,2025-07-15 06:00:00,2025-07-15 21:00:00,0.0
KM TATAMAILAU,TIDORE,2025-07-15 05:00:00,2025-07-15 05:00:00,2025-07-15 06:00:00,0.0
KM TILONGKABILA,LUWUK,2025-07-15 07:00:00,2025-07-15 07:00:00,2025-07-15 10:00:00,0.0
KM LAMBELU,BAU-BAU,2025-07-15 11:00:00,2025-07-15 11:00:00,2025-07-15 13:00:00,0.0
KM SANGIANG,AMBON,2025-07-15 11:00:00,2025-07-15 11:00:00,2025-07-15 15:00:00,0.0
KM SINABUNG,MANOKWARI,2025-07-15 12:00:00,2025-07-15 12:00:00,2025-07-15 14:00:00,0.0
KM SIRIMAU,AGATS,2025-07-15 14:00:00,2025-07-15 14:00:00,2025-07-15 16:00:00,0.0
KM BK SIGUNTANG,TARAKAN,2025-07-15 14:00:00,2025-07-15 14:00:00,2025-07-15 18:00:00,0.0
KM WILIS,BATULICIN,2025-07-15 15:00:00,2025-07-15 15:00:00,2025-07-16 20:00:00,0.0
KM WILIS,BATULICIN,2025-07-15 15:00:00,2025-07-16 20:00:00,2025-07-16 20:00:00,0.0
KM TATAMAILAU,TERNATE,2025-07-15 16:00:00,2025-07-15 16:00:00,2025-07-15 17:00:00,0.0
KM PANGRANGO,SAUMLAKI,2025-07-15 17:00:00,2025-07-15 17:00:00,2025-07-15 20:00:00,0.0
KM LAWIT,BENOA,2025-07-15 18:00:00,2025-07-15 18:00:00,2025-07-15 21:00:00,0.0
KM DOROLONDA,MANOKWARI,2025-07-15 19:00:00,2025-07-15 19:00:00,2025-07-15 21:00:00,0.0
KM TATAMAILAU,BITUNG,2025-07-15 19:00:00,2025-07-15 19:00:00,2025-07-15 19:00:00,0.0
KM TILONGKABILA,GORONTALO,2025-07-15 21:00:00,2025-07-15 21:00:00,2025-07-15 23:00:00,0.0
KM SINABUNG,NABIRE,2025-07-16 00:00:00,2025-07-16 00:00:00,2025-07-16 02:00:00,0.0
KM NGGAPULU,TERNATE,2025-07-16 00:00:00,2025-07-16 00:00:00,2025-07-16 02:00:00,0.0
KM BK SIGUNTANG,NUNUKAN,2025-07-16 00:00:00,2025-07-16 00:00:00,2025-07-16 02:00:00,0.0
KM DOBONSOLO,BAU-BAU,2025-07-16 02:00:00,2025-07-16 02:00:00,2025-07-16 04:00:00,0.0
KM LAMBELU,MAUMERE,2025-07-16 02:00:00,2025-07-16 02:00:00,2025-07-16 04:00:00,0.0
KM NGGAPULU,JAILOLO,2025-07-16 04:00:00,2025-07-16 04:00:00,2025-07-16 06:00:00,0.0
KM KELIMUTU,KUMAI,2025-07-16 06:00:00,2025-07-16 06:00:00,2025-07-16 10:00:00,0.0
KM SIRIMAU,TIMIKA,2025-07-16 06:00:00,2025-07-16 06:00:00,2025-07-16 08:00:00,0.0
KM CIREMAI,SURABAYA,2025-07-16 06:00:00,2025-07-16 06:00:00,2025-07-16 10:00:00,0.0
KM DOROLONDA,NABIRE,2025-07-16 07:00:00,2025-07-16 07:00:00,2025-07-16 09:00:00,0.0
KM SANGIANG,BANDA,2025-07-16 07:00:00,2025-07-16 07:00:00,2025-07-16 09:00:00,0.0
KM LAMBELU,LARANTUKA,2025-07-16 09:00:00,2025-07-16 09:00:00,2025-07-16 11:00:00,0.0
KM BINAIYA,LABUAN BAJO,2025-07-16 10:00:00,2025-07-16 10:00:00,2025-07-16 13:00:00,0.0
KM SINABUNG,BIAK,2025-07-16 11:00:00,2025-07-16 11:00:00,2025-07-16 13:00:00,0.0
KM KELUD,TANJUNG BALAI KARIMUN,2025-07-16 12:00:00,2025-07-16 12:00:00,2025-07-16 13:00:00,0.0
KM TIDAR,KIJANG,2025-07-16 14:00:00,2025-07-16 14:00:00,2025-07-16 17:00:00,0.0
KM TILONGKABILA,BITUNG,2025-07-16 14:00:00,2025-07-16 14:00:00,2025-07-17 03:00:00,0.0
KM TIDAR,KIJANG,2025-07-16 14:00:00,2025-07-16 17:00:00,2025-07-16 17:00:00,0.0
KM DOROLONDA,SERUI,2025-07-16 15:00:00,2025-07-16 15:00:00,2025-07-16 17:00:00,0.0
KM NGGAPULU,BITUNG,2025-07-16 15:00:00,2025-07-17 03:00:00,2025-07-17 14:00:00,12.0
KM KELUD,BATAM,2025-07-16 16:00:00,2025-07-16 16:00:00,2025-07-16 20:00:00,0.0
KM TATAMAILAU,AMBON,2025-07-16 18:00:00,2025-07-16 18:00:00,2025-07-16 20:00:00,0.0
KM DOBONSOLO,MAKASSAR,2025-07-16 19:00:00,2025-07-16 19:00:00,2025-07-16 22:00:00,0.0
KM SANGIANG,GESER,2025-07-16 19:00:00,2025-07-16 19:00:00,2025-07-16 21:00:00,0.0
KM LABOBAR,SURABAYA,2025-07-16 21:00:00,2025-07-16 21:00:00,2025-07-17 01:00:00,0.0
KM LAMBELU,BAU-BAU,2025-07-16 23:00:00,2025-07-16 23:00:00,2025-07-17 01:00:00,0.0
KM PANGRANGO,BANDA,2025-07-17 00:00:00,2025-07-17 00:00:00,2025-07-17 02:00:00,0.0
KM SIRIMAU,DOBO,2025-07-17 01:00:00,2025-07-17 01:00:00,2025-07-17 03:00:00,0.0
KM LAWIT,SURABAYA,2025-07-17 03:00:00,2025-07-17 03:00:00,2025-07-17 06:00:00,0.0
KM BK SIGUNTANG,BALIKPAPAN,2025-07-17 05:00:00,2025-07-17 05:00:00,2025-07-17 07:00:00,0.0
KM SANGIANG,FAK-FAK,2025-07-17 09:00:00,2025-07-17 09:00:00,2025-07-17 16:00:00,0.0
KM SINABUNG,JAYAPURA,2025-07-17 09:00:00,2025-07-17 09:00:00,2025-07-17 14:00:00,0.0
KM KELIMUTU,SEMARANG,2025-07-17 10:00:00,2025-07-17 10:00:00,2025-07-17 17:00:00,0.0
KM DOROLONDA,JAYAPURA,2025-07-17 12:00:00,2025-07-17 14:00:00,2025-07-17 20:00:00,2.0
KM NGGAPULU,JAILOLO,2025-07-17 12:00:00,2025-07-17 14:00:00,2025-07-17 16:00:00,0.0
KM SIRIMAU,TUAL,2025-07-17 13:00:00,2025-07-17 13:00:00,2025-07-17 18:00:00,0.0
KM BINAIYA,BENOA,2025-07-17 16:00:00,2025-07-17 16:00:00,2025-07-18 07:00:00,0.0
KM LAMBELU,MAKASSAR,2025-07-17 16:00:00,2025-07-17 16:00:00,2025-07-17 20:00:00,0.0
KM CIREMAI,MAKASSAR,2025-07-17 16:00:00,2025-07-17 20:00:00,2025-07-18 00:00:00,4.0
KM NGGAPULU,TERNATE,2025-07-17 16:00:00,2025-07-17 16:00:00,2025-07-17 18:00:00,0.0
KM BINAIYA,BENOA,2025-07-17 16:00:00,2025-07-18 07:00:00,2025-07-18 07:00:00,0.0
KM PANGRANGO,AMBON,2025-07-17 17:00:00,2025-07-17 17:00:00,2025-07-17 17:00:00,0.0
KM PANGRANGO,AMBON,2025-07-17 17:00:00,2025-07-17 17:00:00,2025-07-18 14:00:00,0.0
KM TILONGKABILA,GORONTALO,2025-07-17 18:00:00,2025-07-17 18:00:00,2025-07-17 20:00:00,0.0
KM TATAMAILAU,TUAL,2025-07-17 22:00:00,2025-07-17 22:00:00,2025-07-18 02:00:00,0.0
KM BK SIGUNTANG,PARE-PARE,2025-07-17 22:00:00,2025-07-17 22:00:00,2025-07-18 01:00:00,0.0
KM DOBONSOLO,SURABAYA,2025-07-18 01:00:00,2025-07-18 01:00:00,2025-07-18 03:00:00,0.0
KM LAMBELU,PARE-PARE,2025-07-18 01:00:00,2025-07-18 01:00:00,2025-07-18 06:00:00,0.0
KM WILIS,MAKASSAR,2025-07-18 02:00:00,2025-07-18 02:00:00,2025-07-18 08:00:00,0.0
KM TIDAR,TANJUNG PRIOK,2025-07-18 03:00:00,2025-07-18 03:00:00,2025-07-18 09:00:00,0.0
KM KELUD,TANJUNG PRIOK,2025-07-18 04:00:00,2025-07-18 09:00:00,2025-07-19 02:00:00,5.0
KM KELUD,TANJUNG PRIOK,2025-07-18 04:00:00,2025-07-19 02:00:00,2025-07-19 02:00:00,0.0
KM SANGIANG,GESER,2025-07-18 05:00:00,2025-07-18 05:00:00,2025-07-18 07:00:00,0.0
KM LABOBAR,MAKASSAR,2025-07-18 06:00:00,2025-07-18 08:00:00,2025-07-18 11:00:00,2.0
KM BK SIGUNTANG,MAKASSAR,2025-07-18 06:00:00,2025-07-18 11:00:00,2025-07-18 16:00:00,5.0
KM TILONGKABILA,LUWUK,2025-07-18 07:00:00,2025-07-18 07:00:00,2025-07-18 09:00:00,0.0
KM SINABUNG,BIAK,2025-07-18 11:00:00,2025-07-18 11:00:00,2025-07-18 13:00:00,0.0
KM TATAMAILAU,DOBO,2025-07-18 11:00:00,2025-07-18 11:00:00,2025-07-18 13:00:00,0.0
KM LAWIT,KUMAI,2025-07-18 11:00:00,2025-07-18 11:00:00,2025-07-18 11:00:00,0.0
KM DOROLONDA,SERUI,2025-07-18 12:00:00,2025-07-18 12:00:00,2025-07-18 14:00:00,0.0
KM CIREMAI,BAU-BAU,2025-07-18 12:00:00,2025-07-18 12:00:00,2025-07-18 14:00:00,0.0
KM SIRIMAU,SAUMLAKI,2025-07-18 13:00:00,2025-07-18 13:00:00,2025-07-18 15:00:00,0.0
KM NGGAPULU,AMBON,2025-07-18 14:00:00,2025-07-18 14:00:00,2025-07-18 17:00:00,0.0
KM SANGIANG,BANDA,2025-07-18 17:00:00,2025-07-18 17:00:00,2025-07-18 19:00:00,0.0
KM DOROLONDA,NABIRE,2025-07-18 20:00:00,2025-07-18 20:00:00,2025-07-18 22:00:00,0.0
KM LAMBELU,BALIKPAPAN,2025-07-18 22:00:00,2025-07-18 22:00:00,2025-07-19 00:00:00,0.0
KM NGGAPULU,NAMLEA,2025-07-18 22:00:00,2025-07-18 22:00:00,2025-07-19 00:00:00,0.0
KM SINABUNG,NABIRE,2025-07-18 23:00:00,2025-07-18 23:00:00,2025-07-19 01:00:00,0.0
KM LABOBAR,BAU-BAU,2025-07-19 01:00:00,2025-07-19 01:00:00,2025-07-19 03:00:00,0.0
KM TILONGKABILA,KENDARI,2025-07-19 03:00:00,2025-07-19 03:00:00,2025-07-19 07:00:00,0.0
KM DOBONSOLO,TANJUNG PRIOK,2025-07-19 05:00:00,2025-07-19 05:00:00,2025-07-19 05:00:00,0.0
KM DOBONSOLO,TANJUNG PRIOK,2025-07-19 05:00:00,2025-07-19 05:00:00,2025-07-19 16:00:00,0.0
KM PANGRANGO,BANDA,2025-07-19 05:00:00,2025-07-19 05:00:00,2025-07-20 16:00:00,0.0
KM BK SIGUNTANG,MAUMERE,2025-07-19 05:00:00,2025-07-19 05:00:00,2025-07-19 07:00:00,0.0
KM BINAIYA,BIMA,2025-07-19 06:00:00,2025-07-19 06:00:00,2025-07-19 08:00:00,0.0
KM DOROLONDA,MANOKWARI,2025-07-19 08:00:00,2025-07-19 08:00:00,2025-07-19 10:00:00,0.0
KM WILIS,LABUAN BAJO,2025-07-19 08:00:00,2025-07-19 08:00:00,2025-07-19 09:00:00,0.0
KM TATAMAILAU,TIMIKA,2025-07-19 09:00:00,2025-07-19 09:00:00,2025-07-19 11:00:00,0.0
KM SINABUNG,MANOKWARI,2025-07-19 11:00:00,2025-07-19 11:00:00,2025-07-19 13:00:00,0.0
KM BK SIGUNTANG,LEWOLEBA,2025-07-19 13:00:00,2025-07-19 13:00:00,2025-07-19 15:00:00,0.0
KM LAMBELU,PANTOLOAN,2025-07-19 13:00:00,2025-07-19 13:00:00,2025-07-19 15:00:00,0.0
KM SANGIANG,AMBON,2025-07-19 13:00:00,2025-07-19 13:00:00,2025-07-20 00:00:00,0.0
KM TIDAR,SURABAYA,2025-07-19 14:00:00,2025-07-19 14:00:00,2025-07-19 17:00:00,0.0
KM TILONGKABILA,RAHA,2025-07-19 14:00:00,2025-07-19 14:00:00,2025-07-19 15:00:00,0.0
KM KELIMUTU,PONTIANAK,2025-07-19 16:00:00,2025-07-19 16:00:00,2025-07-19 20:00:00,0.0
KM CIREMAI,AMBON,2025-07-19 16:00:00,2025-07-20 00:00:00,2025-07-20 03:00:00,8.0
KM BINAIYA,LABUAN BAJO,2025-07-19 16:00:00,2025-07-19 16:00:00,2025-07-19 18:00:00,0.0
KM WILIS,BIMA,2025-07-19 18:00:00,2025-07-19 18:00:00,2025-07-19 19:00:00,0.0
KM TILONGKABILA,BAU-BAU,2025-07-19 20:00:00,2025-07-19 20:00:00,2025-07-19 22:00:00,0.0
KM TATAMAILAU,AGATS,2025-07-19 22:00:00,2025-07-19 22:00:00,2025-07-20 00:00:00,0.0
KM BK SIGUNTANG,KUPANG,2025-07-19 22:00:00,2025-07-19 22:00:00,2025-07-20 02:00:00,0.0
KM NGGAPULU,BAU-BAU,2025-07-19 22:00:00,2025-07-19 22:00:00,2025-07-20 00:00:00,0.0
KM SINABUNG,SORONG,2025-07-20 03:00:00,2025-07-20 03:00:00,2025-07-20 05:00:00,0.0
KM LABOBAR,AMBON,2025-07-20 04:00:00,2025-07-20 04:00:00,2025-07-20 07:00:00,0.0
KM KELUD,BATAM,2025-07-20 05:00:00,2025-07-20 05:00:00,2025-07-20 10:00:00,0.0
KM WILIS,WAIKELO,2025-07-20 06:00:00,2025-07-20 06:00:00,2025-07-20 07:00:00,0.0
KM SIRIMAU,KALABAHI,2025-07-20 09:00:00,2025-07-20 09:00:00,2025-07-20 11:00:00,0.0
KM BK SIGUNTANG,LEWOLEBA,2025-07-20 09:00:00,2025-07-20 09:00:00,2025-07-20 11:00:00,0.0
KM LAMBELU,TARAKAN,2025-07-20 10:00:00,2025-07-20 10:00:00,2025-07-20 14:00:00,0.0
KM SANGIANG,NAMLEA,2025-07-20 12:00:00,2025-07-20 12:00:00,2025-07-20 16:00:00,0.0
KM KELUD,TANJUNG BALAI KARIMUN,2025-07-20 13:00:00,2025-07-20 13:00:00,2025-07-20 14:00:00,0.0
KM BINAIYA,MAKASSAR,2025-07-20 13:00:00,2025-07-20 13:00:00,2025-07-20 18:00:00,0.0
KM LABOBAR,BANDA,2025-07-20 15:00:00,2025-07-20 16:00:00,2025-07-20 18:00:00,1.0
KM WILIS,WAINGAPU,2025-07-20 16:00:00,2025-07-20 16:00:00,2025-07-20 20:00:00,0.0
KM NGGAPULU,MAKASSAR,2025-07-20 16:00:00,2025-07-20 18:00:00,2025-07-20 21:00:00,2.0
KM KELIMUTU,TANJUNG PANDAN,2025-07-20 16:00:00,2025-07-20 16:00:00,2025-07-20 18:00:00,0.0
KM BK SIGUNTANG,MAUMERE,2025-07-20 17:00:00,2025-07-20 17:00:00,2025-07-20 19:00:00,0.0
KM CIREMAI,SORONG,2025-07-20 17:00:00,2025-07-20 17:00:00,2025-07-20 19:00:00,0.0
KM DOBONSOLO,SURABAYA,2025-07-20 18:00:00,2025-07-20 18:00:00,2025-07-20 21:00:00,0.0
KM LAMBELU,NUNUKAN,2025-07-20 20:00:00,2025-07-20 20:00:00,2025-07-20 23:00:00,0.0
KM TILONGKABILA,MAKASSAR,2025-07-20 20:00:00,2025-07-20 21:00:00,2025-07-21 02:00:00,1.0
KM SINABUNG,BACAN,2025-07-20 21:00:00,2025-07-20 21:00:00,2025-07-20 22:00:00,0.0
KM DOROLONDA,SORONG,2025-07-20 23:00:00,2025-07-20 23:00:00,2025-07-21 02:00:00,0.0
KM SIRIMAU,KUPANG,2025-07-21 00:00:00,2025-07-21 00:00:00,2025-07-21 06:00:00,0.0
KM TIDAR,MAKASSAR,2025-07-21 00:00:00,2025-07-21 02:00:00,2025-07-21 05:00:00,2.0
KM BINAIYA,PARE-PARE,2025-07-21 01:00:00,2025-07-21 01:00:00,2025-07-21 03:00:00,0.0
KM SINABUNG,TERNATE,2025-07-21 05:00:00,2025-07-21 05:00:00,2025-07-21 07:00:00,0.0
KM LABOBAR,TUAL,2025-07-21 06:00:00,2025-07-21 06:00:00,2025-07-21 09:00:00,0.0
KM SANGIANG,SANANA,2025-07-21 06:00:00,2025-07-21 06:00:00,2025-07-21 08:00:00,0.0
KM PANGRANGO,AMBON,2025-07-21 07:00:00,2025-07-21 07:00:00,2025-07-21 20:00:00,0.0
KM WILIS,ENDE,2025-07-21 07:00:00,2025-07-21 07:00:00,2025-07-21 09:00:00,0.0
KM KELIMUTU,TANJUNG PRIOK,2025-07-21 12:00:00,2025-07-21 12:00:00,2025-07-22 21:00:00,0.0
KM KELIMUTU,TANJUNG PRIOK,2025-07-21 12:00:00,2025-07-22 21:00:00,2025-07-22 21:00:00,0.0
KM KELUD,BELAWAN,2025-07-21 13:00:00,2025-07-21 13:00:00,2025-07-22 13:00:00,0.0
KM BK SIGUNTANG,MAKASSAR,2025-07-21 13:00:00,2025-07-21 13:00:00,2025-07-21 18:00:00,0.0
KM LABOBAR,DOBO,2025-07-21 16:00:00,2025-07-21 16:00:00,2025-07-21 19:00:00,0.0
KM SIRIMAU,LEWOLEBA,2025-07-21 17:00:00,2025-07-21 17:00:00,2025-07-21 19:00:00,0.0
KM SINABUNG,BITUNG,2025-07-21 17:00:00,2025-07-21 17:00:00,2025-07-21 20:00:00,0.0
KM TILONGKABILA,LABUAN BAJO,2025-07-21 19:00:00,2025-07-21 19:00:00,2025-07-21 21:00:00,0.0
KM TIDAR,BAU-BAU,2025-07-21 19:00:00,2025-07-21 19:00:00,2025-07-21 22:00:00,0.0
KM CIREMAI,NABIRE,2025-07-21 20:00:00,2025-07-21 20:00:00,2025-07-21 22:00:00,0.0
KM TATAMAILAU,MERAUKE,2025-07-21 20:00:00,2025-07-21 20:00:00,2025-07-22 18:00:00,0.0
KM DOROLONDA,TERNATE,2025-07-21 21:00:00,2025-07-21 21:00:00,2025-07-21 23:00:00,0.0
KM BK SIGUNTANG,PARE-PARE,2025-07-21 23:00:00,2025-07-21 23:00:00,2025-07-22 02:00:00,0.0
KM NGGAPULU,SURABAYA,2025-07-21 23:00:00,2025-07-21 23:00:00,2025-07-22 02:00:00,0.0
KM WILIS,KUPANG,2025-07-22 01:00:00,2025-07-22 01:00:00,2025-07-22 09:00:00,0.0
KM LAMBELU,BALIKPAPAN,2025-07-22 02:00:00,2025-07-22 02:00:00,2025-07-22 04:00:00,0.0
KM DOBONSOLO,MAKASSAR,2025-07-22 02:00:00,2025-07-22 02:00:00,2025-07-22 06:00:00,0.0
KM LABOBAR,KAIMANA,2025-07-22 04:00:00,2025-07-22 04:00:00,2025-07-22 06:00:00,0.0
KM TILONGKABILA,BIMA,2025-07-22 04:00:00,2025-07-22 04:00:00,2025-07-22 06:00:00,0.0
KM CIREMAI,SERUI,2025-07-22 05:00:00,2025-07-22 05:00:00,2025-07-22 07:00:00,0.0
KM SANGIANG,BACAN,2025-07-22 05:00:00,2025-07-22 05:00:00,2025-07-22 07:00:00,0.0
KM SIRIMAU,MAUMERE,2025-07-22 05:00:00,2025-07-22 05:00:00,2025-07-22 07:00:00,0.0
KM BINAIYA,BONTANG,2025-07-22 06:00:00,2025-07-22 06:00:00,2025-07-22 09:00:00,0.0
KM PANGRANGO,NAMROLE,2025-07-22 07:00:00,2025-07-22 07:00:00,2025-07-22 09:00:00,0.0
KM DOROLONDA,BITUNG,2025-07-22 08:00:00,2025-07-22 08:00:00,2025-07-22 10:00:00,0.0
KM SINABUNG,BANGGAI,2025-07-22 11:00:00,2025-07-22 11:00:00,2025-07-22 13:00:00,0.0
KM TIDAR,MAUMERE,2025-07-22 12:00:00,2025-07-22 12:00:00,2025-07-22 14:00:00,0.0
KM DOROLONDA,PANTOLOAN,2025-07-22 14:00:00,2025-07-22 14:00:00,2025-07-22 16:00:00,0.0
KM LABOBAR,FAK-FAK,2025-07-22 16:00:00,2025-07-22 16:00:00,2025-07-22 19:00:00,0.0
KM BK SIGUNTANG,BALIKPAPAN,2025-07-22 18:00:00,2025-07-22 18:00:00,2025-07-22 20:00:00,0.0
KM SANGIANG,TERNATE,2025-07-22 19:00:00,2025-07-22 19:00:00,2025-07-22 21:00:00,0.0
KM PANGRANGO,AMBON,2025-07-22 20:00:00,2025-07-22 20:00:00,2025-07-23 00:00:00,0.0
KM LAMBELU,PARE-PARE,2025-07-22 20:00:00,2025-07-22 20:00:00,2025-07-22 22:00:00,0.0
KM TIDAR,LARANTUKA,2025-07-22 20:00:00,2025-07-22 20:00:00,2025-07-22 22:00:00,0.0
KM DOBONSOLO,BAU-BAU,2025-07-22 21:00:00,2025-07-22 21:00:00,2025-07-22 23:00:00,0.0
KM TILONGKABILA,LEMBAR,2025-07-23 00:00:00,2025-07-23 00:00:00,2025-07-23 02:00:00,0.0
KM TIDAR,LEWOLEBA,2025-07-23 01:00:00,2025-07-23 01:00:00,2025-07-23 03:00:00,0.0
KM WILIS,KALABAHI,2025-07-23 02:00:00,2025-07-23 02:00:00,2025-07-23 14:00:00,0.0
KM SIRIMAU,BAU-BAU,2025-07-23 02:00:00,2025-07-23 02:00:00,2025-07-23 05:00:00,0.0
KM CIREMAI,JAYAPURA,2025-07-23 03:00:00,2025-07-23 03:00:00,2025-07-23 09:00:00,0.0
KM LAMBELU,MAKASSAR,2025-07-23 03:00:00,2025-07-23 03:00:00,2025-07-23 03:00:00,0.0
KM LAMBELU,MAKASSAR,2025-07-23 03:00:00,2025-07-23 03:00:00,2025-07-23 11:00:00,0.0
KM NGGAPULU,TANJUNG PRIOK,2025-07-23 04:00:00,2025-07-23 04:00:00,2025-07-24 09:00:00,0.0
KM DOROLONDA,BALIKPAPAN,2025-07-23 04:00:00,2025-07-23 04:00:00,2025-07-23 06:00:00,0.0
KM NGGAPULU,TANJUNG PRIOK,2025-07-23 04:00:00,2025-07-24 09:00:00,2025-07-24 09:00:00,0.0
KM SINABUNG,BAU-BAU,2025-07-23 05:00:00,2025-07-23 05:00:00,2025-07-23 07:00:00,0.0
KM LABOBAR,KAIMANA,2025-07-23 05:00:00,2025-07-23 05:00:00,2025-07-23 08:00:00,0.0
KM TILONGKABILA,BENOA,2025-07-23 08:00:00,2025-07-23 08:00:00,2025-07-23 08:00:00,0.0
KM TILONGKABILA,BENOA,2025-07-23 08:00:00,2025-07-23 08:00:00,2025-07-24 09:00:00,0.0
KM TIDAR,KUPANG,2025-07-23 11:00:00,2025-07-23 11:00:00,2025-07-23 15:00:00,0.0
KM BINAIYA,PARE-PARE,2025-07-23 12:00:00,2025-07-23 12:00:00,2025-07-23 14:00:00,0.0
KM KELUD,TANJUNG BALAI KARIMUN,2025-07-23 12:00:00,2025-07-23 12:00:00,2025-07-23 13:00:00,0.0
KM SIRIMAU,WANCI,2025-07-23 13:00:00,2025-07-23 13:00:00,2025-07-23 15:00:00,0.0
KM KELIMUTU,TANJUNG PANDAN,2025-07-23 15:00:00,2025-07-23 15:00:00,2025-07-23 17:00:00,0.0
KM PANGRANGO,BANDA,2025-07-23 15:00:00,2025-07-23 15:00:00,2025-07-23 17:00:00,0.0
KM LAMBELU,PARE-PARE,2025-07-23 16:00:00,2025-07-23 16:00:00,2025-07-23 19:00:00,0.0
KM KELUD,BATAM,2025-07-23 16:00:00,2025-07-23 16:00:00,2025-07-23 20:00:00,0.0
KM LABOBAR,DOBO,2025-07-23 17:00:00,2025-07-23 17:00:00,2025-07-23 20:00:00,0.0
KM SANGIANG,BITUNG,2025-07-23 17:00:00,2025-07-23 17:00:00,2025-07-23 17:00:00,0.0
KM BK SIGUNTANG,TARAKAN,2025-07-23 20:00:00,2025-07-23 20:00:00,2025-07-24 00:00:00,0.0
KM BINAIYA,MAKASSAR,2025-07-23 21:00:00,2025-07-23 21:00:00,2025-07-24 02:00:00,0.0
KM SINABUNG,MAKASSAR,2025-07-23 22:00:00,2025-07-24 02:00:00,2025-07-24 04:00:00,4.0
KM TIDAR,LEWOLEBA,2025-07-23 23:00:00,2025-07-23 23:00:00,2025-07-24 01:00:00,0.0
KM AWU,KUMAI,2025-07-24 03:00:00,2025-07-24 03:00:00,2025-07-25 13:00:00,0.0
KM LABOBAR,TUAL,2025-07-24 03:00:00,2025-07-24 03:00:00,2025-07-24 06:00:00,0.0
KM TIDAR,LARANTUKA,2025-07-24 04:00:00,2025-07-24 04:00:00,2025-07-24 06:00:00,0.0
KM CIREMAI,SERUI,2025-07-24 05:00:00,2025-07-24 05:00:00,2025-07-24 07:00:00,0.0
KM WILIS,KUPANG,2025-07-24 06:00:00,2025-07-24 06:00:00,2025-07-24 14:00:00,0.0
KM BK SIGUNTANG,NUNUKAN,2025-07-24 06:00:00,2025-07-24 06:00:00,2025-07-24 08:00:00,0.0
KM TATAMAILAU,AGATS,2025-07-24 09:00:00,2025-07-24 09:00:00,2025-07-24 10:00:00,0.0
KM LAMBELU,BALIKPAPAN,2025-07-24 11:00:00,2025-07-24 11:00:00,2025-07-24 13:00:00,0.0
KM TIDAR,MAUMERE,2025-07-24 12:00:00,2025-07-24 12:00:00,2025-07-24 14:00:00,0.0
KM DOROLONDA,SURABAYA,2025-07-24 12:00:00,2025-07-24 12:00:00,2025-07-24 12:00:00,0.0
KM CIREMAI,NABIRE,2025-07-24 13:00:00,2025-07-24 13:00:00,2025-07-24 16:00:00,0.0
KM TILONGKABILA,LEMBAR,2025-07-24 15:00:00,2025-07-24 15:00:00,2025-07-24 17:00:00,0.0
KM KELIMUTU,PONTIANAK,2025-07-24 16:00:00,2025-07-24 16:00:00,2025-07-24 19:00:00,0.0
KM DOBONSOLO,SORONG,2025-07-24 16:00:00,2025-07-24 16:00:00,2025-07-24 19:00:00,0.0
KM LABOBAR,BANDA,2025-07-24 18:00:00,2025-07-24 18:00:00,2025-07-24 20:00:00,0.0
KM SIRIMAU,AMBON,2025-07-24 19:00:00,2025-07-24 19:00:00,2025-07-24 22:00:00,0.0
KM TATAMAILAU,TIMIKA,2025-07-24 21:00:00,2025-07-24 21:00:00,2025-07-25 07:00:00,0.0
KM BINAIYA,LABUAN BAJO,2025-07-24 22:00:00,2025-07-24 22:00:00,2025-07-25 00:00:00,0.0
KM PANGRANGO,SAUMLAKI,2025-07-25 00:00:00,2025-07-25 00:00:00,2025-07-25 03:00:00,0.0
KM TIDAR,BAU-BAU,2025-07-25 03:00:00,2025-07-25 03:00:00,2025-07-25 06:00:00,0.0
KM KELUD,TANJUNG PRIOK,2025-07-25 04:00:00,2025-07-25 04:00:00,2025-07-25 04:00:00,0.0
KM KELUD,TANJUNG PRIOK,2025-07-25 04:00:00,2025-07-25 04:00:00,2025-07-26 02:00:00,0.0
KM LABOBAR,AMBON,2025-07-25 04:00:00,2025-07-25 04:00:00,2025-07-25 08:00:00,0.0
KM LABOBAR,AMBON,2025-07-25 04:00:00,2025-07-25 08:00:00,2025-07-25 08:00:00,0.0
KM SINABUNG,SURABAYA,2025-07-25 04:00:00,2025-07-25 04:00:00,2025-07-25 04:00:00,0.0
KM WILIS,ENDE,2025-07-25 06:00:00,2025-07-25 06:00:00,2025-07-25 08:00:00,0.0
KM BINAIYA,BIMA,2025-07-25 08:00:00,2025-07-25 08:00:00,2025-07-25 09:00:00,0.0
KM DOBONSOLO,MANOKWARI,2025-07-25 09:00:00,2025-07-25 09:00:00,2025-07-25 11:00:00,0.0
KM TILONGKABILA,BIMA,2025-07-25 11:00:00,2025-07-25 11:00:00,2025-07-25 15:00:00,0.0
KM BK SIGUNTANG,BALIKPAPAN,2025-07-25 11:00:00,2025-07-25 11:00:00,2025-07-25 13:00:00,0.0
KM NGGAPULU,SURABAYA,2025-07-25 12:00:00,2025-07-25 12:00:00,2025-07-25 16:00:00,0.0
KM LAMBELU,TARAKAN,2025-07-25 15:00:00,2025-07-25 15:00:00,2025-07-25 18:00:00,0.0
KM LABOBAR,BANDA,2025-07-25 16:00:00,2025-07-25 16:00:00,2025-07-25 18:00:00,0.0
KM CIREMAI,SORONG,2025-07-25 17:00:00,2025-07-25 17:00:00,2025-07-25 19:00:00,0.0
KM WILIS,WAINGAPU,2025-07-25 19:00:00,2025-07-25 19:00:00,2025-07-25 21:00:00,0.0
KM TATAMAILAU,DOBO,2025-07-25 22:00:00,2025-07-25 22:00:00,2025-07-26 00:00:00,0.0
KM DOBONSOLO,NABIRE,2025-07-25 22:00:00,2025-07-25 22:00:00,2025-07-26 00:00:00,0.0
KM TILONGKABILA,LABUAN BAJO,2025-07-25 22:00:00,2025-07-25 22:00:00,2025-07-26 00:00:00,0.0
KM LAMBELU,NUNUKAN,2025-07-26 00:00:00,2025-07-26 00:00:00,2025-07-26 03:00:00,0.0
KM BK SIGUNTANG,PARE-PARE,2025-07-26 05:00:00,2025-07-26 05:00:00,2025-07-26 08:00:00,0.0
KM SIRIMAU,SORONG,2025-07-26 06:00:00,2025-07-26 06:00:00,2025-07-26 06:00:00,0.0
KM WILIS,WAIKELO,2025-07-26 06:00:00,2025-07-26 06:00:00,2025-07-26 07:00:00,0.0
KM PANGRANGO,BANDA,2025-07-26 07:00:00,2025-07-26 07:00:00,2025-07-26 09:00:00,0.0
KM LABOBAR,TUAL,2025-07-26 07:00:00,2025-07-26 07:00:00,2025-07-26 10:00:00,0.0
KM BINAIYA,BENOA,2025-07-26 08:00:00,2025-07-26 08:00:00,2025-07-26 12:00:00,0.0
KM TATAMAILAU,TUAL,2025-07-26 09:00:00,2025-07-26 10:00:00,2025-07-26 13:00:00,1.0
KM DOBONSOLO,BIAK,2025-07-26 09:00:00,2025-07-26 09:00:00,2025-07-26 11:00:00,0.0
KM KELIMUTU,SEMARANG,2025-07-26 11:00:00,2025-07-26 11:00:00,2025-07-27 05:00:00,0.0
KM BK SIGUNTANG,MAKASSAR,2025-07-26 13:00:00,2025-07-26 13:00:00,2025-07-26 13:00:00,0.0
KM AWU,SURABAYA,2025-07-26 17:00:00,2025-07-26 17:00:00,2025-07-27 00:00:00,0.0
KM CIREMAI,AMBON,2025-07-26 17:00:00,2025-07-26 17:00:00,2025-07-26 20:00:00,0.0
KM LABOBAR,DOBO,2025-07-26 17:00:00,2025-07-26 17:00:00,2025-07-26 20:00:00,0.0
KM WILIS,BIMA,2025-07-26 18:00:00,2025-07-26 18:00:00,2025-07-26 20:00:00,0.0
KM TILONGKABILA,MAKASSAR,2025-07-26 18:00:00,2025-07-26 18:00:00,2025-07-26 23:00:00,0.0
KM NGGAPULU,MAKASSAR,2025-07-26 21:00:00,2025-07-26 23:00:00,2025-07-27 03:00:00,2.0
KM LAMBELU,PANTOLOAN,2025-07-27 00:00:00,2025-07-27 00:00:00,2025-07-27 02:00:00,0.0
KM PANGRANGO,AMBON,2025-07-27 00:00:00,2025-07-27 00:00:00,2025-07-27 17:00:00,0.0
KM WILIS,LABUAN BAJO,2025-07-27 05:00:00,2025-07-27 05:00:00,2025-07-27 06:00:00,0.0
KM LABOBAR,KAIMANA,2025-07-27 05:00:00,2025-07-27 05:00:00,2025-07-27 07:00:00,0.0
KM DOBONSOLO,JAYAPURA,2025-07-27 07:00:00,2025-07-27 07:00:00,2025-07-27 13:00:00,0.0
KM KELUD,BATAM,2025-07-27 10:00:00,2025-07-27 10:00:00,2025-07-27 14:00:00,0.0
KM BINAIYA,BIMA,2025-07-27 11:00:00,2025-07-27 11:00:00,2025-07-27 14:00:00,0.0
KM TATAMAILAU,AMBON,2025-07-27 14:00:00,2025-07-27 17:00:00,2025-07-27 19:00:00,3.0
KM LAMBELU,BALIKPAPAN,2025-07-27 15:00:00,2025-07-27 15:00:00,2025-07-27 17:00:00,0.0
KM NGGAPULU,BAU-BAU,2025-07-27 15:00:00,2025-07-27 15:00:00,2025-07-27 17:00:00,0.0
KM LABOBAR,FAK-FAK,2025-07-27 17:00:00,2025-07-27 17:00:00,2025-07-27 20:00:00,0.0
KM KELUD,TANJUNG BALAI KARIMUN,2025-07-27 17:00:00,2025-07-27 17:00:00,2025-07-27 18:00:00,0.0
KM TILONGKABILA,BAU-BAU,2025-07-27 20:00:00,2025-07-27 20:00:00,2025-07-27 22:00:00,0.0
KM CIREMAI,BAU-BAU,2025-07-27 21:00:00,2025-07-27 22:00:00,2025-07-28 01:00:00,1.0
KM TILONGKABILA,RAHA,2025-07-28 02:00:00,2025-07-28 02:00:00,2025-07-28 04:00:00,0.0
KM AWU,BENOA,2025-07-28 03:00:00,2025-07-28 03:00:00,2025-07-28 09:00:00,0.0
KM BINAIYA,WAINGAPU,2025-07-28 04:00:00,2025-07-28 04:00:00,2025-07-28 06:00:00,0.0
KM KELIMUTU,KUMAI,2025-07-28 05:00:00,2025-07-28 05:00:00,2025-07-28 08:00:00,0.0
KM WILIS,MAKASSAR,2025-07-28 06:00:00,2025-07-28 06:00:00,2025-07-28 09:00:00,0.0
KM LABOBAR,KAIMANA,2025-07-28 06:00:00,2025-07-28 06:00:00,2025-07-28 09:00:00,0.0
KM DOBONSOLO,BIAK,2025-07-28 08:00:00,2025-07-28 08:00:00,2025-07-28 10:00:00,0.0
KM PANGRANGO,BANDA,2025-07-28 08:00:00,2025-07-28 08:00:00,2025-07-28 10:00:00,0.0
KM LAMBELU,PARE-PARE,2025-07-28 09:00:00,2025-07-28 09:00:00,2025-07-28 12:00:00,0.0
KM TILONGKABILA,KENDARI,2025-07-28 10:00:00,2025-07-28 10:00:00,2025-07-28 14:00:00,0.0
KM BINAIYA,ENDE,2025-07-28 15:00:00,2025-07-28 15:00:00,2025-07-28 17:00:00,0.0
KM NGGAPULU,NAMLEA,2025-07-28 16:00:00,2025-07-28 16:00:00,2025-07-28 18:00:00,0.0
KM CIREMAI,MAKASSAR,2025-07-28 16:00:00,2025-07-28 16:00:00,2025-07-28 19:00:00,0.0
KM KELUD,BELAWAN,2025-07-28 17:00:00,2025-07-28 17:00:00,2025-07-29 13:00:00,0.0
KM LAMBELU,MAKASSAR,2025-07-28 17:00:00,2025-07-28 19:00:00,2025-07-28 22:00:00,2.0
KM TATAMAILAU,TERNATE,2025-07-28 18:00:00,2025-07-28 18:00:00,2025-07-28 19:00:00,0.0
KM LABOBAR,DOBO,2025-07-28 18:00:00,2025-07-28 18:00:00,2025-07-28 21:00:00,0.0
KM DOBONSOLO,NABIRE,2025-07-28 20:00:00,2025-07-28 20:00:00,2025-07-28 22:00:00,0.0
KM NGGAPULU,AMBON,2025-07-29 00:00:00,2025-07-29 00:00:00,2025-07-29 04:00:00,0.0
KM LABOBAR,TUAL,2025-07-29 04:00:00,2025-07-29 04:00:00,2025-07-29 06:00:00,0.0
KM BINAIYA,KUPANG,2025-07-29 06:00:00,2025-07-29 06:00:00,2025-07-29 10:00:00,0.0
KM AWU,BIMA,2025-07-29 06:00:00,2025-07-29 06:00:00,2025-07-29 08:00:00,0.0
KM TILONGKABILA,LUWUK,2025-07-29 07:00:00,2025-07-29 07:00:00,2025-07-29 10:00:00,0.0
KM TATAMAILAU,BITUNG,2025-07-29 07:00:00,2025-07-29 07:00:00,2025-07-29 07:00:00,0.0
KM DOBONSOLO,MANOKWARI,2025-07-29 09:00:00,2025-07-29 09:00:00,2025-07-29 11:00:00,0.0
KM KELIMUTU,SURABAYA,2025-07-29 10:00:00,2025-07-29 10:00:00,2025-07-29 14:00:00,0.0
KM LAMBELU,BAU-BAU,2025-07-29 11:00:00,2025-07-29 11:00:00,2025-07-29 13:00:00,0.0
KM WILIS,BATULICIN,2025-07-29 15:00:00,2025-07-29 15:00:00,2025-07-29 15:00:00,0.0
KM PANGRANGO,SAUMLAKI,2025-07-29 17:00:00,2025-07-29 17:00:00,2025-07-29 20:00:00,0.0
KM LABOBAR,BANDA,2025-07-29 19:00:00,2025-07-29 19:00:00,2025-07-29 21:00:00,0.0
KM TILONGKABILA,GORONTALO,2025-07-29 21:00:00,2025-07-29 21:00:00,2025-07-29 23:00:00,0.0
KM AWU,WAINGAPU,2025-07-29 22:00:00,2025-07-29 22:00:00,2025-07-30 01:00:00,0.0
KM BINAIYA,ENDE,2025-07-29 23:00:00,2025-07-29 23:00:00,2025-07-30 01:00:00,0.0
KM NGGAPULU,TERNATE,2025-07-30 00:00:00,2025-07-30 00:00:00,2025-07-30 02:00:00,0.0
KM CIREMAI,SURABAYA,2025-07-30 00:00:00,2025-07-30 00:00:00,2025-07-30 02:00:00,0.0
KM DOBONSOLO,SORONG,2025-07-30 00:00:00,2025-07-30 00:00:00,2025-07-30 03:00:00,0.0
KM LAMBELU,MAUMERE,2025-07-30 02:00:00,2025-07-30 02:00:00,2025-07-30 04:00:00,0.0
KM NGGAPULU,JAILOLO,2025-07-30 04:00:00,2025-07-30 04:00:00,2025-07-30 06:00:00,0.0
KM LABOBAR,AMBON,2025-07-30 05:00:00,2025-07-30 05:00:00,2025-07-30 07:00:00,0.0
KM LAMBELU,LARANTUKA,2025-07-30 09:00:00,2025-07-30 09:00:00,2025-07-30 11:00:00,0.0
KM BINAIYA,WAINGAPU,2025-07-30 10:00:00,2025-07-30 10:00:00,2025-07-30 12:00:00,0.0
KM AWU,ENDE,2025-07-30 10:00:00,2025-07-30 10:00:00,2025-07-30 12:00:00,0.0
KM KELUD,TANJUNG BALAI KARIMUN,2025-07-30 12:00:00,2025-07-30 12:00:00,2025-07-30 13:00:00,0.0
KM TILONGKABILA,BITUNG,2025-07-30 14:00:00,2025-07-30 14:00:00,2025-07-31 03:00:00,0.0
KM NGGAPULU,BITUNG,2025-07-30 15:00:00,2025-07-31 03:00:00,2025-07-31 10:00:00,12.0
KM KELUD,BATAM,2025-07-30 16:00:00,2025-07-30 16:00:00,2025-07-30 20:00:00,0.0
KM KELIMUTU,BATULICIN,2025-07-30 21:00:00,2025-07-30 21:00:00,2025-07-30 23:00:00,0.0
KM LAMBELU,BAU-BAU,2025-07-30 23:00:00,2025-07-30 23:00:00,2025-07-31 01:00:00,0.0
KM PANGRANGO,BANDA,2025-07-31 00:00:00,2025-07-31 00:00:00,2025-07-31 02:00:00,0.0
KM AWU,KUPANG,2025-07-31 01:00:00,2025-07-31 01:00:00,2025-07-31 06:00:00,0.0
KM BINAIYA,BIMA,2025-07-31 02:00:00,2025-07-31 02:00:00,2025-07-31 03:00:00,0.0
KM CIREMAI,TANJUNG PRIOK,2025-07-31 05:00:00,2025-07-31 05:00:00,2025-07-31 05:00:00,0.0
KM LABOBAR,BAU-BAU,2025-07-31 06:00:00,2025-07-31 06:00:00,2025-07-31 08:00:00,0.0
KM NGGAPULU,JAILOLO,2025-07-31 08:00:00,2025-07-31 10:00:00,2025-07-31 12:00:00,0.0
KM NGGAPULU,TERNATE,2025-07-31 12:00:00,2025-07-31 12:00:00,2025-07-31 14:00:00,0.0
KM LAMBELU,MAKASSAR,2025-07-31 16:00:00,2025-07-31 16:00:00,2025-07-31 20:00:00,0.0
KM PANGRANGO,AMBON,2025-07-31 17:00:00,2025-07-31 17:00:00,2025-07-31 17:00:00,0.0
KM DOBONSOLO,BAU-BAU,2025-07-31 17:00:00,2025-07-31 17:00:00,2025-07-31 19:00:00,0.0
KM TILONGKABILA,GORONTALO,2025-07-31 18:00:00,2025-07-31 18:00:00,2025-07-31 20:00:00,0.0
KM AWU,KALABAHI,2025-07-31 19:00:00,2025-07-31 19:00:00,2025-07-31 22:00:00,0.0
KM LABOBAR,MAKASSAR,2025-07-31 22:00:00,2025-07-31 22:00:00,2025-08-01 00:00:00,0.0
KM LAMBELU,PARE-PARE,2025-08-01 01:00:00,2025-08-01 01:00:00,2025-08-01 06:00:00,0.0
KM BINAIYA,BENOA,2025-08-01 02:00:00,2025-08-01 02:00:00,2025-08-01 02:00:00,0.0
KM KELUD,TANJUNG PRIOK,2025-08-01 04:00:00,2025-08-01 04:00:00,2025-08-01 04:00:00,0.0
KM KELIMUTU,SURABAYA,2025-08-01 06:00:00,2025-08-01 06:00:00,2025-08-01 09:00:00,0.0
KM TILONGKABILA,LUWUK,2025-08-01 07:00:00,2025-08-01 07:00:00,2025-08-01 09:00:00,0.0
KM NGGAPULU,AMBON,2025-08-01 10:00:00,2025-08-01 10:00:00,2025-08-01 13:00:00,0.0
KM DOBONSOLO,MAKASSAR,2025-08-01 10:00:00,2025-08-01 10:00:00,2025-08-01 13:00:00,0.0
KM AWU,KUPANG,2025-08-01 11:00:00,2025-08-01 11:00:00,2025-08-01 16:00:00,0.0
KM NGGAPULU,NAMLEA,2025-08-01 18:00:00,2025-08-01 18:00:00,2025-08-01 20:00:00,0.0
KM LAMBELU,BALIKPAPAN,2025-08-01 22:00:00,2025-08-01 22:00:00,2025-08-02 00:00:00,0.0
KM LABOBAR,SURABAYA,2025-08-02 01:00:00,2025-08-02 01:00:00,2025-08-02 04:00:00,0.0
KM TILONGKABILA,KENDARI,2025-08-02 03:00:00,2025-08-02 03:00:00,2025-08-02 07:00:00,0.0
KM AWU,ENDE,2025-08-02 05:00:00,2025-08-02 05:00:00,2025-08-02 07:00:00,0.0
KM KELIMUTU,KUMAI,2025-08-02 11:00:00,2025-08-02 11:00:00,2025-08-02 13:00:00,0.0
KM LAMBELU,PANTOLOAN,2025-08-02 13:00:00,2025-08-02 13:00:00,2025-08-02 15:00:00,0.0
KM TILONGKABILA,RAHA,2025-08-02 14:00:00,2025-08-02 14:00:00,2025-08-02 15:00:00,0.0
KM DOBONSOLO,SURABAYA,2025-08-02 16:00:00,2025-08-02 16:00:00,2025-08-02 18:00:00,0.0
KM AWU,WAINGAPU,2025-08-02 16:00:00,2025-08-02 16:00:00,2025-08-02 19:00:00,0.0
KM NGGAPULU,BAU-BAU,2025-08-02 18:00:00,2025-08-02 18:00:00,2025-08-02 20:00:00,0.0
KM TILONGKABILA,BAU-BAU,2025-08-02 20:00:00,2025-08-02 20:00:00,2025-08-02 22:00:00,0.0
KM LABOBAR,TANJUNG PRIOK,2025-08-03 07:00:00,2025-08-03 07:00:00,2025-08-03 11:00:00,0.0
KM AWU,BIMA,2025-08-03 09:00:00,2025-08-03 09:00:00,2025-08-03 11:00:00,0.0
KM LAMBELU,TARAKAN,2025-08-03 10:00:00,2025-08-03 10:00:00,2025-08-03 14:00:00,0.0
KM KELIMUTU,SEMARANG,2025-08-03 12:00:00,2025-08-03 12:00:00,2025-08-03 17:00:00,0.0
KM NGGAPULU,MAKASSAR,2025-08-03 12:00:00,2025-08-03 12:00:00,2025-08-03 15:00:00,0.0
KM LABOBAR,CILEGON,2025-08-03 14:00:00,2025-08-03 14:00:00,2025-08-03 14:00:00,0.0
KM TILONGKABILA,MAKASSAR,2025-08-03 20:00:00,2025-08-03 20:00:00,2025-08-04 01:00:00,0.0
KM DOBONSOLO,TANJUNG PRIOK,2025-08-03 20:00:00,2025-08-03 20:00:00,2025-08-03 20:00:00,0.0
KM LAMBELU,NUNUKAN,2025-08-03 20:00:00,2025-08-03 20:00:00,2025-08-03 23:00:00,0.0
KM AWU,BENOA,2025-08-04 08:00:00,2025-08-04 08:00:00,2025-08-04 11:00:00,0.0
KM NGGAPULU,SURABAYA,2025-08-04 19:00:00,2025-08-04 19:00:00,2025-08-04 22:00:00,0.0
KM TILONGKABILA,LABUAN BAJO,2025-08-04 19:00:00,2025-08-04 19:00:00,2025-08-04 21:00:00,0.0
KM LAMBELU,BALIKPAPAN,2025-08-05 02:00:00,2025-08-05 02:00:00,2025-08-05 04:00:00,0.0
KM TILONGKABILA,BIMA,2025-08-05 04:00:00,2025-08-05 04:00:00,2025-08-05 06:00:00,0.0
KM AWU,SURABAYA,2025-08-05 15:00:00,2025-08-05 15:00:00,2025-08-05 22:00:00,0.0
KM KELIMUTU,PONTIANAK,2025-08-05 15:00:00,2025-08-05 15:00:00,2025-08-05 18:00:00,0.0
KM LAMBELU,PARE-PARE,2025-08-05 20:00:00,2025-08-05 20:00:00,2025-08-05 22:00:00,0.0
KM NGGAPULU,TANJUNG PRIOK,2025-08-06 00:00:00,2025-08-06 00:00:00,2025-08-06 00:00:00,0.0
KM TILONGKABILA,LEMBAR,2025-08-06 00:00:00,2025-08-06 00:00:00,2025-08-06 02:00:00,0.0
KM LAMBELU,MAKASSAR,2025-08-06 03:00:00,2025-08-06 03:00:00,2025-08-06 03:00:00,0.0
KM TILONGKABILA,BENOA,2025-08-06 08:00:00,2025-08-06 08:00:00,2025-08-06 08:00:00,0.0
KM KELIMUTU,TANJUNG PANDAN,2025-08-06 14:00:00,2025-08-06 14:00:00,2025-08-06 16:00:00,0.0
KM AWU,KUMAI,2025-08-07 03:00:00,2025-08-07 03:00:00,2025-08-07 03:00:00,0.0
KM KELIMUTU,TANJUNG PRIOK,2025-08-07 10:00:00,2025-08-07 10:00:00,2025-08-07 10:00:00,0.0
KM TIDAR,MAKASSAR,2025-08-07 19:00:00,2025-08-07 19:00:00,2025-08-07 23:00:00,0.0
KM TIDAR,SURABAYA,2025-08-09 06:00:00,2025-08-09 06:00:00,2025-08-09 08:00:00,0.0
KM TIDAR,TANJUNG PRIOK,2025-08-10 13:00:00,2025-08-10 13:00:00,2025-08-10 15:00:00,0.0
KM TIDAR,KIJANG,2025-08-12 01:00:00,2025-08-12 01:00:00,2025-08-12 01:00:00,0.0
