Ship,Port,Planned_ETA,Actual_RTA,Actual_ETD,Delay_Hours
KM GUNUNG DEMPO,MAKASSAR,2024-12-28 04:00:00,2024-12-28 04:00:00,2024-12-28 07:00:00,0.0
KM DOBONSOLO,TANJUNG PRIOK,2025-01-20 12:00:00,2025-01-20 12:00:00,2025-02-21 00:00:00,0.0
KM BK SIGUNTANG,MAKASSAR,2025-01-25 07:00:00,2025-01-25 07:00:00,2025-01-26 00:00:00,0.0
KM BK SIGUNTANG,PARE-PARE,2025-01-26 05:00:00,2025-01-26 05:00:00,2025-01-26 09:00:00,0.0
KM BK SIGUNTANG,BALIKPAPAN,2025-01-27 00:00:00,2025-01-27 00:00:00,2025-01-27 02:00:00,0.0
KM NGGAPULU,TANJUNG PRIOK,2025-01-27 16:00:00,2025-02-21 00:00:00,2025-02-22 16:00:00,584.0
KM BK SIGUNTANG,TARAKAN,2025-01-28 03:00:00,2025-01-28 03:00:00,2025-01-28 07:00:00,0.0
KM LABOBAR,TANJUNG PRIOK,2025-01-28 05:00:00,2025-02-22 16:00:00,2025-02-23 06:00:00,611.0
KM BK SIGUNTANG,NUNUKAN,2025-01-28 13:00:00,2025-01-28 13:00:00,2025-01-28 16:00:00,0.0
KM WILIS,BATULICIN,2025-01-28 15:00:00,2025-01-28 15:00:00,2025-01-29 18:00:00,0.0
KM BINAIYA,BENOA,2025-01-29 10:00:00,2025-01-29 10:00:00,2025-01-29 22:00:00,0.0
KM LABOBAR,SURABAYA,2025-01-29 19:00:00,2025-02-23 06:00:00,2025-02-23 10:00:00,0.0
KM BK SIGUNTANG,BALIKPAPAN,2025-01-29 19:00:00,2025-01-29 19:00:00,2025-01-29 21:00:00,0.0
KM NGGAPULU,SURABAYA,2025-01-30 10:00:00,2025-02-23 10:00:00,2025-02-23 14:00:00,18.0
KM PANGRANGO,AMBON,2025-01-30 12:00:00,2025-01-30 12:00:00,2025-01-31 16:00:00,0.0
KM BK SIGUNTANG,PARE-PARE,2025-01-30 12:00:00,2025-01-30 12:00:00,2025-01-30 16:00:00,0.0
KM KELUD,TANJUNG PRIOK,2025-01-30 18:00:00,2025-02-23 06:00:00,2025-02-24 09:00:00,564.0
KM BK SIGUNTANG,MAKASSAR,2025-01-30 21:00:00,2025-01-30 21:00:00,2025-01-31 00:00:00,0.0
KM BINAIYA,BIMA,2025-01-30 21:00:00,2025-01-30 21:00:00,2025-01-30 23:00:00,0.0
KM WILIS,MAKASSAR,2025-01-31 00:00:00,2025-01-31 00:00:00,2025-01-31 08:00:00,0.0
KM LABOBAR,MAKASSAR,2025-01-31 02:00:00,2025-02-23 10:00:00,2025-02-23 13:00:00,0.0
KM TIDAR,KIJANG,2025-01-31 05:00:00,2025-01-31 05:00:00,2025-01-31 09:00:00,0.0
KM BINAIYA,LABUAN BAJO,2025-01-31 07:00:00,2025-01-31 07:00:00,2025-01-31 09:00:00,0.0
KM BK SIGUNTANG,MAUMERE,2025-01-31 18:00:00,2025-01-31 18:00:00,2025-01-31 20:00:00,0.0
KM LABOBAR,BAU-BAU,2025-01-31 20:00:00,2025-02-23 13:00:00,2025-02-23 15:00:00,0.0
KM NGGAPULU,MAKASSAR,2025-01-31 21:00:00,2025-02-23 14:00:00,2025-02-23 17:00:00,0.0
KM BK SIGUNTANG,LEWOLEBA,2025-02-01 02:00:00,2025-02-01 02:00:00,2025-02-01 04:00:00,0.0
KM BINAIYA,MAKASSAR,2025-02-01 04:00:00,2025-02-23 17:00:00,2025-02-23 22:00:00,541.0
KM PANGRANGO,BANDA,2025-02-01 06:00:00,2025-02-01 06:00:00,2025-02-02 16:00:00,0.0
KM WILIS,LABUAN BAJO,2025-02-01 08:00:00,2025-02-01 08:00:00,2025-02-01 09:00:00,0.0
KM BK SIGUNTANG,KUPANG,2025-02-01 11:00:00,2025-02-01 11:00:00,2025-02-01 17:00:00,0.0
KM GUNUNG DEMPO,TANJUNG PRIOK,2025-02-01 11:00:00,2025-02-24 09:00:00,2025-02-24 20:00:00,550.0
KM BINAIYA,PARE-PARE,2025-02-01 15:00:00,2025-02-23 22:00:00,2025-02-24 00:00:00,0.0
KM NGGAPULU,BAU-BAU,2025-02-01 16:00:00,2025-02-23 17:00:00,2025-02-23 19:00:00,0.0
KM WILIS,BIMA,2025-02-01 18:00:00,2025-02-01 18:00:00,2025-02-01 19:00:00,0.0
KM TIDAR,TANJUNG PRIOK,2025-02-01 21:00:00,2025-02-24 20:00:00,2025-02-25 02:00:00,551.0
KM JETLINER,KENDARI,2025-02-01 21:00:00,2025-02-01 21:00:00,2025-02-02 07:00:00,0.0
KM LABOBAR,AMBON,2025-02-01 22:00:00,2025-02-23 15:00:00,2025-02-23 18:00:00,0.0
KM BK SIGUNTANG,LEWOLEBA,2025-02-02 00:00:00,2025-02-02 00:00:00,2025-02-02 02:00:00,0.0
KM KELUD,BATAM,2025-02-02 04:00:00,2025-02-24 09:00:00,2025-02-24 14:00:00,0.0
KM WILIS,WAIKELO,2025-02-02 06:00:00,2025-02-02 06:00:00,2025-02-02 07:00:00,0.0
KM BK SIGUNTANG,MAUMERE,2025-02-02 09:00:00,2025-02-02 09:00:00,2025-02-02 10:00:00,0.0
KM LABOBAR,BANDA,2025-02-02 09:00:00,2025-02-23 18:00:00,2025-02-23 20:00:00,0.0
KM KELUD,TANJUNG BALAI KARIMUN,2025-02-02 12:00:00,2025-02-24 14:00:00,2025-02-24 15:00:00,0.0
KM WILIS,WAINGAPU,2025-02-02 16:00:00,2025-02-02 16:00:00,2025-02-02 20:00:00,0.0
KM NGGAPULU,NAMLEA,2025-02-02 19:00:00,2025-02-23 19:00:00,2025-02-23 21:00:00,0.0
KM JETLINER,WANCI,2025-02-02 20:00:00,2025-02-02 20:00:00,2025-02-02 22:00:00,0.0
KM BINAIYA,BONTANG,2025-02-02 20:00:00,2025-02-24 00:00:00,2025-02-24 03:00:00,0.0
KM LABOBAR,TUAL,2025-02-02 23:00:00,2025-02-23 20:00:00,2025-02-23 23:00:00,0.0
KM GUNUNG DEMPO,SURABAYA,2025-02-02 23:00:00,2025-02-24 20:00:00,2025-02-25 00:00:00,0.0
KM NGGAPULU,AMBON,2025-02-03 02:00:00,2025-02-23 21:00:00,2025-02-24 03:00:00,0.0
KM BK SIGUNTANG,MAKASSAR,2025-02-03 04:00:00,2025-02-23 22:00:00,2025-02-24 04:00:00,498.0
KM PANGRANGO,AMBON,2025-02-03 06:00:00,2025-02-24 03:00:00,2025-02-24 17:00:00,501.0
KM WILIS,ENDE,2025-02-03 07:00:00,2025-02-03 07:00:00,2025-02-03 09:00:00,0.0
KM TIDAR,SURABAYA,2025-02-03 08:00:00,2025-02-25 02:00:00,2025-02-25 04:00:00,0.0
KM LABOBAR,DOBO,2025-02-03 09:00:00,2025-02-23 23:00:00,2025-02-24 02:00:00,0.0
KM KELUD,BELAWAN,2025-02-03 11:00:00,2025-02-24 15:00:00,2025-02-25 16:00:00,0.0
KM JETLINER,KENDARI,2025-02-03 11:00:00,2025-02-03 11:00:00,2025-02-03 17:00:00,0.0
KM GUNUNG DEMPO,SORONG,2025-02-03 11:00:00,2025-02-25 00:00:00,2025-02-25 02:00:00,0.0
KM NGGAPULU,NAMLEA,2025-02-03 13:00:00,2025-02-24 03:00:00,2025-02-24 05:00:00,0.0
KM BK SIGUNTANG,PARE-PARE,2025-02-03 15:00:00,2025-02-24 04:00:00,2025-02-24 08:00:00,0.0
KM LABOBAR,KAIMANA,2025-02-03 21:00:00,2025-02-24 02:00:00,2025-02-24 04:00:00,0.0
KM WILIS,KUPANG,2025-02-04 01:00:00,2025-02-04 01:00:00,2025-02-04 09:00:00,0.0
KM GUNUNG DEMPO,MANOKWARI,2025-02-04 01:00:00,2025-02-25 02:00:00,2025-02-25 04:00:00,0.0
KM BINAIYA,PARE-PARE,2025-02-04 02:00:00,2025-02-24 08:00:00,2025-02-24 10:00:00,5.0
KM PANGRANGO,NAMROLE,2025-02-04 06:00:00,2025-02-24 17:00:00,2025-02-24 19:00:00,0.0
KM JETLINER,WANCI,2025-02-04 06:00:00,2025-02-04 06:00:00,2025-02-04 08:00:00,0.0
KM LABOBAR,FAK-FAK,2025-02-04 09:00:00,2025-02-24 04:00:00,2025-02-24 08:00:00,0.0
KM GUNUNG DEMPO,WASIOR,2025-02-04 10:00:00,2025-02-25 04:00:00,2025-02-25 05:00:00,0.0
KM BINAIYA,MAKASSAR,2025-02-04 10:00:00,2025-02-24 10:00:00,2025-02-24 15:00:00,0.0
KM BK SIGUNTANG,BALIKPAPAN,2025-02-04 11:00:00,2025-02-24 08:00:00,2025-02-24 10:00:00,0.0
KM CIREMAI,TANJUNG PRIOK,2025-02-04 12:00:00,2025-02-25 02:00:00,2025-02-26 12:00:00,494.0
KM NGGAPULU,BAU-BAU,2025-02-04 16:00:00,2025-02-24 05:00:00,2025-02-24 08:00:00,0.0
KM SANGIANG,BITUNG,2025-02-04 17:00:00,2025-02-04 17:00:00,2025-02-06 16:00:00,0.0
KM GUNUNG DEMPO,NABIRE,2025-02-04 18:00:00,2025-02-25 05:00:00,2025-02-25 07:00:00,0.0
KM TIDAR,MAKASSAR,2025-02-04 18:00:00,2025-02-25 04:00:00,2025-02-25 07:00:00,0.0
KM PANGRANGO,AMBON,2025-02-04 18:00:00,2025-02-24 19:00:00,2025-02-25 01:00:00,0.0
KM JETLINER,KENDARI,2025-02-04 21:00:00,2025-02-04 21:00:00,2025-02-04 23:00:00,0.0
KM DOROLONDA,SURABAYA,2025-02-04 22:00:00,2025-02-25 04:00:00,2025-02-25 16:00:00,486.0
KM LABOBAR,KAIMANA,2025-02-04 23:00:00,2025-02-24 08:00:00,2025-02-24 10:00:00,0.0
KM WILIS,KALABAHI,2025-02-05 02:00:00,2025-02-05 02:00:00,2025-02-05 14:00:00,0.0
KM LAMBELU,MAKASSAR,2025-02-05 03:00:00,2025-02-25 07:00:00,2025-02-25 15:00:00,484.0
KM EGON,WAINGAPU,2025-02-05 06:00:00,2025-02-05 06:00:00,2025-02-05 13:00:00,0.0
KM JETLINER,RAHA,2025-02-05 07:00:00,2025-02-05 07:00:00,2025-02-05 08:00:00,0.0
KM LABOBAR,DOBO,2025-02-05 10:00:00,2025-02-24 10:00:00,2025-02-24 12:00:00,0.0
KM NGGAPULU,MAKASSAR,2025-02-05 10:00:00,2025-02-25 15:00:00,2025-02-25 18:00:00,31.0
KM KELUD,TANJUNG BALAI KARIMUN,2025-02-05 10:00:00,2025-02-25 16:00:00,2025-02-25 17:00:00,0.0
KM BINAIYA,LABUAN BAJO,2025-02-05 11:00:00,2025-02-24 15:00:00,2025-02-24 17:00:00,0.0
KM BK SIGUNTANG,TARAKAN,2025-02-05 13:00:00,2025-02-24 10:00:00,2025-02-24 14:00:00,0.0
KM KELUD,BATAM,2025-02-05 14:00:00,2025-02-25 17:00:00,2025-02-25 20:00:00,0.0
KM TIDAR,BAU-BAU,2025-02-05 14:00:00,2025-02-25 07:00:00,2025-02-25 10:00:00,0.0
KM PANGRANGO,BANDA,2025-02-05 14:00:00,2025-02-25 01:00:00,2025-02-25 03:00:00,0.0
KM JETLINER,KENDARI,2025-02-05 16:00:00,2025-02-05 16:00:00,2025-02-05 18:00:00,0.0
KM LAMBELU,PARE-PARE,2025-02-05 16:00:00,2025-02-25 15:00:00,2025-02-25 18:00:00,0.0
KM GUNUNG DEMPO,JAYAPURA,2025-02-05 17:00:00,2025-02-25 07:00:00,2025-02-25 12:00:00,0.0
KM LABOBAR,TUAL,2025-02-05 19:00:00,2025-02-24 12:00:00,2025-02-24 14:00:00,0.0
KM BINAIYA,BIMA,2025-02-05 21:00:00,2025-02-24 17:00:00,2025-02-24 18:00:00,0.0
KM BK SIGUNTANG,NUNUKAN,2025-02-05 23:00:00,2025-02-24 14:00:00,2025-02-24 16:00:00,0.0
KM WILIS,KUPANG,2025-02-06 06:00:00,2025-02-06 06:00:00,2025-02-06 14:00:00,0.0
KM JETLINER,WANCI,2025-02-06 07:00:00,2025-02-06 07:00:00,2025-02-06 09:00:00,0.0
KM TIDAR,MAUMERE,2025-02-06 07:00:00,2025-02-25 10:00:00,2025-02-25 12:00:00,0.0
KM LABOBAR,BANDA,2025-02-06 10:00:00,2025-02-25 03:00:00,2025-02-25 04:00:00,13.0
KM LAMBELU,BALIKPAPAN,2025-02-06 11:00:00,2025-02-25 18:00:00,2025-02-25 20:00:00,0.0
KM EGON,LEMBAR,2025-02-06 15:00:00,2025-02-06 15:00:00,2025-02-06 18:00:00,0.0
KM DOROLONDA,BALIKPAPAN,2025-02-06 15:00:00,2025-02-25 20:00:00,2025-02-25 22:00:00,4.0
KM TIDAR,LARANTUKA,2025-02-06 15:00:00,2025-02-25 12:00:00,2025-02-25 14:00:00,0.0
KM LABOBAR,AMBON,2025-02-06 19:00:00,2025-02-25 04:00:00,2025-02-25 06:00:00,0.0
KM PANGRANGO,SAUMLAKI,2025-02-06 19:00:00,2025-02-25 03:00:00,2025-02-25 08:00:00,0.0
KM NGGAPULU,SURABAYA,2025-02-06 20:00:00,2025-02-25 18:00:00,2025-02-25 22:00:00,0.0
KM TIDAR,LEWOLEBA,2025-02-06 20:00:00,2025-02-25 14:00:00,2025-02-25 16:00:00,0.0
KM GUNUNG DEMPO,NABIRE,2025-02-06 21:00:00,2025-02-25 12:00:00,2025-02-25 14:00:00,0.0
KM BINAIYA,BENOA,2025-02-06 21:00:00,2025-02-24 18:00:00,2025-02-24 22:00:00,0.0
KM JETLINER,KENDARI,2025-02-06 22:00:00,2025-02-06 22:00:00,2025-02-07 17:00:00,0.0
KM KELUD,TANJUNG PRIOK,2025-02-06 23:00:00,2025-02-26 12:00:00,2025-02-27 10:00:00,16.0
KM KELUD,TANJUNG PRIOK,2025-02-06 23:00:00,2025-02-27 10:00:00,2025-02-27 10:00:00,0.0
KM CIREMAI,SURABAYA,2025-02-07 01:00:00,2025-02-26 12:00:00,2025-02-26 16:00:00,0.0
KM SIRIMAU,SORONG,2025-02-07 04:00:00,2025-02-25 02:00:00,2025-02-25 06:00:00,430.0
KM BK SIGUNTANG,BALIKPAPAN,2025-02-07 04:00:00,2025-02-25 22:00:00,2025-02-26 00:00:00,30.0
KM DOROLONDA,PANTOLOAN,2025-02-07 05:00:00,2025-02-25 22:00:00,2025-02-26 00:00:00,0.0
KM WILIS,ENDE,2025-02-07 06:00:00,2025-02-07 06:00:00,2025-02-07 08:00:00,0.0
KM GUNUNG DEMPO,WASIOR,2025-02-07 06:00:00,2025-02-25 14:00:00,2025-02-25 15:00:00,0.0
KM TIDAR,KUPANG,2025-02-07 07:00:00,2025-02-25 16:00:00,2025-02-25 20:00:00,0.0
KM SANGIANG,TERNATE,2025-02-07 13:00:00,2025-02-07 13:00:00,2025-02-07 16:00:00,0.0
KM GUNUNG DEMPO,MANOKWARI,2025-02-07 14:00:00,2025-02-25 15:00:00,2025-02-25 17:00:00,0.0
KM LAMBELU,TARAKAN,2025-02-07 15:00:00,2025-02-25 20:00:00,2025-02-25 23:00:00,0.0
KM EGON,SURABAYA,2025-02-07 16:00:00,2025-02-26 16:00:00,2025-02-26 20:00:00,456.0
KM WILIS,WAINGAPU,2025-02-07 19:00:00,2025-02-07 19:00:00,2025-02-07 21:00:00,0.0
KM TIDAR,LEWOLEBA,2025-02-07 19:00:00,2025-02-25 20:00:00,2025-02-25 22:00:00,0.0
KM BK SIGUNTANG,PARE-PARE,2025-02-07 22:00:00,2025-02-26 00:00:00,2025-02-26 04:00:00,0.0
KM LABOBAR,BAU-BAU,2025-02-07 22:00:00,2025-02-25 10:00:00,2025-02-25 12:00:00,4.0
KM BINAIYA,BIMA,2025-02-08 00:00:00,2025-02-24 22:00:00,2025-02-25 01:00:00,0.0
KM TIDAR,LARANTUKA,2025-02-08 00:00:00,2025-02-25 22:00:00,2025-02-26 00:00:00,0.0
KM LAMBELU,NUNUKAN,2025-02-08 00:00:00,2025-02-25 23:00:00,2025-02-26 02:00:00,0.0
KM NGGAPULU,TANJUNG PRIOK,2025-02-08 02:00:00,2025-02-27 10:00:00,2025-02-27 10:00:00,36.0
KM PANGRANGO,BANDA,2025-02-08 05:00:00,2025-02-25 08:00:00,2025-02-25 10:00:00,0.0
KM GUNUNG DEMPO,SORONG,2025-02-08 05:00:00,2025-02-25 17:00:00,2025-02-25 19:00:00,0.0
KM SANGIANG,BACAN,2025-02-08 05:00:00,2025-02-08 05:00:00,2025-02-08 07:00:00,0.0
KM JETLINER,WANCI,2025-02-08 06:00:00,2025-02-08 06:00:00,2025-02-08 08:00:00,0.0
KM WILIS,WAIKELO,2025-02-08 06:00:00,2025-02-08 06:00:00,2025-02-08 07:00:00,0.0
KM BK SIGUNTANG,MAKASSAR,2025-02-08 07:00:00,2025-02-26 04:00:00,2025-02-26 04:00:00,0.0
KM BK SIGUNTANG,MAKASSAR,2025-02-08 07:00:00,2025-02-26 04:00:00,2025-02-26 21:00:00,0.0
KM TIDAR,MAUMERE,2025-02-08 08:00:00,2025-02-26 00:00:00,2025-02-26 02:00:00,0.0
KM CIREMAI,MAKASSAR,2025-02-08 10:00:00,2025-02-26 21:00:00,2025-02-27 01:00:00,5.0
KM DOROLONDA,BITUNG,2025-02-08 12:00:00,2025-02-26 00:00:00,2025-02-26 03:00:00,0.0
KM LABOBAR,MAKASSAR,2025-02-08 14:00:00,2025-02-27 01:00:00,2025-02-27 03:00:00,37.0
KM BINAIYA,WAINGAPU,2025-02-08 17:00:00,2025-02-25 01:00:00,2025-02-25 03:00:00,0.0
KM SIRIMAU,AMBON,2025-02-08 18:00:00,2025-02-25 06:00:00,2025-02-25 09:00:00,0.0
KM WILIS,BIMA,2025-02-08 18:00:00,2025-02-25 01:00:00,2025-02-25 03:00:00,391.0
KM JETLINER,KENDARI,2025-02-08 21:00:00,2025-02-08 21:00:00,2025-02-09 07:00:00,0.0
KM EGON,BATULICIN,2025-02-08 21:00:00,2025-02-26 20:00:00,2025-02-26 23:00:00,0.0
KM PANGRANGO,AMBON,2025-02-08 21:00:00,2025-02-25 10:00:00,2025-02-26 06:00:00,0.0
KM JETLINER,KENDARI,2025-02-08 21:00:00,2025-02-09 07:00:00,2025-02-09 07:00:00,0.0
KM SINABUNG,SURABAYA,2025-02-08 22:00:00,2025-02-26 20:00:00,2025-02-27 17:00:00,430.0
KM TIDAR,BAU-BAU,2025-02-08 23:00:00,2025-02-26 02:00:00,2025-02-26 05:00:00,0.0
KM LAMBELU,PANTOLOAN,2025-02-09 00:00:00,2025-02-26 02:00:00,2025-02-26 04:00:00,0.0
KM DOROLONDA,TERNATE,2025-02-09 00:00:00,2025-02-26 03:00:00,2025-02-26 05:00:00,0.0
KM BK RAYA,TANJUNG PRIOK,2025-02-09 01:00:00,2025-02-27 10:00:00,2025-02-27 19:00:00,441.0
KM KELUD,BATAM,2025-02-09 04:00:00,2025-02-27 10:00:00,2025-02-27 15:00:00,0.0
KM BINAIYA,ENDE,2025-02-09 04:00:00,2025-02-25 03:00:00,2025-02-25 05:00:00,0.0
KM WILIS,LABUAN BAJO,2025-02-09 05:00:00,2025-02-25 03:00:00,2025-02-25 04:00:00,0.0
KM BK SIGUNTANG,PARE-PARE,2025-02-09 05:00:00,2025-02-26 21:00:00,2025-02-27 01:00:00,0.0
KM SANGIANG,SANANA,2025-02-09 06:00:00,2025-02-09 06:00:00,2025-02-09 08:00:00,0.0
KM CIREMAI,BAU-BAU,2025-02-09 07:00:00,2025-02-27 01:00:00,2025-02-27 03:00:00,0.0
KM KELUD,TANJUNG BALAI KARIMUN,2025-02-09 12:00:00,2025-02-27 15:00:00,2025-02-27 16:00:00,0.0
KM LAMBELU,BALIKPAPAN,2025-02-09 15:00:00,2025-02-26 04:00:00,2025-02-26 06:00:00,0.0
KM BINAIYA,KUPANG,2025-02-09 19:00:00,2025-02-25 20:00:00,2025-02-26 00:00:00,15.0
KM TIDAR,MAKASSAR,2025-02-09 19:00:00,2025-02-27 03:00:00,2025-02-27 08:00:00,22.0
KM JETLINER,WANCI,2025-02-09 20:00:00,2025-02-09 20:00:00,2025-02-09 22:00:00,0.0
KM LABOBAR,SURABAYA,2025-02-09 20:00:00,2025-02-27 17:00:00,2025-02-27 20:00:00,14.0
KM EGON,PARE-PARE,2025-02-09 20:00:00,2025-02-27 01:00:00,2025-02-27 04:00:00,2.0
KM DOROLONDA,SORONG,2025-02-09 21:00:00,2025-02-26 05:00:00,2025-02-26 08:00:00,0.0
KM SANGIANG,NAMLEA,2025-02-09 22:00:00,2025-02-24 05:00:00,2025-02-24 06:00:00,343.0
KM BK SIGUNTANG,BALIKPAPAN,2025-02-10 00:00:00,2025-02-27 01:00:00,2025-02-27 03:00:00,0.0
KM SIRIMAU,WANCI,2025-02-10 05:00:00,2025-02-25 09:00:00,2025-02-25 11:00:00,0.0
KM LEUSER,SURABAYA,2025-02-10 06:00:00,2025-02-27 20:00:00,2025-02-28 03:00:00,422.0
KM WILIS,MAKASSAR,2025-02-10 06:00:00,2025-02-27 08:00:00,2025-02-27 11:00:00,52.0
KM PANGRANGO,BANDA,2025-02-10 07:00:00,2025-02-26 06:00:00,2025-02-26 08:00:00,0.0
KM GUNUNG DEMPO,MAKASSAR,2025-02-10 08:00:00,2025-02-27 11:00:00,2025-02-27 13:00:00,40.0
KM SANGIANG,AMBON,2025-02-10 09:00:00,2025-02-26 06:00:00,2025-02-26 10:00:00,48.0
KM LAMBELU,PARE-PARE,2025-02-10 09:00:00,2025-02-27 04:00:00,2025-02-27 07:00:00,22.0
KM CIREMAI,AMBON,2025-02-10 10:00:00,2025-02-27 03:00:00,2025-02-27 06:00:00,0.0
KM KELUD,BELAWAN,2025-02-10 11:00:00,2025-02-27 16:00:00,2025-02-28 12:00:00,0.0
KM JETLINER,KENDARI,2025-02-10 11:00:00,2025-02-10 11:00:00,2025-02-10 17:00:00,0.0
KM BINAIYA,ENDE,2025-02-10 12:00:00,2025-02-26 00:00:00,2025-02-26 02:00:00,0.0
KM DOROLONDA,MANOKWARI,2025-02-10 12:00:00,2025-02-26 08:00:00,2025-02-26 10:00:00,0.0
KM BK RAYA,BLINYU,2025-02-10 14:00:00,2025-02-27 19:00:00,2025-02-27 20:00:00,0.0
KM SIRIMAU,BAU-BAU,2025-02-10 17:00:00,2025-02-27 03:00:00,2025-02-27 07:00:00,40.0
KM LAMBELU,MAKASSAR,2025-02-10 17:00:00,2025-02-27 13:00:00,2025-02-27 16:00:00,6.0
KM BINAIYA,WAINGAPU,2025-02-10 23:00:00,2025-02-26 02:00:00,2025-02-26 03:00:00,0.0
KM LABOBAR,TANJUNG PRIOK,2025-02-11 00:00:00,2025-02-27 20:00:00,2025-02-27 20:00:00,0.0
KM EGON,BONTANG,2025-02-11 00:00:00,2025-02-27 04:00:00,2025-02-27 08:00:00,0.0
KM LABOBAR,TANJUNG PRIOK,2025-02-11 00:00:00,2025-02-27 20:00:00,2025-02-28 12:00:00,0.0
KM DOROLONDA,NABIRE,2025-02-11 00:00:00,2025-02-26 10:00:00,2025-02-26 12:00:00,0.0
KM SINABUNG,MAKASSAR,2025-02-11 02:00:00,2025-02-27 17:00:00,2025-02-27 20:00:00,0.0
KM BK SIGUNTANG,TARAKAN,2025-02-11 03:00:00,2025-02-27 03:00:00,2025-02-27 07:00:00,0.0
KM SANGIANG,BANDA,2025-02-11 05:00:00,2025-02-26 10:00:00,2025-02-26 12:00:00,0.0
KM JETLINER,WANCI,2025-02-11 06:00:00,2025-02-25 11:00:00,2025-02-25 13:00:00,341.0
KM BK RAYA,KIJANG,2025-02-11 06:00:00,2025-02-27 20:00:00,2025-02-27 23:00:00,0.0
KM TIDAR,SURABAYA,2025-02-11 08:00:00,2025-02-28 03:00:00,2025-02-28 06:00:00,19.0
KM DOROLONDA,SERUI,2025-02-11 08:00:00,2025-02-26 12:00:00,2025-02-26 14:00:00,0.0
KM LAMBELU,BAU-BAU,2025-02-11 11:00:00,2025-02-27 16:00:00,2025-02-27 18:00:00,0.0
KM CIREMAI,SORONG,2025-02-11 11:00:00,2025-02-27 06:00:00,2025-02-27 09:00:00,0.0
KM PANGRANGO,SAUMLAKI,2025-02-11 12:00:00,2025-02-26 08:00:00,2025-02-26 12:00:00,0.0
KM GUNUNG DEMPO,SURABAYA,2025-02-11 12:00:00,2025-02-28 06:00:00,2025-02-28 08:00:00,17.0
KM BK SIGUNTANG,NUNUKAN,2025-02-11 13:00:00,2025-02-27 07:00:00,2025-02-27 10:00:00,0.0
KM BINAIYA,BIMA,2025-02-11 14:00:00,2025-02-26 03:00:00,2025-02-26 04:00:00,0.0
KM WILIS,BATULICIN,2025-02-11 15:00:00,2025-02-27 11:00:00,2025-02-28 14:00:00,0.0
KM WILIS,BATULICIN,2025-02-11 15:00:00,2025-02-28 14:00:00,2025-02-28 14:00:00,0.0
KM LEUSER,BENOA,2025-02-11 17:00:00,2025-02-28 03:00:00,2025-02-28 05:00:00,0.0
KM SANGIANG,GESER,2025-02-11 17:00:00,2025-02-26 12:00:00,2025-02-26 14:00:00,0.0
KM SIRIMAU,MAUMERE,2025-02-11 18:00:00,2025-02-27 07:00:00,2025-02-27 09:00:00,0.0
KM JETLINER,KENDARI,2025-02-11 21:00:00,2025-02-25 13:00:00,2025-02-25 15:00:00,0.0
KM BK RAYA,LETUNG,2025-02-11 22:00:00,2025-02-27 23:00:00,2025-02-28 00:00:00,0.0
KM SINABUNG,BAU-BAU,2025-02-11 22:00:00,2025-02-27 20:00:00,2025-02-27 22:00:00,0.0
KM LAMBELU,MAUMERE,2025-02-12 02:00:00,2025-02-27 18:00:00,2025-02-27 20:00:00,0.0
KM BK RAYA,TAREMPA,2025-02-12 04:00:00,2025-02-28 00:00:00,2025-02-28 02:00:00,0.0
KM EGON,PARE-PARE,2025-02-12 05:00:00,2025-02-27 08:00:00,2025-02-27 11:00:00,0.0
KM DOROLONDA,JAYAPURA,2025-02-12 05:00:00,2025-02-26 14:00:00,2025-02-26 20:00:00,0.0
KM KELUD,TANJUNG BALAI KARIMUN,2025-02-12 05:00:00,2025-02-28 12:00:00,2025-02-28 13:00:00,0.0
KM SIRIMAU,LEWOLEBA,2025-02-12 06:00:00,2025-02-27 09:00:00,2025-02-27 11:00:00,0.0
KM JETLINER,RAHA,2025-02-12 07:00:00,2025-02-25 15:00:00,2025-02-25 16:00:00,0.0
KM SANGIANG,FAK-FAK,2025-02-12 07:00:00,2025-02-26 14:00:00,2025-02-26 23:00:00,0.0
KM KELUD,BATAM,2025-02-12 09:00:00,2025-02-28 13:00:00,2025-02-28 16:00:00,0.0
KM LAMBELU,LARANTUKA,2025-02-12 09:00:00,2025-02-27 20:00:00,2025-02-27 22:00:00,0.0
KM CIREMAI,SERUI,2025-02-12 14:00:00,2025-02-27 09:00:00,2025-02-27 11:00:00,0.0
KM BINAIYA,BENOA,2025-02-12 14:00:00,2025-02-28 05:00:00,2025-02-28 05:00:00,49.0
KM BINAIYA,BENOA,2025-02-12 14:00:00,2025-02-28 05:00:00,2025-02-28 23:00:00,0.0
KM TIDAR,TANJUNG PRIOK,2025-02-12 15:00:00,2025-02-28 12:00:00,2025-02-28 15:00:00,6.0
KM GUNUNG DEMPO,TANJUNG PRIOK,2025-02-12 15:00:00,2025-02-28 15:00:00,2025-02-28 15:00:00,7.0
KM JETLINER,KENDARI,2025-02-12 16:00:00,2025-02-25 16:00:00,2025-02-25 18:00:00,0.0
KM BK RAYA,NATUNA,2025-02-12 17:00:00,2025-02-28 02:00:00,2025-02-28 05:00:00,0.0
KM LABOBAR,SURABAYA,2025-02-12 17:00:00,2025-02-28 12:00:00,2025-02-28 16:00:00,0.0
KM LEUSER,BIMA,2025-02-12 17:00:00,2025-02-28 05:00:00,2025-02-28 07:00:00,0.0
KM SINABUNG,BANGGAI,2025-02-12 18:00:00,2025-02-27 22:00:00,2025-02-27 23:00:00,0.0
KM BK SIGUNTANG,BALIKPAPAN,2025-02-12 19:00:00,2025-02-27 10:00:00,2025-02-27 12:00:00,0.0
KM PANGRANGO,BANDA,2025-02-12 20:00:00,2025-02-26 12:00:00,2025-02-26 14:00:00,0.0
KM SIRIMAU,KUPANG,2025-02-12 21:00:00,2025-02-27 11:00:00,2025-02-27 17:00:00,0.0
KM LAMBELU,BAU-BAU,2025-02-12 23:00:00,2025-02-27 22:00:00,2025-02-28 00:00:00,0.0
KM BK RAYA,MIDAI,2025-02-13 00:00:00,2025-02-28 05:00:00,2025-02-28 07:00:00,0.0
KM LEUSER,LABUAN BAJO,2025-02-13 03:00:00,2025-02-28 07:00:00,2025-02-28 09:00:00,0.0
KM SANGIANG,GESER,2025-02-13 05:00:00,2025-02-26 23:00:00,2025-02-27 01:00:00,0.0
KM DOROLONDA,SERUI,2025-02-13 06:00:00,2025-02-27 11:00:00,2025-02-27 13:00:00,15.0
KM JETLINER,WANCI,2025-02-13 07:00:00,2025-02-25 18:00:00,2025-02-25 20:00:00,0.0
KM EGON,BONTANG,2025-02-13 08:00:00,2025-02-27 11:00:00,2025-02-27 18:00:00,0.0
KM SINABUNG,BITUNG,2025-02-13 10:00:00,2025-02-27 23:00:00,2025-02-28 02:00:00,0.0
KM BK RAYA,SERASAN,2025-02-13 10:00:00,2025-02-28 07:00:00,2025-02-28 09:00:00,0.0
KM CIREMAI,JAYAPURA,2025-02-13 11:00:00,2025-02-27 11:00:00,2025-02-27 17:00:00,0.0
KM BK SIGUNTANG,PARE-PARE,2025-02-13 12:00:00,2025-02-27 12:00:00,2025-02-27 16:00:00,0.0
KM PANGRANGO,AMBON,2025-02-13 12:00:00,2025-02-27 06:00:00,2025-02-28 10:00:00,16.0
KM PANGRANGO,AMBON,2025-02-13 12:00:00,2025-02-28 10:00:00,2025-02-28 10:00:00,0.0
KM DOROLONDA,NABIRE,2025-02-13 14:00:00,2025-02-27 13:00:00,2025-02-27 15:00:00,0.0
KM LAMBELU,MAKASSAR,2025-02-13 16:00:00,2025-02-28 00:00:00,2025-02-28 04:00:00,0.0
KM SANGIANG,BANDA,2025-02-13 17:00:00,2025-02-27 01:00:00,2025-02-27 03:00:00,0.0
KM SIRIMAU,KALABAHI,2025-02-13 18:00:00,2025-02-27 17:00:00,2025-02-27 19:00:00,0.0
KM KELUD,TANJUNG PRIOK,2025-02-13 18:00:00,2025-02-28 16:00:00,2025-03-01 19:00:00,0.0
KM KELUD,TANJUNG PRIOK,2025-02-13 18:00:00,2025-03-01 19:00:00,2025-03-01 19:00:00,0.0
KM BK SIGUNTANG,MAKASSAR,2025-02-13 21:00:00,2025-02-28 04:00:00,2025-02-28 07:00:00,12.0
KM JETLINER,KENDARI,2025-02-13 22:00:00,2025-02-25 20:00:00,2025-02-26 15:00:00,0.0
KM LABOBAR,MAKASSAR,2025-02-14 00:00:00,2025-02-28 16:00:00,2025-02-28 19:00:00,0.0
KM SINABUNG,TERNATE,2025-02-14 00:00:00,2025-02-28 02:00:00,2025-02-28 04:00:00,0.0
KM WILIS,MAKASSAR,2025-02-14 00:00:00,2025-02-28 19:00:00,2025-03-01 03:00:00,5.0
KM LAMBELU,PARE-PARE,2025-02-14 01:00:00,2025-02-28 04:00:00,2025-02-28 09:00:00,0.0
KM DOROLONDA,MANOKWARI,2025-02-14 02:00:00,2025-02-27 15:00:00,2025-02-27 17:00:00,0.0
KM LEUSER,MAKASSAR,2025-02-14 02:00:00,2025-03-01 03:00:00,2025-03-01 06:00:00,18.0
KM TIDAR,KIJANG,2025-02-14 05:00:00,2025-02-28 15:00:00,2025-02-28 15:00:00,0.0
KM TIDAR,KIJANG,2025-02-14 05:00:00,2025-02-28 15:00:00,2025-02-28 19:00:00,0.0
KM BK RAYA,PONTIANAK,2025-02-14 06:00:00,2025-02-28 09:00:00,2025-02-28 11:00:00,0.0
KM BINAIYA,BIMA,2025-02-14 07:00:00,2025-02-28 23:00:00,2025-03-01 01:00:00,0.0
KM SINABUNG,BACAN,2025-02-14 09:00:00,2025-02-28 04:00:00,2025-02-28 05:00:00,0.0
KM SANGIANG,AMBON,2025-02-14 13:00:00,2025-02-28 10:00:00,2025-02-28 21:00:00,31.0
KM CIREMAI,SERUI,2025-02-14 15:00:00,2025-02-27 17:00:00,2025-02-27 19:00:00,0.0
KM DOROLONDA,SORONG,2025-02-14 16:00:00,2025-02-27 17:00:00,2025-02-27 20:00:00,0.0
KM EGON,PARE-PARE,2025-02-14 16:00:00,2025-02-28 09:00:00,2025-02-28 11:00:00,15.0
KM BINAIYA,LABUAN BAJO,2025-02-14 17:00:00,2025-03-01 01:00:00,2025-03-01 03:00:00,0.0
KM BK SIGUNTANG,MAUMERE,2025-02-14 18:00:00,2025-02-28 07:00:00,2025-02-28 09:00:00,0.0
KM LABOBAR,BAU-BAU,2025-02-14 18:00:00,2025-02-28 19:00:00,2025-02-28 21:00:00,0.0
KM LAMBELU,BALIKPAPAN,2025-02-14 22:00:00,2025-02-28 09:00:00,2025-02-28 11:00:00,0.0
KM SINABUNG,SORONG,2025-02-15 01:00:00,2025-02-28 05:00:00,2025-02-28 08:00:00,0.0
KM BK SIGUNTANG,LEWOLEBA,2025-02-15 02:00:00,2025-02-28 09:00:00,2025-02-28 11:00:00,0.0
KM LAWIT,KUMAI,2025-02-15 02:00:00,2025-02-15 02:00:00,2025-02-15 04:00:00,0.0
KM LEUSER,BAU-BAU,2025-02-15 03:00:00,2025-03-01 06:00:00,2025-03-01 08:00:00,0.0
KM JETLINER,WANCI,2025-02-15 06:00:00,2025-02-26 15:00:00,2025-02-26 17:00:00,0.0
KM PANGRANGO,BANDA,2025-02-15 06:00:00,2025-02-28 10:00:00,2025-03-01 20:00:00,0.0
KM WILIS,LABUAN BAJO,2025-02-15 08:00:00,2025-03-01 03:00:00,2025-03-01 04:00:00,0.0
KM SANGIANG,NAMLEA,2025-02-15 11:00:00,2025-02-28 21:00:00,2025-03-01 02:00:00,0.0
KM BK SIGUNTANG,KUPANG,2025-02-15 11:00:00,2025-02-28 11:00:00,2025-02-28 17:00:00,0.0
KM LEUSER,WANCI,2025-02-15 13:00:00,2025-03-01 08:00:00,2025-03-01 10:00:00,0.0
KM LAMBELU,PANTOLOAN,2025-02-15 13:00:00,2025-02-28 11:00:00,2025-02-28 13:00:00,0.0
KM DOROLONDA,TERNATE,2025-02-15 14:00:00,2025-02-28 04:00:00,2025-02-28 06:00:00,8.0
KM BINAIYA,MAKASSAR,2025-02-15 14:00:00,2025-03-01 06:00:00,2025-03-01 11:00:00,3.0
KM SIRIMAU,SAUMLAKI,2025-02-15 15:00:00,2025-02-27 19:00:00,2025-02-27 21:00:00,0.0
KM CIREMAI,SORONG,2025-02-15 16:00:00,2025-02-28 08:00:00,2025-02-28 11:00:00,13.0
KM EGON,BATULICIN,2025-02-15 16:00:00,2025-02-28 14:00:00,2025-02-28 17:00:00,3.0
KM WILIS,BIMA,2025-02-15 18:00:00,2025-03-01 04:00:00,2025-03-01 05:00:00,0.0
KM SINABUNG,MANOKWARI,2025-02-15 18:00:00,2025-02-28 08:00:00,2025-02-28 10:00:00,0.0
KM LABOBAR,AMBON,2025-02-15 20:00:00,2025-02-28 21:00:00,2025-03-01 00:00:00,0.0
KM JETLINER,KENDARI,2025-02-15 21:00:00,2025-02-26 17:00:00,2025-02-26 17:00:00,0.0
KM JETLINER,KENDARI,2025-02-15 21:00:00,2025-02-26 17:00:00,2025-02-27 03:00:00,0.0
KM TIDAR,TANJUNG PRIOK,2025-02-15 21:00:00,2025-03-01 19:00:00,2025-03-02 01:00:00,24.0
KM BK SIGUNTANG,LEWOLEBA,2025-02-16 00:00:00,2025-02-28 17:00:00,2025-02-28 19:00:00,0.0
KM DOROLONDA,BITUNG,2025-02-16 00:00:00,2025-02-28 06:00:00,2025-02-28 08:00:00,0.0
KM BINAIYA,AWERANGE,2025-02-16 01:00:00,2025-03-01 11:00:00,2025-03-01 13:00:00,0.0
KM KELUD,BATAM,2025-02-16 04:00:00,2025-03-01 19:00:00,2025-03-02 00:00:00,0.0
KM BK RAYA,SURABAYA,2025-02-16 05:00:00,2025-02-28 16:00:00,2025-02-28 20:00:00,5.0
KM WILIS,WAIKELO,2025-02-16 06:00:00,2025-03-01 05:00:00,2025-03-01 06:00:00,0.0
KM SINABUNG,BIAK,2025-02-16 06:00:00,2025-02-28 10:00:00,2025-02-28 12:00:00,0.0
KM SANGIANG,SANANA,2025-02-16 06:00:00,2025-03-01 02:00:00,2025-03-01 04:00:00,0.0
KM LABOBAR,BANDA,2025-02-16 07:00:00,2025-03-01 20:00:00,2025-03-01 22:00:00,20.0
KM BK SIGUNTANG,MAUMERE,2025-02-16 09:00:00,2025-02-28 19:00:00,2025-02-28 20:00:00,0.0
KM LAWIT,SURABAYA,2025-02-16 09:00:00,2025-02-28 20:00:00,2025-03-01 01:00:00,299.0
KM LAMBELU,TARAKAN,2025-02-16 10:00:00,2025-02-28 13:00:00,2025-02-28 17:00:00,0.0
KM KELUD,TANJUNG BALAI KARIMUN,2025-02-16 12:00:00,2025-03-02 00:00:00,2025-03-02 01:00:00,0.0
KM LEUSER,NAMROLE,2025-02-16 12:00:00,2025-03-01 10:00:00,2025-03-01 12:00:00,0.0
KM SIRIMAU,TUAL,2025-02-16 13:00:00,2025-02-27 21:00:00,2025-02-28 03:00:00,0.0
KM GUNUNG DEMPO,TANJUNG PRIOK,2025-02-16 14:00:00,2025-03-02 01:00:00,2025-03-02 14:00:00,34.0
KM WILIS,WAINGAPU,2025-02-16 16:00:00,2025-03-01 06:00:00,2025-03-01 10:00:00,0.0
KM CIREMAI,AMBON,2025-02-16 17:00:00,2025-03-01 00:00:00,2025-03-01 03:00:00,13.0
KM EGON,SURABAYA,2025-02-16 20:00:00,2025-03-01 01:00:00,2025-03-01 05:00:00,8.0
KM JETLINER,WANCI,2025-02-16 20:00:00,2025-03-01 10:00:00,2025-03-01 12:00:00,55.0
KM LAMBELU,NUNUKAN,2025-02-16 20:00:00,2025-02-28 17:00:00,2025-02-28 20:00:00,0.0
KM LABOBAR,TUAL,2025-02-16 21:00:00,2025-03-01 22:00:00,2025-03-02 01:00:00,0.0
KM LEUSER,AMBON,2025-02-17 00:00:00,2025-03-01 12:00:00,2025-03-01 15:00:00,0.0
KM BK SIGUNTANG,MAKASSAR,2025-02-17 04:00:00,2025-03-01 11:00:00,2025-03-01 17:00:00,15.0
KM SINABUNG,JAYAPURA,2025-02-17 04:00:00,2025-02-28 12:00:00,2025-02-28 16:00:00,0.0
KM DOROLONDA,PANTOLOAN,2025-02-17 05:00:00,2025-02-28 13:00:00,2025-02-28 15:00:00,5.0
KM SANGIANG,BACAN,2025-02-17 05:00:00,2025-03-01 04:00:00,2025-03-01 06:00:00,0.0
KM BINAIYA,BONTANG,2025-02-17 06:00:00,2025-03-01 13:00:00,2025-03-01 16:00:00,0.0
KM PANGRANGO,AMBON,2025-02-17 06:00:00,2025-03-01 20:00:00,2025-03-02 10:00:00,0.0
KM SIRIMAU,DOBO,2025-02-17 06:00:00,2025-02-28 03:00:00,2025-02-28 05:00:00,0.0
KM WILIS,ENDE,2025-02-17 07:00:00,2025-03-01 10:00:00,2025-03-01 12:00:00,0.0
KM LABOBAR,DOBO,2025-02-17 08:00:00,2025-03-02 01:00:00,2025-03-02 04:00:00,0.0
KM TIDAR,SURABAYA,2025-02-17 08:00:00,2025-03-02 01:00:00,2025-03-02 03:00:00,0.0
KM KELUD,BELAWAN,2025-02-17 11:00:00,2025-03-02 01:00:00,2025-03-03 00:00:00,0.0
KM JETLINER,KENDARI,2025-02-17 11:00:00,2025-03-01 12:00:00,2025-03-01 18:00:00,0.0
KM BK SIGUNTANG,PARE-PARE,2025-02-17 15:00:00,2025-03-01 17:00:00,2025-03-01 21:00:00,0.0
KM DOROLONDA,BALIKPAPAN,2025-02-17 19:00:00,2025-02-28 15:00:00,2025-02-28 17:00:00,0.0
KM SANGIANG,TERNATE,2025-02-17 19:00:00,2025-03-01 06:00:00,2025-03-01 08:00:00,0.0
KM LAWIT,BENOA,2025-02-17 19:00:00,2025-03-01 01:00:00,2025-03-01 06:00:00,0.0
KM LABOBAR,KAIMANA,2025-02-17 20:00:00,2025-03-02 04:00:00,2025-03-02 06:00:00,0.0
KM CIREMAI,BAU-BAU,2025-02-17 21:00:00,2025-03-01 08:00:00,2025-03-01 10:00:00,5.0
KM EGON,LEMBAR,2025-02-17 22:00:00,2025-03-01 05:00:00,2025-03-01 08:00:00,0.0
KM WILIS,KUPANG,2025-02-18 01:00:00,2025-03-01 12:00:00,2025-03-01 20:00:00,0.0
KM LAMBELU,BALIKPAPAN,2025-02-18 02:00:00,2025-02-28 20:00:00,2025-02-28 22:00:00,0.0
KM SIRIMAU,TIMIKA,2025-02-18 03:00:00,2025-02-28 05:00:00,2025-02-28 08:00:00,0.0
KM GUNUNG DEMPO,SURABAYA,2025-02-18 04:00:00,2025-03-02 14:00:00,2025-03-02 18:00:00,0.0
KM PANGRANGO,NAMROLE,2025-02-18 06:00:00,2025-03-02 10:00:00,2025-03-02 12:00:00,0.0
KM JETLINER,WANCI,2025-02-18 06:00:00,2025-03-01 18:00:00,2025-03-01 20:00:00,0.0
KM SINABUNG,BIAK,2025-02-18 08:00:00,2025-02-28 16:00:00,2025-02-28 18:00:00,0.0
KM LABOBAR,FAK-FAK,2025-02-18 08:00:00,2025-03-02 06:00:00,2025-03-02 10:00:00,0.0
KM BK RAYA,PONTIANAK,2025-02-18 09:00:00,2025-02-28 20:00:00,2025-02-28 22:00:00,0.0
KM LEUSER,SAUMLAKI,2025-02-18 10:00:00,2025-03-01 15:00:00,2025-03-01 17:00:00,0.0
KM BK SIGUNTANG,BALIKPAPAN,2025-02-18 11:00:00,2025-03-01 21:00:00,2025-03-01 23:00:00,0.0
KM BINAIYA,PARE-PARE,2025-02-18 12:00:00,2025-03-01 21:00:00,2025-03-01 23:00:00,5.0
KM CIREMAI,MAKASSAR,2025-02-18 15:00:00,2025-03-01 17:00:00,2025-03-01 20:00:00,7.0
KM SANGIANG,BITUNG,2025-02-18 17:00:00,2025-03-01 08:00:00,2025-03-03 07:00:00,0.0
KM SANGIANG,BITUNG,2025-02-18 17:00:00,2025-03-03 07:00:00,2025-03-03 07:00:00,0.0
KM PANGRANGO,AMBON,2025-02-18 18:00:00,2025-03-02 12:00:00,2025-03-02 18:00:00,0.0
KM SIRIMAU,AGATS,2025-02-18 18:00:00,2025-02-28 08:00:00,2025-02-28 10:00:00,0.0
KM TIDAR,MAKASSAR,2025-02-18 18:00:00,2025-03-02 03:00:00,2025-03-02 06:00:00,0.0
KM LAMBELU,PARE-PARE,2025-02-18 20:00:00,2025-03-01 23:00:00,2025-03-02 01:00:00,25.0
KM SINABUNG,MANOKWARI,2025-02-18 20:00:00,2025-02-28 18:00:00,2025-02-28 20:00:00,0.0
KM JETLINER,KENDARI,2025-02-18 21:00:00,2025-03-01 20:00:00,2025-03-01 22:00:00,0.0
KM LABOBAR,KAIMANA,2025-02-18 22:00:00,2025-03-02 10:00:00,2025-03-02 12:00:00,0.0
KM LAWIT,BIMA,2025-02-18 22:00:00,2025-03-01 06:00:00,2025-03-01 08:00:00,0.0
KM BK RAYA,SERASAN,2025-02-19 01:00:00,2025-02-28 22:00:00,2025-03-01 00:00:00,0.0
KM DOROLONDA,SURABAYA,2025-02-19 02:00:00,2025-03-02 18:00:00,2025-03-02 18:00:00,49.0
KM DOROLONDA,SURABAYA,2025-02-19 02:00:00,2025-03-02 18:00:00,2025-03-03 05:00:00,0.0
KM WILIS,KALABAHI,2025-02-19 02:00:00,2025-03-01 20:00:00,2025-03-02 08:00:00,0.0
KM LAMBELU,MAKASSAR,2025-02-19 03:00:00,2025-03-02 06:00:00,2025-03-02 06:00:00,5.0
KM LAMBELU,MAKASSAR,2025-02-19 03:00:00,2025-03-02 06:00:00,2025-03-02 14:00:00,0.0
KM EGON,WAINGAPU,2025-02-19 05:00:00,2025-03-01 10:00:00,2025-03-01 16:00:00,2.0
KM EGON,WAINGAPU,2025-02-19 05:00:00,2025-03-01 16:00:00,2025-03-01 16:00:00,0.0
KM LEUSER,TUAL,2025-02-19 07:00:00,2025-03-02 01:00:00,2025-03-02 05:00:00,8.0
KM JETLINER,RAHA,2025-02-19 07:00:00,2025-03-01 22:00:00,2025-03-01 23:00:00,0.0
KM KELUD,TANJUNG BALAI KARIMUN,2025-02-19 08:00:00,2025-03-03 00:00:00,2025-03-03 01:00:00,0.0
KM LABOBAR,DOBO,2025-02-19 09:00:00,2025-03-02 12:00:00,2025-03-02 14:00:00,0.0
KM GUNUNG DEMPO,MAKASSAR,2025-02-19 10:00:00,2025-03-02 18:00:00,2025-03-02 22:00:00,0.0
KM BK RAYA,MIDAI,2025-02-19 11:00:00,2025-03-01 00:00:00,2025-03-01 01:00:00,0.0
KM KELUD,BATAM,2025-02-19 12:00:00,2025-03-03 01:00:00,2025-03-03 04:00:00,0.0
KM BK SIGUNTANG,TARAKAN,2025-02-19 13:00:00,2025-03-01 23:00:00,2025-03-02 03:00:00,0.0
KM SINABUNG,SORONG,2025-02-19 13:00:00,2025-02-28 20:00:00,2025-02-28 22:00:00,0.0
KM TIDAR,BAU-BAU,2025-02-19 14:00:00,2025-03-02 06:00:00,2025-03-02 09:00:00,0.0
KM PANGRANGO,BANDA,2025-02-19 14:00:00,2025-03-02 18:00:00,2025-03-02 20:00:00,0.0
KM LAWIT,WAINGAPU,2025-02-19 15:00:00,2025-03-01 16:00:00,2025-03-01 19:00:00,8.0
KM LAMBELU,PARE-PARE,2025-02-19 16:00:00,2025-03-02 14:00:00,2025-03-02 17:00:00,0.0
KM JETLINER,KENDARI,2025-02-19 16:00:00,2025-03-01 23:00:00,2025-03-02 01:00:00,0.0
KM BK RAYA,NATUNA,2025-02-19 16:00:00,2025-03-01 01:00:00,2025-03-01 03:00:00,0.0
KM BINAIYA,BONTANG,2025-02-19 17:00:00,2025-03-01 23:00:00,2025-03-02 03:00:00,0.0
KM LABOBAR,TUAL,2025-02-19 18:00:00,2025-03-02 14:00:00,2025-03-02 16:00:00,0.0
KM LEUSER,DOBO,2025-02-19 22:00:00,2025-03-02 14:00:00,2025-03-02 16:00:00,9.0
KM BK SIGUNTANG,NUNUKAN,2025-02-19 23:00:00,2025-03-02 03:00:00,2025-03-02 05:00:00,0.0
KM CIREMAI,SURABAYA,2025-02-19 23:00:00,2025-03-03 05:00:00,2025-03-03 07:00:00,33.0
KM LAWIT,ENDE,2025-02-20 04:00:00,2025-03-01 19:00:00,2025-03-01 21:00:00,0.0
KM BK RAYA,TAREMPA,2025-02-20 05:00:00,2025-03-01 03:00:00,2025-03-01 04:00:00,0.0
KM WILIS,KUPANG,2025-02-20 06:00:00,2025-03-02 08:00:00,2025-03-02 16:00:00,0.0
KM JETLINER,WANCI,2025-02-20 07:00:00,2025-03-02 01:00:00,2025-03-02 03:00:00,0.0
KM TIDAR,MAUMERE,2025-02-20 07:00:00,2025-03-02 09:00:00,2025-03-02 11:00:00,0.0
KM SINABUNG,BACAN,2025-02-20 07:00:00,2025-03-01 06:00:00,2025-03-01 07:00:00,8.0
KM LABOBAR,BANDA,2025-02-20 09:00:00,2025-03-02 20:00:00,2025-03-02 21:00:00,4.0
KM BK RAYA,LETUNG,2025-02-20 10:00:00,2025-03-01 04:00:00,2025-03-01 05:00:00,0.0
KM LAMBELU,BALIKPAPAN,2025-02-20 11:00:00,2025-03-02 17:00:00,2025-03-02 19:00:00,0.0
KM EGON,LEMBAR,2025-02-20 13:00:00,2025-03-01 16:00:00,2025-03-01 19:00:00,0.0
KM TIDAR,LARANTUKA,2025-02-20 15:00:00,2025-03-02 11:00:00,2025-03-02 13:00:00,0.0
KM SINABUNG,TERNATE,2025-02-20 15:00:00,2025-03-01 08:00:00,2025-03-01 10:00:00,1.0
KM DOROLONDA,MAKASSAR,2025-02-20 16:00:00,2025-03-03 05:00:00,2025-03-03 08:00:00,0.0
KM LABOBAR,AMBON,2025-02-20 18:00:00,2025-03-02 21:00:00,2025-03-02 23:00:00,0.0
KM LEUSER,TIMIKA,2025-02-20 19:00:00,2025-03-02 16:00:00,2025-03-02 18:00:00,0.0
KM SIRIMAU,MERAUKE,2025-02-20 19:00:00,2025-02-28 10:00:00,2025-02-28 19:00:00,0.0
KM PANGRANGO,SAUMLAKI,2025-02-20 19:00:00,2025-03-02 20:00:00,2025-03-03 01:00:00,0.0
KM TIDAR,LEWOLEBA,2025-02-20 20:00:00,2025-03-02 13:00:00,2025-03-02 15:00:00,0.0
KM KELUD,TANJUNG PRIOK,2025-02-20 21:00:00,2025-03-03 04:00:00,2025-03-04 03:00:00,0.0
KM KELUD,TANJUNG PRIOK,2025-02-20 21:00:00,2025-03-04 03:00:00,2025-03-04 03:00:00,0.0
KM JETLINER,KENDARI,2025-02-20 22:00:00,2025-03-02 03:00:00,2025-03-02 22:00:00,0.0
KM BINAIYA,AWERANGE,2025-02-21 00:00:00,2025-03-02 03:00:00,2025-03-02 05:00:00,0.0
KM BK RAYA,KIJANG,2025-02-21 01:00:00,2025-03-01 05:00:00,2025-03-01 07:00:00,0.0
KM LAWIT,KALABAHI,2025-02-21 01:00:00,2025-03-02 08:00:00,2025-03-02 10:00:00,11.0
KM SINABUNG,BITUNG,2025-02-21 03:00:00,2025-03-03 07:00:00,2025-03-03 09:00:00,45.0
KM BK SIGUNTANG,BALIKPAPAN,2025-02-21 04:00:00,2025-03-02 19:00:00,2025-03-02 21:00:00,14.0
KM CIREMAI,TANJUNG PRIOK,2025-02-21 04:00:00,2025-03-04 03:00:00,2025-03-04 03:00:00,20.0
KM CIREMAI,TANJUNG PRIOK,2025-02-21 04:00:00,2025-03-04 03:00:00,2025-03-04 18:00:00,0.0
KM WILIS,ENDE,2025-02-21 06:00:00,2025-03-02 16:00:00,2025-03-02 18:00:00,0.0
KM TIDAR,KUPANG,2025-02-21 07:00:00,2025-03-02 16:00:00,2025-03-02 20:00:00,1.0
KM BINAIYA,MAKASSAR,2025-02-21 08:00:00,2025-03-03 08:00:00,2025-03-03 12:00:00,27.0
KM LEUSER,AGATS,2025-02-21 09:00:00,2025-03-02 18:00:00,2025-03-02 20:00:00,0.0
KM DOROLONDA,BAU-BAU,2025-02-21 09:00:00,2025-03-03 08:00:00,2025-03-03 10:00:00,0.0
KM SANGIANG,TERNATE,2025-02-21 13:00:00,2025-03-03 07:00:00,2025-03-03 10:00:00,0.0
KM EGON,SURABAYA,2025-02-21 14:00:00,2025-03-03 07:00:00,2025-03-03 11:00:00,36.0
KM GUNUNG DEMPO,SORONG,2025-02-21 15:00:00,2025-03-02 22:00:00,2025-03-03 01:00:00,0.0
KM LAMBELU,TARAKAN,2025-02-21 15:00:00,2025-03-02 19:00:00,2025-03-02 22:00:00,0.0
KM LAWIT,KUPANG,2025-02-21 16:00:00,2025-03-02 20:00:00,2025-03-03 00:00:00,10.0
KM WILIS,WAINGAPU,2025-02-21 19:00:00,2025-03-02 18:00:00,2025-03-02 20:00:00,0.0
KM BK RAYA,BLINYU,2025-02-21 19:00:00,2025-03-01 07:00:00,2025-03-01 08:00:00,0.0
KM TIDAR,LEWOLEBA,2025-02-21 19:00:00,2025-03-02 20:00:00,2025-03-02 22:00:00,0.0
KM SINABUNG,BANGGAI,2025-02-21 21:00:00,2025-03-03 09:00:00,2025-03-03 11:00:00,0.0
KM LABOBAR,BAU-BAU,2025-02-21 21:00:00,2025-03-03 10:00:00,2025-03-03 12:00:00,11.0
KM BK SIGUNTANG,PARE-PARE,2025-02-21 22:00:00,2025-03-02 21:00:00,2025-03-03 01:00:00,0.0
KM TIDAR,LARANTUKA,2025-02-22 00:00:00,2025-03-02 22:00:00,2025-03-03 00:00:00,0.0
KM LAMBELU,NUNUKAN,2025-02-22 00:00:00,2025-03-02 22:00:00,2025-03-03 01:00:00,0.0
KM LAWIT,ROTE,2025-02-22 01:00:00,2025-03-03 00:00:00,2025-03-03 02:00:00,0.0
KM DOBONSOLO,SURABAYA,2025-02-22 03:00:00,2025-03-03 11:00:00,2025-03-03 15:00:00,224.0
KM PANGRANGO,BANDA,2025-02-22 05:00:00,2025-03-03 01:00:00,2025-03-03 03:00:00,0.0
KM SANGIANG,BACAN,2025-02-22 05:00:00,2025-03-03 10:00:00,2025-03-03 12:00:00,0.0
KM JETLINER,WANCI,2025-02-22 06:00:00,2025-03-02 22:00:00,2025-03-03 00:00:00,0.0
KM GUNUNG DEMPO,MANOKWARI,2025-02-22 06:00:00,2025-03-03 01:00:00,2025-03-03 03:00:00,0.0
KM WILIS,WAIKELO,2025-02-22 06:00:00,2025-03-02 20:00:00,2025-03-02 21:00:00,0.0
KM BINAIYA,LABUAN BAJO,2025-02-22 07:00:00,2025-03-03 12:00:00,2025-03-03 14:00:00,0.0
KM BK SIGUNTANG,MAKASSAR,2025-02-22 07:00:00,2025-03-03 12:00:00,2025-03-03 12:00:00,11.0
KM LAWIT,KUPANG,2025-02-22 08:00:00,2025-03-03 02:00:00,2025-03-03 06:00:00,0.0
KM TIDAR,MAUMERE,2025-02-22 08:00:00,2025-03-03 00:00:00,2025-03-03 02:00:00,0.0
KM DOROLONDA,NAMLEA,2025-02-22 10:00:00,2025-03-03 10:00:00,2025-03-03 12:00:00,0.0
KM LABOBAR,MAKASSAR,2025-02-22 13:00:00,2025-03-03 12:00:00,2025-03-03 14:00:00,0.0
KM GUNUNG DEMPO,WASIOR,2025-02-22 16:00:00,2025-03-03 03:00:00,2025-03-03 04:00:00,0.0
KM DOROLONDA,AMBON,2025-02-22 17:00:00,2025-03-03 12:00:00,2025-03-03 15:00:00,0.0
KM BINAIYA,BIMA,2025-02-22 17:00:00,2025-03-03 14:00:00,2025-03-03 15:00:00,0.0
KM SINABUNG,BAU-BAU,2025-02-22 17:00:00,2025-03-03 12:00:00,2025-03-03 14:00:00,1.0
KM WILIS,BIMA,2025-02-22 18:00:00,2025-03-03 15:00:00,2025-03-03 17:00:00,18.0
KM EGON,BATULICIN,2025-02-22 19:00:00,2025-03-03 11:00:00,2025-03-03 15:00:00,0.0
KM JETLINER,KENDARI,2025-02-22 21:00:00,2025-03-03 00:00:00,2025-03-03 10:00:00,0.0
KM JETLINER,KENDARI,2025-02-22 21:00:00,2025-03-03 10:00:00,2025-03-03 10:00:00,0.0
KM PANGRANGO,AMBON,2025-02-22 21:00:00,2025-03-03 15:00:00,2025-03-04 11:00:00,12.0
KM CIREMAI,SURABAYA,2025-02-22 22:00:00,2025-03-04 18:00:00,2025-03-04 22:00:00,0.0
KM TIDAR,BAU-BAU,2025-02-22 23:00:00,2025-03-03 14:00:00,2025-03-03 17:00:00,12.0
KM GUNUNG DEMPO,NABIRE,2025-02-23 00:00:00,2025-03-03 04:00:00,2025-03-03 06:00:00,0.0
KM BK RAYA,TANJUNG PRIOK,2025-02-23 00:00:00,2025-03-04 18:00:00,2025-03-04 18:00:00,82.0
KM LAMBELU,PANTOLOAN,2025-02-23 00:00:00,2025-03-03 01:00:00,2025-03-03 03:00:00,0.0
KM LAWIT,KALABAHI,2025-02-23 01:00:00,2025-03-03 06:00:00,2025-03-03 08:00:00,0.0
KM KELUD,BATAM,2025-02-23 03:00:00,2025-03-04 03:00:00,2025-03-04 08:00:00,0.0
KM SIRIMAU,AGATS,2025-02-23 03:00:00,2025-03-02 20:00:00,2025-03-02 22:00:00,49.0
KM WILIS,LABUAN BAJO,2025-02-23 05:00:00,2025-03-03 17:00:00,2025-03-03 18:00:00,0.0
KM SANGIANG,SANANA,2025-02-23 06:00:00,2025-03-03 12:00:00,2025-03-03 14:00:00,0.0
KM LEUSER,MERAUKE,2025-02-23 06:00:00,2025-03-02 20:00:00,2025-03-03 16:00:00,0.0
KM KELUD,TANJUNG BALAI KARIMUN,2025-02-23 11:00:00,2025-03-04 08:00:00,2025-03-04 09:00:00,0.0
KM SINABUNG,MAKASSAR,2025-02-23 12:00:00,2025-03-03 14:00:00,2025-03-03 16:00:00,0.0
KM DOBONSOLO,MAKASSAR,2025-02-23 13:00:00,2025-03-03 16:00:00,2025-03-03 20:00:00,1.0
KM LAMBELU,BALIKPAPAN,2025-02-23 15:00:00,2025-03-03 03:00:00,2025-03-03 05:00:00,0.0
KM DOROLONDA,SORONG,2025-02-23 16:00:00,2025-03-03 15:00:00,2025-03-03 18:00:00,0.0
KM BINAIYA,BENOA,2025-02-23 17:00:00,2025-03-03 15:00:00,2025-03-04 05:00:00,0.0
KM TIDAR,MAKASSAR,2025-02-23 19:00:00,2025-03-03 20:00:00,2025-03-04 01:00:00,3.0
KM EGON,PARE-PARE,2025-02-23 19:00:00,2025-03-03 15:00:00,2025-03-03 18:00:00,0.0
KM LABOBAR,SURABAYA,2025-02-23 19:00:00,2025-03-04 22:00:00,2025-03-05 01:00:00,32.0
KM SIRIMAU,TIMIKA,2025-02-23 19:00:00,2025-03-02 22:00:00,2025-03-03 00:00:00,0.0
KM JETLINER,WANCI,2025-02-23 20:00:00,2025-03-03 10:00:00,2025-03-03 12:00:00,0.0
KM LAWIT,ENDE,2025-02-23 22:00:00,2025-03-03 08:00:00,2025-03-03 10:00:00,0.0
KM SANGIANG,NAMLEA,2025-02-23 22:00:00,2025-03-03 14:00:00,2025-03-03 15:00:00,0.0
KM GUNUNG DEMPO,JAYAPURA,2025-02-24 00:00:00,2025-03-03 06:00:00,2025-03-03 12:00:00,0.0
KM WILIS,MAKASSAR,2025-02-24 06:00:00,2025-03-04 01:00:00,2025-03-04 04:00:00,7.0
KM PANGRANGO,BANDA,2025-02-24 07:00:00,2025-03-04 11:00:00,2025-03-04 13:00:00,0.0
KM CIREMAI,MAKASSAR,2025-02-24 08:00:00,2025-03-04 22:00:00,2025-03-05 02:00:00,0.0
KM DOROLONDA,MANOKWARI,2025-02-24 08:00:00,2025-03-03 18:00:00,2025-03-03 20:00:00,0.0
KM DOBONSOLO,BAU-BAU,2025-02-24 09:00:00,2025-03-03 20:00:00,2025-03-03 23:00:00,0.0
KM SANGIANG,AMBON,2025-02-24 09:00:00,2025-03-04 11:00:00,2025-03-04 15:00:00,20.0
KM LAMBELU,PARE-PARE,2025-02-24 09:00:00,2025-03-03 18:00:00,2025-03-03 21:00:00,13.0
KM LAWIT,WAINGAPU,2025-02-24 10:00:00,2025-03-03 10:00:00,2025-03-03 13:00:00,0.0
KM KELUD,BELAWAN,2025-02-24 10:00:00,2025-03-04 09:00:00,2025-03-05 06:00:00,0.0
KM JETLINER,KENDARI,2025-02-24 11:00:00,2025-03-03 12:00:00,2025-03-03 18:00:00,0.0
KM SIRIMAU,DOBO,2025-02-24 15:00:00,2025-03-03 00:00:00,2025-03-03 02:00:00,0.0
KM LAMBELU,MAKASSAR,2025-02-24 17:00:00,2025-03-05 02:00:00,2025-03-05 05:00:00,29.0
KM DOROLONDA,NABIRE,2025-02-24 21:00:00,2025-03-03 20:00:00,2025-03-03 22:00:00,0.0
KM SINABUNG,SURABAYA,2025-02-24 22:00:00,2025-03-05 01:00:00,2025-03-05 01:00:00,33.0
KM LABOBAR,TANJUNG PRIOK,2025-02-24 23:00:00,2025-03-05 01:00:00,2025-03-05 01:00:00,0.0
KM EGON,BONTANG,2025-02-24 23:00:00,2025-03-03 18:00:00,2025-03-03 22:00:00,0.0
KM LAWIT,BIMA,2025-02-25 04:00:00,2025-03-03 17:00:00,2025-03-03 19:00:00,4.0
KM CIREMAI,BAU-BAU,2025-02-25 04:00:00,2025-03-05 02:00:00,2025-03-05 04:00:00,0.0
KM GUNUNG DEMPO,NABIRE,2025-02-25 05:00:00,2025-03-03 22:00:00,2025-03-04 00:00:00,10.0
KM SIRIMAU,TUAL,2025-02-25 05:00:00,2025-03-03 02:00:00,2025-03-03 07:00:00,0.0
KM SANGIANG,BANDA,2025-02-25 05:00:00,2025-03-04 15:00:00,2025-03-04 17:00:00,0.0
KM DOROLONDA,WAREN,2025-02-25 06:00:00,2025-03-03 22:00:00,2025-03-04 00:00:00,0.0
KM JETLINER,WANCI,2025-02-25 06:00:00,2025-03-03 18:00:00,2025-03-03 20:00:00,0.0
KM TIDAR,SURABAYA,2025-02-25 08:00:00,2025-03-05 01:00:00,2025-03-05 04:00:00,24.0
KM BINAIYA,LABUAN BAJO,2025-02-25 10:00:00,2025-03-04 05:00:00,2025-03-04 08:00:00,0.0
KM LAMBELU,BAU-BAU,2025-02-25 11:00:00,2025-03-05 05:00:00,2025-03-05 07:00:00,0.0
KM PANGRANGO,SAUMLAKI,2025-02-25 12:00:00,2025-03-04 13:00:00,2025-03-04 17:00:00,0.0
KM GUNUNG DEMPO,WASIOR,2025-02-25 14:00:00,2025-03-04 00:00:00,2025-03-04 01:00:00,0.0
KM WILIS,BATULICIN,2025-02-25 15:00:00,2025-03-04 04:00:00,2025-03-04 04:00:00,0.0
KM SANGIANG,GESER,2025-02-25 17:00:00,2025-03-04 17:00:00,2025-03-04 19:00:00,0.0
KM LEUSER,AGATS,2025-02-25 19:00:00,2025-03-03 16:00:00,2025-03-03 17:00:00,0.0
KM JETLINER,KENDARI,2025-02-25 21:00:00,2025-03-03 20:00:00,2025-03-03 22:00:00,0.0
KM GUNUNG DEMPO,MANOKWARI,2025-02-25 22:00:00,2025-03-04 01:00:00,2025-03-04 03:00:00,0.0
KM LAMBELU,MAUMERE,2025-02-26 02:00:00,2025-03-05 07:00:00,2025-03-05 09:00:00,0.0
KM EGON,PARE-PARE,2025-02-26 04:00:00,2025-03-03 22:00:00,2025-03-04 01:00:00,0.0
KM DOROLONDA,JAYAPURA,2025-02-26 04:00:00,2025-03-04 00:00:00,2025-03-04 05:00:00,0.0
KM LAWIT,BENOA,2025-02-26 04:00:00,2025-03-04 05:00:00,2025-03-04 08:00:00,10.0
KM KELUD,TANJUNG BALAI KARIMUN,2025-02-26 05:00:00,2025-03-05 06:00:00,2025-03-05 07:00:00,0.0
KM SIRIMAU,SAUMLAKI,2025-02-26 06:00:00,2025-03-04 17:00:00,2025-03-04 19:00:00,34.0
KM DOBONSOLO,SORONG,2025-02-26 06:00:00,2025-03-03 23:00:00,2025-03-04 03:00:00,0.0
KM SANGIANG,FAK-FAK,2025-02-26 07:00:00,2025-03-04 19:00:00,2025-03-05 04:00:00,0.0
KM JETLINER,RAHA,2025-02-26 07:00:00,2025-03-03 22:00:00,2025-03-03 23:00:00,0.0
KM CIREMAI,AMBON,2025-02-26 08:00:00,2025-03-05 04:00:00,2025-03-05 07:00:00,0.0
KM KELUD,BATAM,2025-02-26 09:00:00,2025-03-05 07:00:00,2025-03-05 09:00:00,0.0
KM LEUSER,TIMIKA,2025-02-26 09:00:00,2025-03-03 17:00:00,2025-03-04 02:00:00,0.0
KM LAMBELU,LARANTUKA,2025-02-26 09:00:00,2025-03-05 09:00:00,2025-03-05 11:00:00,0.0
KM GUNUNG DEMPO,SORONG,2025-02-26 14:00:00,2025-03-04 03:00:00,2025-03-04 06:00:00,0.0
KM TIDAR,TANJUNG PRIOK,2025-02-26 15:00:00,2025-03-05 04:00:00,2025-03-05 07:00:00,0.0
KM JETLINER,KENDARI,2025-02-26 16:00:00,2025-03-03 23:00:00,2025-03-04 01:00:00,0.0
KM BINAIYA,BENOA,2025-02-26 16:00:00,2025-03-04 08:00:00,2025-03-04 08:00:00,0.0
KM PANGRANGO,BANDA,2025-02-26 20:00:00,2025-03-04 17:00:00,2025-03-04 19:00:00,0.0
KM LAMBELU,BAU-BAU,2025-02-26 23:00:00,2025-03-05 11:00:00,2025-03-05 13:00:00,0.0
KM DOBONSOLO,MANOKWARI,2025-02-27 02:00:00,2025-03-04 03:00:00,2025-03-04 06:00:00,0.0
KM DOROLONDA,WAREN,2025-02-27 04:00:00,2025-03-04 05:00:00,2025-03-04 07:00:00,0.0
KM SANGIANG,GESER,2025-02-27 05:00:00,2025-03-05 04:00:00,2025-03-05 06:00:00,0.0
KM JETLINER,WANCI,2025-02-27 07:00:00,2025-03-04 01:00:00,2025-03-04 03:00:00,0.0
KM EGON,BONTANG,2025-02-27 07:00:00,2025-03-04 01:00:00,2025-03-04 07:00:00,0.0
KM CIREMAI,SORONG,2025-02-27 09:00:00,2025-03-05 07:00:00,2025-03-05 10:00:00,0.0
KM DOROLONDA,NABIRE,2025-02-27 12:00:00,2025-03-04 07:00:00,2025-03-04 09:00:00,0.0
KM PANGRANGO,AMBON,2025-02-27 12:00:00,2025-03-05 07:00:00,2025-03-05 07:00:00,12.0
KM LEUSER,DOBO,2025-02-27 13:00:00,2025-03-04 02:00:00,2025-03-04 04:00:00,0.0
KM LAWIT,SURABAYA,2025-02-27 13:00:00,2025-03-05 04:00:00,2025-03-05 07:00:00,20.0
KM DOBONSOLO,BIAK,2025-02-27 15:00:00,2025-03-04 06:00:00,2025-03-04 09:00:00,0.0
KM LAMBELU,MAKASSAR,2025-02-27 16:00:00,2025-03-05 13:00:00,2025-03-05 17:00:00,0.0
KM SANGIANG,BANDA,2025-02-27 17:00:00,2025-03-05 06:00:00,2025-03-05 08:00:00,0.0
KM KELUD,TANJUNG PRIOK,2025-02-27 17:00:00,2025-03-05 09:00:00,2025-03-05 09:00:00,0.0
KM JETLINER,KENDARI,2025-02-27 22:00:00,2025-03-04 03:00:00,2025-03-04 22:00:00,0.0
KM DOROLONDA,MANOKWARI,2025-02-28 00:00:00,2025-03-04 09:00:00,2025-03-04 11:00:00,0.0
KM LEUSER,TUAL,2025-02-28 01:00:00,2025-03-04 04:00:00,2025-03-04 08:00:00,0.0
KM LAMBELU,PARE-PARE,2025-02-28 01:00:00,2025-03-05 17:00:00,2025-03-05 22:00:00,0.0
KM SIRIMAU,KALABAHI,2025-02-28 03:00:00,2025-03-04 19:00:00,2025-03-04 21:00:00,0.0
KM TIDAR,KIJANG,2025-02-28 05:00:00,2025-03-05 07:00:00,2025-03-05 07:00:00,0.0
KM CIREMAI,AMBON,2025-02-28 11:00:00,2025-03-05 10:00:00,2025-03-05 13:00:00,0.0
KM SANGIANG,AMBON,2025-02-28 13:00:00,2025-03-05 13:00:00,2025-03-06 00:00:00,5.0
KM DOROLONDA,SORONG,2025-02-28 14:00:00,2025-03-05 10:00:00,2025-03-05 13:00:00,23.0
KM EGON,PARE-PARE,2025-02-28 15:00:00,2025-03-05 22:00:00,2025-03-06 00:00:00,39.0
KM DOBONSOLO,JAYAPURA,2025-02-28 16:00:00,2025-03-04 09:00:00,2025-03-04 15:00:00,0.0
KM GUNUNG DEMPO,MAKASSAR,2025-02-28 18:00:00,2025-03-05 17:00:00,2025-03-05 19:00:00,35.0
KM SIRIMAU,KUPANG,2025-02-28 18:00:00,2025-03-04 21:00:00,2025-03-05 03:00:00,0.0
KM LAWIT,KUMAI,2025-02-28 21:00:00,2025-03-05 07:00:00,2025-03-05 07:00:00,0.0
KM LAMBELU,BALIKPAPAN,2025-02-28 22:00:00,2025-03-05 22:00:00,2025-03-06 00:00:00,0.0
KM LEUSER,SAUMLAKI,2025-02-28 23:00:00,2025-03-04 19:00:00,2025-03-04 21:00:00,11.0
KM JETLINER,WANCI,2025-03-01 06:00:00,2025-03-04 22:00:00,2025-03-05 00:00:00,0.0
KM SANGIANG,NAMLEA,2025-03-01 11:00:00,2025-03-06 00:00:00,2025-03-06 05:00:00,0.0
KM SIRIMAU,LEWOLEBA,2025-03-01 12:00:00,2025-03-05 03:00:00,2025-03-05 05:00:00,0.0
KM DOROLONDA,AMBON,2025-03-01 13:00:00,2025-03-06 00:00:00,2025-03-06 03:00:00,11.0
KM LAMBELU,PANTOLOAN,2025-03-01 13:00:00,2025-03-06 00:00:00,2025-03-06 02:00:00,0.0
KM EGON,BATULICIN,2025-03-01 15:00:00,2025-03-06 00:00:00,2025-03-06 03:00:00,0.0
KM CIREMAI,BAU-BAU,2025-03-01 17:00:00,2025-03-05 13:00:00,2025-03-05 15:00:00,0.0
KM DOBONSOLO,BIAK,2025-03-01 20:00:00,2025-03-04 15:00:00,2025-03-04 18:00:00,0.0
KM JETLINER,KENDARI,2025-03-01 21:00:00,2025-03-05 00:00:00,2025-03-05 00:00:00,0.0
KM DOROLONDA,NAMLEA,2025-03-01 21:00:00,2025-03-06 05:00:00,2025-03-06 07:00:00,2.0
KM GUNUNG DEMPO,SURABAYA,2025-03-01 23:00:00,2025-03-05 19:00:00,2025-03-05 21:00:00,0.0
KM SIRIMAU,MAUMERE,2025-03-02 00:00:00,2025-03-05 09:00:00,2025-03-05 11:00:00,4.0
KM SANGIANG,SANANA,2025-03-02 06:00:00,2025-03-06 05:00:00,2025-03-06 07:00:00,0.0
KM LEUSER,AMBON,2025-03-02 09:00:00,2025-03-06 03:00:00,2025-03-06 06:00:00,30.0
KM LAMBELU,TARAKAN,2025-03-02 10:00:00,2025-03-06 02:00:00,2025-03-06 06:00:00,0.0
KM DOBONSOLO,MANOKWARI,2025-03-02 10:00:00,2025-03-04 18:00:00,2025-03-04 21:00:00,0.0
KM CIREMAI,MAKASSAR,2025-03-02 12:00:00,2025-03-05 19:00:00,2025-03-05 22:00:00,4.0
KM EGON,SURABAYA,2025-03-02 19:00:00,2025-03-06 03:00:00,2025-03-06 07:00:00,0.0
KM LAMBELU,NUNUKAN,2025-03-02 20:00:00,2025-03-06 06:00:00,2025-03-06 09:00:00,0.0
KM LEUSER,NAMROLE,2025-03-02 21:00:00,2025-03-06 06:00:00,2025-03-06 08:00:00,0.0
KM SIRIMAU,BAU-BAU,2025-03-02 22:00:00,2025-03-05 15:00:00,2025-03-05 17:00:00,4.0
KM DOROLONDA,BAU-BAU,2025-03-02 23:00:00,2025-03-06 07:00:00,2025-03-06 09:00:00,0.0
KM GUNUNG DEMPO,TANJUNG PRIOK,2025-03-03 03:00:00,2025-03-05 21:00:00,2025-03-05 21:00:00,0.0
KM SANGIANG,BACAN,2025-03-03 05:00:00,2025-03-06 07:00:00,2025-03-06 09:00:00,0.0
KM DOBONSOLO,SORONG,2025-03-03 05:00:00,2025-03-05 13:00:00,2025-03-05 17:00:00,16.0
KM SIRIMAU,WANCI,2025-03-03 08:00:00,2025-03-05 17:00:00,2025-03-05 19:00:00,0.0
KM DOROLONDA,MAKASSAR,2025-03-03 16:00:00,2025-03-06 09:00:00,2025-03-06 12:00:00,0.0
KM SANGIANG,TERNATE,2025-03-03 19:00:00,2025-03-06 09:00:00,2025-03-06 11:00:00,0.0
KM LEUSER,WANCI,2025-03-03 19:00:00,2025-03-06 08:00:00,2025-03-06 09:00:00,0.0
KM EGON,LEMBAR,2025-03-03 21:00:00,2025-03-06 07:00:00,2025-03-06 10:00:00,0.0
KM CIREMAI,SURABAYA,2025-03-03 22:00:00,2025-03-06 07:00:00,2025-03-06 09:00:00,9.0
KM LAMBELU,BALIKPAPAN,2025-03-04 02:00:00,2025-03-06 09:00:00,2025-03-06 11:00:00,0.0
KM LEUSER,BAU-BAU,2025-03-04 05:00:00,2025-03-06 09:00:00,2025-03-06 11:00:00,0.0
KM SIRIMAU,AMBON,2025-03-04 16:00:00,2025-03-06 06:00:00,2025-03-06 09:00:00,11.0
KM SANGIANG,BITUNG,2025-03-04 17:00:00,2025-03-06 11:00:00,2025-03-06 11:00:00,0.0
KM LAMBELU,PARE-PARE,2025-03-04 20:00:00,2025-03-06 11:00:00,2025-03-06 13:00:00,0.0
KM DOROLONDA,SURABAYA,2025-03-04 23:00:00,2025-03-06 12:00:00,2025-03-06 12:00:00,0.0
KM LAMBELU,MAKASSAR,2025-03-05 03:00:00,2025-03-06 13:00:00,2025-03-06 13:00:00,0.0
KM CIREMAI,TANJUNG PRIOK,2025-03-05 03:00:00,2025-03-06 09:00:00,2025-03-06 09:00:00,0.0
KM EGON,WAINGAPU,2025-03-05 04:00:00,2025-03-06 10:00:00,2025-03-06 10:00:00,0.0
KM LEUSER,MAKASSAR,2025-03-05 04:00:00,2025-03-06 13:00:00,2025-03-06 17:00:00,2.0
KM DOBONSOLO,BAU-BAU,2025-03-05 05:00:00,2025-03-06 11:00:00,2025-03-06 14:00:00,18.0
KM DOBONSOLO,MAKASSAR,2025-03-06 01:00:00,2025-03-06 17:00:00,2025-03-06 20:00:00,3.0
KM SIRIMAU,SORONG,2025-03-06 02:00:00,2025-03-06 09:00:00,2025-03-06 09:00:00,0.0
KM LEUSER,LABUAN BAJO,2025-03-06 03:00:00,2025-03-06 17:00:00,2025-03-06 18:00:00,0.0
KM LEUSER,BIMA,2025-03-06 12:00:00,2025-03-06 18:00:00,2025-03-06 19:00:00,0.0
KM DOBONSOLO,SURABAYA,2025-03-07 12:00:00,2025-03-07 12:00:00,2025-03-07 14:00:00,0.0
KM LEUSER,BENOA,2025-03-07 12:00:00,2025-03-07 12:00:00,2025-03-07 14:00:00,0.0
KM DOBONSOLO,TANJUNG PRIOK,2025-03-08 18:00:00,2025-03-08 18:00:00,2025-03-08 18:00:00,0.0
KM LEUSER,SURABAYA,2025-03-08 18:00:00,2025-03-08 18:00:00,2025-03-08 18:00:00,0.0
