Ship,Port,Planned_ETA,Actual_RTA,Actual_ETD,Delay_Hours
KM TILONGKABILA,CIREBON,2025-01-24 23:00:00,2025-01-24 23:00:00,2025-02-22 18:00:00,0.0
KM TATAMAILAU,SURABAYA,2025-01-25 19:00:00,2025-01-25 19:00:00,2025-03-10 15:00:00,0.0
KM KELIMUTU,SURABAYA,2025-02-04 01:00:00,2025-03-10 15:00:00,2025-04-22 13:00:00,830.0
KM AWU,SEMARANG,2025-02-07 10:00:00,2025-02-07 10:00:00,2025-03-06 22:00:00,0.0
KM NGGAPULU,TANJUNG PRIOK,2025-02-08 05:00:00,2025-02-08 05:00:00,2025-03-12 10:00:00,0.0
KM BK SIGUNTANG,MAKASSAR,2025-02-22 07:00:00,2025-02-22 07:00:00,2025-02-23 00:00:00,0.0
KM BK SIGUNTANG,PARE-PARE,2025-02-23 05:00:00,2025-02-23 05:00:00,2025-02-23 09:00:00,0.0
KM TILONGKABILA,SURABAYA,2025-02-23 22:00:00,2025-04-22 13:00:00,2025-04-22 23:00:00,1383.0
KM BK SIGUNTANG,BALIKPAPAN,2025-02-24 00:00:00,2025-02-24 00:00:00,2025-02-24 02:00:00,0.0
KM SINABUNG,SURABAYA,2025-02-24 22:00:00,2025-04-22 23:00:00,2025-04-23 15:00:00,1369.0
KM LABOBAR,TANJUNG PRIOK,2025-02-24 23:00:00,2025-03-12 10:00:00,2025-03-12 23:00:00,371.0
KM BK SIGUNTANG,TARAKAN,2025-02-25 03:00:00,2025-02-25 03:00:00,2025-02-25 07:00:00,0.0
KM TILONGKABILA,BENOA,2025-02-25 12:00:00,2025-04-22 23:00:00,2025-04-23 04:00:00,0.0
KM BK SIGUNTANG,NUNUKAN,2025-02-25 13:00:00,2025-02-25 13:00:00,2025-02-25 16:00:00,0.0
KM WILIS,BATULICIN,2025-02-25 15:00:00,2025-02-25 15:00:00,2025-02-26 18:00:00,0.0
KM TILONGKABILA,LEMBAR,2025-02-25 23:00:00,2025-04-23 04:00:00,2025-04-23 06:00:00,0.0
KM LABOBAR,SURABAYA,2025-02-26 13:00:00,2025-04-23 15:00:00,2025-04-23 19:00:00,1000.0
KM BINAIYA,BENOA,2025-02-26 16:00:00,2025-04-23 04:00:00,2025-04-23 20:00:00,1332.0
KM BK RAYA,TANJUNG PRIOK,2025-02-26 18:00:00,2025-03-12 23:00:00,2025-03-13 08:00:00,341.0
KM BK SIGUNTANG,BALIKPAPAN,2025-02-26 19:00:00,2025-02-26 19:00:00,2025-02-26 21:00:00,0.0
KM TILONGKABILA,BIMA,2025-02-26 19:00:00,2025-04-23 06:00:00,2025-04-23 09:00:00,0.0
KM SINABUNG,MAKASSAR,2025-02-26 19:00:00,2025-04-23 15:00:00,2025-04-23 18:00:00,0.0
KM TILONGKABILA,LABUAN BAJO,2025-02-27 05:00:00,2025-04-23 09:00:00,2025-04-23 11:00:00,0.0
KM PANGRANGO,AMBON,2025-02-27 12:00:00,2025-02-27 12:00:00,2025-02-28 11:00:00,0.0
KM BK SIGUNTANG,PARE-PARE,2025-02-27 12:00:00,2025-02-27 12:00:00,2025-02-27 16:00:00,0.0
KM SINABUNG,BAU-BAU,2025-02-27 13:00:00,2025-04-23 18:00:00,2025-04-23 20:00:00,0.0
KM KELUD,TANJUNG PRIOK,2025-02-27 17:00:00,2025-03-13 08:00:00,2025-03-13 17:00:00,327.0
KM LABOBAR,MAKASSAR,2025-02-27 20:00:00,2025-04-23 19:00:00,2025-04-23 22:00:00,0.0
KM BK SIGUNTANG,MAKASSAR,2025-02-27 21:00:00,2025-04-23 22:00:00,2025-04-24 01:00:00,1321.0
KM WILIS,MAKASSAR,2025-02-28 00:00:00,2025-04-24 01:00:00,2025-04-24 09:00:00,1321.0
KM TILONGKABILA,MAKASSAR,2025-02-28 01:00:00,2025-04-24 09:00:00,2025-04-24 14:00:00,22.0
KM TIDAR,KIJANG,2025-02-28 05:00:00,2025-02-28 05:00:00,2025-02-28 09:00:00,0.0
KM SINABUNG,BANGGAI,2025-02-28 07:00:00,2025-04-23 20:00:00,2025-04-23 21:00:00,0.0
KM BINAIYA,BIMA,2025-02-28 07:00:00,2025-04-23 20:00:00,2025-04-23 22:00:00,0.0
KM BK RAYA,BLINYU,2025-02-28 08:00:00,2025-03-13 08:00:00,2025-03-13 09:00:00,0.0
KM LAWIT,KUMAI,2025-02-28 13:00:00,2025-02-28 13:00:00,2025-02-28 16:00:00,0.0
KM LABOBAR,BAU-BAU,2025-02-28 14:00:00,2025-04-23 22:00:00,2025-04-24 00:00:00,0.0
KM BINAIYA,LABUAN BAJO,2025-02-28 17:00:00,2025-04-23 22:00:00,2025-04-24 00:00:00,0.0
KM BK SIGUNTANG,MAUMERE,2025-02-28 18:00:00,2025-04-24 01:00:00,2025-04-24 03:00:00,0.0
KM SINABUNG,BITUNG,2025-02-28 22:00:00,2025-04-23 21:00:00,2025-04-24 00:00:00,0.0
KM PANGRANGO,BANDA,2025-03-01 01:00:00,2025-03-01 01:00:00,2025-03-01 16:00:00,0.0
KM BK SIGUNTANG,LEWOLEBA,2025-03-01 02:00:00,2025-04-24 03:00:00,2025-04-24 05:00:00,0.0
KM BK RAYA,KIJANG,2025-03-01 02:00:00,2025-03-13 09:00:00,2025-03-13 12:00:00,0.0
KM TILONGKABILA,BAU-BAU,2025-03-01 03:00:00,2025-04-24 14:00:00,2025-04-24 16:00:00,0.0
KM WILIS,LABUAN BAJO,2025-03-01 08:00:00,2025-04-24 09:00:00,2025-04-24 10:00:00,0.0
KM KELUD,BATAM,2025-03-01 09:00:00,2025-03-13 17:00:00,2025-03-13 21:00:00,0.0
KM TILONGKABILA,RAHA,2025-03-01 09:00:00,2025-04-24 16:00:00,2025-04-24 18:00:00,0.0
KM SINABUNG,TERNATE,2025-03-01 10:00:00,2025-04-24 00:00:00,2025-04-24 02:00:00,0.0
KM BK SIGUNTANG,KUPANG,2025-03-01 11:00:00,2025-04-24 05:00:00,2025-04-24 11:00:00,0.0
KM BINAIYA,MAKASSAR,2025-03-01 14:00:00,2025-04-24 14:00:00,2025-04-24 19:00:00,14.0
KM KELUD,TANJUNG BALAI KARIMUN,2025-03-01 16:00:00,2025-03-13 21:00:00,2025-03-13 22:00:00,0.0
KM LABOBAR,AMBON,2025-03-01 16:00:00,2025-04-24 00:00:00,2025-04-24 03:00:00,0.0
KM TILONGKABILA,KENDARI,2025-03-01 17:00:00,2025-04-24 18:00:00,2025-04-24 21:00:00,0.0
KM WILIS,BIMA,2025-03-01 18:00:00,2025-04-24 10:00:00,2025-04-24 11:00:00,0.0
KM SINABUNG,BACAN,2025-03-01 18:00:00,2025-04-24 02:00:00,2025-04-24 03:00:00,0.0
KM BK RAYA,LETUNG,2025-03-01 19:00:00,2025-03-13 12:00:00,2025-03-13 14:00:00,0.0
KM JETLINER,KENDARI,2025-03-01 21:00:00,2025-04-24 21:00:00,2025-04-25 07:00:00,1296.0
KM TIDAR,TANJUNG PRIOK,2025-03-01 21:00:00,2025-03-13 17:00:00,2025-03-13 23:00:00,284.0
KM BK SIGUNTANG,LEWOLEBA,2025-03-02 00:00:00,2025-04-24 11:00:00,2025-04-24 13:00:00,0.0
KM BINAIYA,PARE-PARE,2025-03-02 01:00:00,2025-04-24 19:00:00,2025-04-24 21:00:00,0.0
KM BK RAYA,TAREMPA,2025-03-02 02:00:00,2025-03-13 14:00:00,2025-03-13 16:00:00,0.0
KM LABOBAR,BANDA,2025-03-02 03:00:00,2025-04-24 03:00:00,2025-04-24 05:00:00,0.0
KM LAWIT,SURABAYA,2025-03-02 05:00:00,2025-04-23 19:00:00,2025-04-24 01:00:00,1262.0
KM PANGRANGO,AMBON,2025-03-02 06:00:00,2025-04-24 03:00:00,2025-04-24 17:00:00,1269.0
KM WILIS,WAIKELO,2025-03-02 06:00:00,2025-04-24 11:00:00,2025-04-24 12:00:00,0.0
KM BK SIGUNTANG,MAUMERE,2025-03-02 09:00:00,2025-04-24 13:00:00,2025-04-24 14:00:00,0.0
KM SINABUNG,SORONG,2025-03-02 11:00:00,2025-04-24 03:00:00,2025-04-24 06:00:00,0.0
KM TILONGKABILA,LUWUK,2025-03-02 13:00:00,2025-04-24 21:00:00,2025-04-25 00:00:00,0.0
KM KELUD,BELAWAN,2025-03-02 16:00:00,2025-03-13 22:00:00,2025-03-14 14:00:00,0.0
KM WILIS,WAINGAPU,2025-03-02 16:00:00,2025-04-24 12:00:00,2025-04-24 16:00:00,0.0
KM BK RAYA,NATUNA,2025-03-02 17:00:00,2025-03-13 16:00:00,2025-03-13 19:00:00,0.0
KM LABOBAR,TUAL,2025-03-02 17:00:00,2025-04-24 05:00:00,2025-04-24 08:00:00,0.0
KM JETLINER,WANCI,2025-03-02 20:00:00,2025-04-25 07:00:00,2025-04-25 09:00:00,0.0
KM BK RAYA,MIDAI,2025-03-03 00:00:00,2025-03-13 19:00:00,2025-03-13 21:00:00,0.0
KM GUNUNG DEMPO,TANJUNG PRIOK,2025-03-03 03:00:00,2025-03-13 23:00:00,2025-03-14 12:00:00,260.0
KM TILONGKABILA,GORONTALO,2025-03-03 03:00:00,2025-04-25 00:00:00,2025-04-25 02:00:00,0.0
KM SINABUNG,MANOKWARI,2025-03-03 04:00:00,2025-04-24 06:00:00,2025-04-24 08:00:00,0.0
KM LABOBAR,DOBO,2025-03-03 04:00:00,2025-04-24 08:00:00,2025-04-24 11:00:00,0.0
KM BK SIGUNTANG,MAKASSAR,2025-03-03 04:00:00,2025-04-24 19:00:00,2025-04-25 01:00:00,5.0
KM BINAIYA,BONTANG,2025-03-03 06:00:00,2025-04-24 21:00:00,2025-04-25 00:00:00,0.0
KM PANGRANGO,NAMROLE,2025-03-03 06:00:00,2025-04-24 17:00:00,2025-04-24 19:00:00,0.0
KM TIDAR,SURABAYA,2025-03-03 07:00:00,2025-04-24 01:00:00,2025-04-24 03:00:00,986.0
KM WILIS,ENDE,2025-03-03 07:00:00,2025-04-24 16:00:00,2025-04-24 18:00:00,0.0
KM JETLINER,KENDARI,2025-03-03 11:00:00,2025-04-25 09:00:00,2025-04-25 15:00:00,0.0
KM BK RAYA,SERASAN,2025-03-03 11:00:00,2025-03-13 21:00:00,2025-03-14 00:00:00,0.0
KM BK SIGUNTANG,PARE-PARE,2025-03-03 15:00:00,2025-04-25 01:00:00,2025-04-25 05:00:00,0.0
KM SINABUNG,BIAK,2025-03-03 15:00:00,2025-04-24 08:00:00,2025-04-24 10:00:00,0.0
KM LABOBAR,KAIMANA,2025-03-03 16:00:00,2025-04-24 11:00:00,2025-04-24 14:00:00,0.0
KM PANGRANGO,AMBON,2025-03-03 18:00:00,2025-04-24 19:00:00,2025-04-25 01:00:00,0.0
KM LAWIT,KUMAI,2025-03-03 19:00:00,2025-04-24 01:00:00,2025-04-24 06:00:00,0.0
KM TILONGKABILA,BITUNG,2025-03-03 20:00:00,2025-04-25 02:00:00,2025-04-25 12:00:00,0.0
KM WILIS,KUPANG,2025-03-04 01:00:00,2025-04-24 18:00:00,2025-04-25 02:00:00,0.0
KM LABOBAR,FAK-FAK,2025-03-04 05:00:00,2025-04-24 14:00:00,2025-04-24 19:00:00,0.0
KM JETLINER,WANCI,2025-03-04 06:00:00,2025-04-25 15:00:00,2025-04-25 17:00:00,0.0
KM KELUD,TANJUNG BALAI KARIMUN,2025-03-04 07:00:00,2025-03-14 14:00:00,2025-03-14 15:00:00,0.0
KM BK RAYA,PONTIANAK,2025-03-04 08:00:00,2025-03-14 00:00:00,2025-03-14 09:00:00,0.0
KM BK SIGUNTANG,BALIKPAPAN,2025-03-04 11:00:00,2025-04-25 05:00:00,2025-04-25 07:00:00,0.0
KM KELUD,BATAM,2025-03-04 11:00:00,2025-03-14 15:00:00,2025-03-14 18:00:00,0.0
KM BINAIYA,PARE-PARE,2025-03-04 12:00:00,2025-04-25 05:00:00,2025-04-25 07:00:00,5.0
KM PANGRANGO,BANDA,2025-03-04 14:00:00,2025-04-25 01:00:00,2025-04-25 03:00:00,0.0
KM SINABUNG,JAYAPURA,2025-03-04 14:00:00,2025-04-24 10:00:00,2025-04-24 16:00:00,0.0
KM TIDAR,MAKASSAR,2025-03-04 15:00:00,2025-04-25 01:00:00,2025-04-25 04:00:00,22.0
KM GUNUNG DEMPO,SURABAYA,2025-03-04 17:00:00,2025-04-24 03:00:00,2025-04-24 08:00:00,975.0
KM SANGIANG,BITUNG,2025-03-04 17:00:00,2025-04-25 12:00:00,2025-04-26 09:00:00,1243.0
KM BINAIYA,MAKASSAR,2025-03-04 20:00:00,2025-04-25 07:00:00,2025-04-25 12:00:00,0.0
KM LABOBAR,KAIMANA,2025-03-04 20:00:00,2025-04-24 19:00:00,2025-04-24 21:00:00,0.0
KM TILONGKABILA,GORONTALO,2025-03-04 21:00:00,2025-04-25 12:00:00,2025-04-25 14:00:00,0.0
KM JETLINER,KENDARI,2025-03-04 21:00:00,2025-04-25 17:00:00,2025-04-25 19:00:00,0.0
KM DOROLONDA,SURABAYA,2025-03-04 23:00:00,2025-04-24 08:00:00,2025-04-24 19:00:00,1209.0
KM WILIS,KALABAHI,2025-03-05 02:00:00,2025-04-25 02:00:00,2025-04-25 14:00:00,0.0
KM LAWIT,SEMARANG,2025-03-05 02:00:00,2025-04-24 06:00:00,2025-04-24 14:00:00,0.0
KM LAMBELU,MAKASSAR,2025-03-05 03:00:00,2025-04-25 12:00:00,2025-04-25 20:00:00,1233.0
KM CIREMAI,TANJUNG PRIOK,2025-03-05 03:00:00,2025-03-14 12:00:00,2025-03-14 20:00:00,225.0
KM EGON,WAINGAPU,2025-03-05 04:00:00,2025-04-24 16:00:00,2025-04-25 03:00:00,1212.0
KM LABOBAR,DOBO,2025-03-05 07:00:00,2025-04-24 21:00:00,2025-04-24 23:00:00,0.0
KM JETLINER,RAHA,2025-03-05 07:00:00,2025-04-25 19:00:00,2025-04-25 20:00:00,0.0
KM TILONGKABILA,LUWUK,2025-03-05 10:00:00,2025-04-25 14:00:00,2025-04-25 16:00:00,0.0
KM TIDAR,BAU-BAU,2025-03-05 10:00:00,2025-04-25 04:00:00,2025-04-25 07:00:00,0.0
KM BK SIGUNTANG,TARAKAN,2025-03-05 13:00:00,2025-04-25 07:00:00,2025-04-25 11:00:00,0.0
KM JETLINER,KENDARI,2025-03-05 16:00:00,2025-04-25 20:00:00,2025-04-25 22:00:00,0.0
KM LAMBELU,PARE-PARE,2025-03-05 16:00:00,2025-04-25 20:00:00,2025-04-25 23:00:00,0.0
KM LABOBAR,TUAL,2025-03-05 16:00:00,2025-04-24 23:00:00,2025-04-25 01:00:00,0.0
KM SINABUNG,BIAK,2025-03-05 17:00:00,2025-04-24 16:00:00,2025-04-24 18:00:00,0.0
KM PANGRANGO,SAUMLAKI,2025-03-05 19:00:00,2025-04-25 03:00:00,2025-04-25 08:00:00,0.0
KM KELUD,TANJUNG PRIOK,2025-03-05 20:00:00,2025-03-14 20:00:00,2025-03-14 20:00:00,2.0
KM KELUD,TANJUNG PRIOK,2025-03-05 20:00:00,2025-03-14 20:00:00,2025-03-15 07:00:00,0.0
KM BINAIYA,LABUAN BAJO,2025-03-05 21:00:00,2025-04-25 12:00:00,2025-04-25 14:00:00,0.0
KM BK SIGUNTANG,NUNUKAN,2025-03-05 23:00:00,2025-04-25 11:00:00,2025-04-25 13:00:00,0.0
KM GUNUNG DEMPO,MAKASSAR,2025-03-06 01:00:00,2025-04-25 20:00:00,2025-04-26 00:00:00,36.0
KM SIRIMAU,SORONG,2025-03-06 02:00:00,2025-04-24 06:00:00,2025-04-24 12:00:00,1180.0
KM TIDAR,MAUMERE,2025-03-06 03:00:00,2025-04-25 07:00:00,2025-04-25 09:00:00,0.0
KM SINABUNG,MANOKWARI,2025-03-06 04:00:00,2025-04-24 18:00:00,2025-04-24 20:00:00,0.0
KM WILIS,KUPANG,2025-03-06 06:00:00,2025-04-25 14:00:00,2025-04-25 22:00:00,0.0
KM TILONGKABILA,KENDARI,2025-03-06 06:00:00,2025-04-25 22:00:00,2025-04-26 01:00:00,6.0
KM BINAIYA,BIMA,2025-03-06 07:00:00,2025-04-25 14:00:00,2025-04-25 15:00:00,0.0
KM JETLINER,WANCI,2025-03-06 07:00:00,2025-04-25 22:00:00,2025-04-26 00:00:00,0.0
KM LABOBAR,BANDA,2025-03-06 07:00:00,2025-04-25 03:00:00,2025-04-25 05:00:00,2.0
KM LAMBELU,BALIKPAPAN,2025-03-06 11:00:00,2025-04-25 23:00:00,2025-04-26 01:00:00,0.0
KM LAWIT,KUMAI,2025-03-06 11:00:00,2025-04-24 14:00:00,2025-04-24 16:00:00,0.0
KM TIDAR,LARANTUKA,2025-03-06 11:00:00,2025-04-25 09:00:00,2025-04-25 11:00:00,0.0
KM CIREMAI,SURABAYA,2025-03-06 12:00:00,2025-04-24 19:00:00,2025-04-24 22:00:00,983.0
KM SANGIANG,TERNATE,2025-03-06 12:00:00,2025-04-26 09:00:00,2025-04-26 13:00:00,0.0
KM DOROLONDA,MAKASSAR,2025-03-06 14:00:00,2025-04-26 00:00:00,2025-04-26 03:00:00,29.0
KM BK RAYA,SURABAYA,2025-03-06 16:00:00,2025-04-24 22:00:00,2025-04-25 03:00:00,997.0
KM TILONGKABILA,RAHA,2025-03-06 16:00:00,2025-04-26 01:00:00,2025-04-26 02:00:00,0.0
KM TIDAR,LEWOLEBA,2025-03-06 16:00:00,2025-04-25 11:00:00,2025-04-25 12:00:00,0.0
KM EGON,LEMBAR,2025-03-06 17:00:00,2025-04-25 03:00:00,2025-04-25 06:00:00,0.0
KM LABOBAR,AMBON,2025-03-06 17:00:00,2025-04-25 05:00:00,2025-04-25 07:00:00,0.0
KM GUNUNG DEMPO,BAU-BAU,2025-03-06 19:00:00,2025-04-26 00:00:00,2025-04-26 02:00:00,0.0
KM SINABUNG,SORONG,2025-03-06 20:00:00,2025-04-24 20:00:00,2025-04-24 22:00:00,0.0
KM TILONGKABILA,BAU-BAU,2025-03-06 22:00:00,2025-04-26 02:00:00,2025-04-26 04:00:00,0.0
KM JETLINER,KENDARI,2025-03-06 22:00:00,2025-04-26 01:00:00,2025-04-26 20:00:00,1.0
KM TIDAR,KUPANG,2025-03-07 01:00:00,2025-04-25 22:00:00,2025-04-26 01:00:00,10.0
KM BK SIGUNTANG,BALIKPAPAN,2025-03-07 04:00:00,2025-04-26 01:00:00,2025-04-26 03:00:00,12.0
KM SANGIANG,BACAN,2025-03-07 05:00:00,2025-04-26 13:00:00,2025-04-26 15:00:00,0.0
KM PANGRANGO,BANDA,2025-03-07 05:00:00,2025-04-25 08:00:00,2025-04-25 10:00:00,0.0
KM WILIS,ENDE,2025-03-07 06:00:00,2025-04-25 22:00:00,2025-04-26 00:00:00,0.0
KM BINAIYA,BENOA,2025-03-07 07:00:00,2025-04-25 15:00:00,2025-04-25 19:00:00,0.0
KM DOROLONDA,BAU-BAU,2025-03-07 08:00:00,2025-04-26 04:00:00,2025-04-26 06:00:00,1.0
KM AWU,SURABAYA,2025-03-07 12:00:00,2025-04-25 03:00:00,2025-04-25 20:00:00,1167.0
KM SINABUNG,BACAN,2025-03-07 13:00:00,2025-04-26 15:00:00,2025-04-26 16:00:00,41.0
KM TIDAR,LEWOLEBA,2025-03-07 13:00:00,2025-04-26 01:00:00,2025-04-26 02:00:00,0.0
KM KELUD,BATAM,2025-03-07 14:00:00,2025-03-15 07:00:00,2025-03-15 11:00:00,0.0
KM LAWIT,SEMARANG,2025-03-07 14:00:00,2025-04-24 16:00:00,2025-04-25 00:00:00,0.0
KM LAMBELU,TARAKAN,2025-03-07 15:00:00,2025-04-26 01:00:00,2025-04-26 04:00:00,0.0
KM TIDAR,LARANTUKA,2025-03-07 17:00:00,2025-04-26 02:00:00,2025-04-26 04:00:00,0.0
KM SIRIMAU,AMBON,2025-03-07 18:00:00,2025-04-25 07:00:00,2025-04-25 10:00:00,19.0
KM WILIS,WAINGAPU,2025-03-07 19:00:00,2025-04-26 00:00:00,2025-04-26 02:00:00,0.0
KM SINABUNG,TERNATE,2025-03-07 20:00:00,2025-04-26 16:00:00,2025-04-26 18:00:00,0.0
KM LABOBAR,BAU-BAU,2025-03-07 20:00:00,2025-04-26 06:00:00,2025-04-26 08:00:00,23.0
KM CIREMAI,MAKASSAR,2025-03-07 20:00:00,2025-04-26 03:00:00,2025-04-26 06:00:00,29.0
KM EGON,SURABAYA,2025-03-07 21:00:00,2025-04-25 20:00:00,2025-04-26 00:00:00,14.0
KM PANGRANGO,AMBON,2025-03-07 21:00:00,2025-04-25 10:00:00,2025-04-26 06:00:00,0.0
KM GUNUNG DEMPO,NAMLEA,2025-03-07 21:00:00,2025-04-26 02:00:00,2025-04-26 04:00:00,0.0
KM KELUD,TANJUNG BALAI KARIMUN,2025-03-07 21:00:00,2025-03-15 11:00:00,2025-03-15 12:00:00,0.0
KM BK SIGUNTANG,PARE-PARE,2025-03-07 22:00:00,2025-04-26 03:00:00,2025-04-26 07:00:00,0.0
KM TILONGKABILA,MAKASSAR,2025-03-07 22:00:00,2025-04-26 06:00:00,2025-04-26 10:00:00,2.0
KM LAMBELU,NUNUKAN,2025-03-08 00:00:00,2025-04-26 04:00:00,2025-04-26 07:00:00,0.0
KM TIDAR,MAUMERE,2025-03-08 01:00:00,2025-04-26 04:00:00,2025-04-26 06:00:00,0.0
KM GUNUNG DEMPO,AMBON,2025-03-08 03:00:00,2025-04-26 06:00:00,2025-04-26 10:00:00,2.0
KM LAWIT,KARIMUN JAWA,2025-03-08 05:00:00,2025-04-25 00:00:00,2025-04-26 10:00:00,0.0
KM JETLINER,WANCI,2025-03-08 06:00:00,2025-04-26 20:00:00,2025-04-26 22:00:00,0.0
KM WILIS,WAIKELO,2025-03-08 06:00:00,2025-04-26 02:00:00,2025-04-26 03:00:00,0.0
KM SANGIANG,SANANA,2025-03-08 06:00:00,2025-04-26 15:00:00,2025-04-26 17:00:00,0.0
KM SINABUNG,BITUNG,2025-03-08 07:00:00,2025-04-26 18:00:00,2025-04-26 20:00:00,0.0
KM BK SIGUNTANG,MAKASSAR,2025-03-08 07:00:00,2025-04-26 10:00:00,2025-04-27 05:00:00,3.0
KM BK SIGUNTANG,MAKASSAR,2025-03-08 07:00:00,2025-04-27 05:00:00,2025-04-27 05:00:00,0.0
KM DOROLONDA,NAMLEA,2025-03-08 10:00:00,2025-04-26 06:00:00,2025-04-26 08:00:00,0.0
KM BINAIYA,BIMA,2025-03-08 10:00:00,2025-04-25 19:00:00,2025-04-25 22:00:00,0.0
KM LABOBAR,MAKASSAR,2025-03-08 12:00:00,2025-04-27 05:00:00,2025-04-27 07:00:00,21.0
KM CIREMAI,BAU-BAU,2025-03-08 15:00:00,2025-04-26 08:00:00,2025-04-26 10:00:00,2.0
KM GUNUNG DEMPO,BANDA,2025-03-08 15:00:00,2025-04-26 10:00:00,2025-04-26 12:00:00,0.0
KM TIDAR,BAU-BAU,2025-03-08 16:00:00,2025-04-26 10:00:00,2025-04-26 13:00:00,4.0
KM DOROLONDA,AMBON,2025-03-08 17:00:00,2025-04-26 10:00:00,2025-04-26 13:00:00,2.0
KM DOBONSOLO,TANJUNG PRIOK,2025-03-08 18:00:00,2025-03-15 07:00:00,2025-03-15 20:00:00,157.0
KM WILIS,BIMA,2025-03-08 18:00:00,2025-04-26 03:00:00,2025-04-26 05:00:00,0.0
KM TILONGKABILA,LABUAN BAJO,2025-03-08 20:00:00,2025-04-26 10:00:00,2025-04-26 12:00:00,0.0
KM KELUD,BELAWAN,2025-03-08 21:00:00,2025-03-15 12:00:00,2025-03-16 07:00:00,0.0
KM JETLINER,KENDARI,2025-03-08 21:00:00,2025-04-26 22:00:00,2025-04-27 08:00:00,0.0
KM JETLINER,KENDARI,2025-03-08 21:00:00,2025-04-27 08:00:00,2025-04-27 08:00:00,0.0
KM SANGIANG,NAMLEA,2025-03-08 23:00:00,2025-04-26 17:00:00,2025-04-26 19:00:00,0.0
KM LAMBELU,PANTOLOAN,2025-03-09 00:00:00,2025-04-26 07:00:00,2025-04-26 09:00:00,0.0
KM SINABUNG,BANGGAI,2025-03-09 01:00:00,2025-04-26 20:00:00,2025-04-26 22:00:00,0.0
KM BK RAYA,PONTIANAK,2025-03-09 02:00:00,2025-04-25 03:00:00,2025-04-25 05:00:00,0.0
KM BINAIYA,WAINGAPU,2025-03-09 03:00:00,2025-04-26 02:00:00,2025-04-26 04:00:00,4.0
KM EGON,BATULICIN,2025-03-09 04:00:00,2025-04-26 00:00:00,2025-04-26 06:00:00,0.0
KM SIRIMAU,WANCI,2025-03-09 05:00:00,2025-04-26 22:00:00,2025-04-27 00:00:00,36.0
KM GUNUNG DEMPO,TUAL,2025-03-09 05:00:00,2025-04-26 12:00:00,2025-04-26 15:00:00,0.0
KM TILONGKABILA,BIMA,2025-03-09 05:00:00,2025-04-26 12:00:00,2025-04-26 14:00:00,0.0
KM WILIS,LABUAN BAJO,2025-03-09 05:00:00,2025-04-26 12:00:00,2025-04-26 13:00:00,7.0
KM PANGRANGO,BANDA,2025-03-09 07:00:00,2025-04-26 12:00:00,2025-04-26 14:00:00,6.0
KM BK SIGUNTANG,PARE-PARE,2025-03-09 07:00:00,2025-04-27 05:00:00,2025-04-27 09:00:00,0.0
KM AWU,BENOA,2025-03-09 09:00:00,2025-04-25 20:00:00,2025-04-26 02:00:00,0.0
KM SANGIANG,AMBON,2025-03-09 11:00:00,2025-04-26 19:00:00,2025-04-26 23:00:00,0.0
KM TIDAR,MAKASSAR,2025-03-09 12:00:00,2025-04-27 07:00:00,2025-04-27 11:00:00,18.0
KM BINAIYA,ENDE,2025-03-09 14:00:00,2025-04-26 04:00:00,2025-04-26 06:00:00,0.0
KM GUNUNG DEMPO,DOBO,2025-03-09 14:00:00,2025-04-26 15:00:00,2025-04-26 17:00:00,0.0
KM LAMBELU,BALIKPAPAN,2025-03-09 15:00:00,2025-04-26 09:00:00,2025-04-26 11:00:00,0.0
KM DOROLONDA,SORONG,2025-03-09 16:00:00,2025-04-26 13:00:00,2025-04-26 16:00:00,0.0
KM SIRIMAU,BAU-BAU,2025-03-09 17:00:00,2025-04-27 00:00:00,2025-04-27 04:00:00,0.0
KM LABOBAR,SURABAYA,2025-03-09 18:00:00,2025-04-27 07:00:00,2025-04-27 10:00:00,0.0
KM BK RAYA,SERASAN,2025-03-09 19:00:00,2025-04-25 05:00:00,2025-04-25 07:00:00,0.0
KM SINABUNG,BAU-BAU,2025-03-09 20:00:00,2025-04-27 04:00:00,2025-04-27 06:00:00,6.0
KM JETLINER,WANCI,2025-03-09 20:00:00,2025-04-27 08:00:00,2025-04-27 10:00:00,0.0
KM LAWIT,SEMARANG,2025-03-09 21:00:00,2025-04-26 10:00:00,2025-04-26 20:00:00,0.0
KM TILONGKABILA,LEMBAR,2025-03-10 01:00:00,2025-04-26 14:00:00,2025-04-26 16:00:00,0.0
KM GUNUNG DEMPO,KAIMANA,2025-03-10 01:00:00,2025-04-26 17:00:00,2025-04-26 19:00:00,0.0
KM BK SIGUNTANG,BALIKPAPAN,2025-03-10 02:00:00,2025-04-27 09:00:00,2025-04-27 11:00:00,0.0
KM BK RAYA,MIDAI,2025-03-10 05:00:00,2025-04-25 07:00:00,2025-04-25 08:00:00,0.0
KM BINAIYA,KUPANG,2025-03-10 05:00:00,2025-04-26 06:00:00,2025-04-26 10:00:00,0.0
KM WILIS,MAKASSAR,2025-03-10 06:00:00,2025-04-27 11:00:00,2025-04-27 14:00:00,22.0
KM SANGIANG,BANDA,2025-03-10 07:00:00,2025-04-26 23:00:00,2025-04-27 11:00:00,0.0
KM EGON,PARE-PARE,2025-03-10 07:00:00,2025-04-27 09:00:00,2025-04-27 12:00:00,27.0
KM DOROLONDA,MANOKWARI,2025-03-10 08:00:00,2025-04-26 16:00:00,2025-04-26 18:00:00,0.0
KM TILONGKABILA,BENOA,2025-03-10 09:00:00,2025-04-26 16:00:00,2025-04-27 15:00:00,0.0
KM TILONGKABILA,BENOA,2025-03-10 09:00:00,2025-04-27 15:00:00,2025-04-27 15:00:00,0.0
KM LAMBELU,PARE-PARE,2025-03-10 09:00:00,2025-04-27 12:00:00,2025-04-27 15:00:00,25.0
KM DOBONSOLO,SURABAYA,2025-03-10 09:00:00,2025-04-27 10:00:00,2025-04-27 14:00:00,1022.0
KM BK RAYA,NATUNA,2025-03-10 10:00:00,2025-04-25 08:00:00,2025-04-25 10:00:00,0.0
KM JETLINER,KENDARI,2025-03-10 11:00:00,2025-04-27 10:00:00,2025-04-27 16:00:00,0.0
KM CIREMAI,SORONG,2025-03-10 11:00:00,2025-04-26 16:00:00,2025-04-26 19:00:00,6.0
KM PANGRANGO,SAUMLAKI,2025-03-10 12:00:00,2025-04-26 14:00:00,2025-04-26 18:00:00,0.0
KM AWU,BIMA,2025-03-10 12:00:00,2025-04-26 14:00:00,2025-04-26 17:00:00,12.0
KM SINABUNG,MAKASSAR,2025-03-10 14:00:00,2025-04-27 14:00:00,2025-04-27 16:00:00,8.0
KM GUNUNG DEMPO,FAK-FAK,2025-03-10 14:00:00,2025-04-26 19:00:00,2025-04-26 22:00:00,0.0
KM KELUD,TANJUNG BALAI KARIMUN,2025-03-10 15:00:00,2025-03-16 07:00:00,2025-03-16 08:00:00,0.0
KM LAMBELU,MAKASSAR,2025-03-10 17:00:00,2025-04-27 16:00:00,2025-04-27 19:00:00,1.0
KM SIRIMAU,MAUMERE,2025-03-10 18:00:00,2025-04-27 04:00:00,2025-04-27 06:00:00,0.0
KM KELUD,BATAM,2025-03-10 19:00:00,2025-03-16 08:00:00,2025-03-16 11:00:00,0.0
KM DOROLONDA,NABIRE,2025-03-10 21:00:00,2025-04-26 18:00:00,2025-04-26 20:00:00,0.0
KM LABOBAR,TANJUNG PRIOK,2025-03-10 22:00:00,2025-04-27 10:00:00,2025-04-28 04:00:00,0.0
KM LABOBAR,TANJUNG PRIOK,2025-03-10 22:00:00,2025-04-28 04:00:00,2025-04-28 04:00:00,0.0
KM BINAIYA,ENDE,2025-03-10 22:00:00,2025-04-26 10:00:00,2025-04-26 12:00:00,0.0
KM BK RAYA,TAREMPA,2025-03-10 23:00:00,2025-04-25 10:00:00,2025-04-25 11:00:00,0.0
KM TIDAR,SURABAYA,2025-03-11 00:00:00,2025-04-27 14:00:00,2025-04-27 17:00:00,3.0
KM CIREMAI,MANOKWARI,2025-03-11 03:00:00,2025-04-26 19:00:00,2025-04-26 21:00:00,0.0
KM BK RAYA,LETUNG,2025-03-11 04:00:00,2025-04-25 11:00:00,2025-04-25 12:00:00,0.0
KM BK SIGUNTANG,TARAKAN,2025-03-11 05:00:00,2025-04-27 11:00:00,2025-04-27 15:00:00,0.0
KM AWU,WAINGAPU,2025-03-11 05:00:00,2025-04-26 17:00:00,2025-04-26 20:00:00,0.0
KM JETLINER,WANCI,2025-03-11 06:00:00,2025-04-27 16:00:00,2025-04-27 18:00:00,0.0
KM GUNUNG DEMPO,SORONG,2025-03-11 06:00:00,2025-04-26 22:00:00,2025-04-27 01:00:00,0.0
KM SIRIMAU,LEWOLEBA,2025-03-11 06:00:00,2025-04-27 06:00:00,2025-04-27 08:00:00,0.0
KM DOROLONDA,WAREN,2025-03-11 06:00:00,2025-04-26 20:00:00,2025-04-26 21:00:00,0.0
KM BINAIYA,WAINGAPU,2025-03-11 09:00:00,2025-04-26 20:00:00,2025-04-26 21:00:00,8.0
KM DOROLONDA,SERUI,2025-03-11 09:00:00,2025-04-26 21:00:00,2025-04-26 23:00:00,0.0
KM EGON,BONTANG,2025-03-11 11:00:00,2025-04-27 12:00:00,2025-04-27 16:00:00,0.0
KM LAMBELU,BAU-BAU,2025-03-11 11:00:00,2025-04-27 19:00:00,2025-04-27 21:00:00,0.0
KM SANGIANG,AMBON,2025-03-11 13:00:00,2025-04-27 11:00:00,2025-04-27 22:00:00,0.0
KM CIREMAI,BIAK,2025-03-11 14:00:00,2025-04-26 21:00:00,2025-04-26 23:00:00,0.0
KM TILONGKABILA,LEMBAR,2025-03-11 14:00:00,2025-04-27 15:00:00,2025-04-27 17:00:00,0.0
KM BK SIGUNTANG,NUNUKAN,2025-03-11 15:00:00,2025-04-27 15:00:00,2025-04-27 18:00:00,0.0
KM WILIS,BATULICIN,2025-03-11 15:00:00,2025-04-27 14:00:00,2025-04-27 14:00:00,0.0
KM WILIS,BATULICIN,2025-03-11 15:00:00,2025-04-27 14:00:00,2025-04-27 17:00:00,0.0
KM AWU,ENDE,2025-03-11 17:00:00,2025-04-26 20:00:00,2025-04-26 22:00:00,0.0
KM LAWIT,SAMPIT,2025-03-11 17:00:00,2025-04-26 20:00:00,2025-04-27 16:00:00,0.0
KM BK RAYA,KIJANG,2025-03-11 19:00:00,2025-04-25 12:00:00,2025-04-25 15:00:00,0.0
KM DOBONSOLO,MAKASSAR,2025-03-11 19:00:00,2025-04-27 19:00:00,2025-04-27 22:00:00,5.0
KM PANGRANGO,BANDA,2025-03-11 20:00:00,2025-04-27 11:00:00,2025-04-27 13:00:00,17.0
KM SIRIMAU,KUPANG,2025-03-11 21:00:00,2025-04-27 08:00:00,2025-04-27 13:00:00,0.0
KM SINABUNG,SURABAYA,2025-03-11 21:00:00,2025-04-27 17:00:00,2025-04-27 17:00:00,1.0
KM JETLINER,KENDARI,2025-03-11 21:00:00,2025-04-27 18:00:00,2025-04-27 20:00:00,0.0
KM SINABUNG,SURABAYA,2025-03-11 21:00:00,2025-04-27 17:00:00,2025-04-28 03:00:00,0.0
KM GUNUNG DEMPO,MANOKWARI,2025-03-11 22:00:00,2025-04-27 01:00:00,2025-04-27 03:00:00,0.0
KM BINAIYA,BIMA,2025-03-12 00:00:00,2025-04-26 21:00:00,2025-04-26 22:00:00,0.0
KM LAMBELU,MAUMERE,2025-03-12 02:00:00,2025-04-27 21:00:00,2025-04-27 23:00:00,0.0
KM KELUD,TANJUNG PRIOK,2025-03-12 04:00:00,2025-04-28 04:00:00,2025-04-29 00:00:00,1025.0
KM KELUD,TANJUNG PRIOK,2025-03-12 04:00:00,2025-04-29 00:00:00,2025-04-29 00:00:00,0.0
KM DOROLONDA,JAYAPURA,2025-03-12 06:00:00,2025-04-26 23:00:00,2025-04-27 05:00:00,0.0
KM JETLINER,RAHA,2025-03-12 07:00:00,2025-04-27 20:00:00,2025-04-27 21:00:00,0.0
KM AWU,KUPANG,2025-03-12 08:00:00,2025-04-27 13:00:00,2025-04-27 16:00:00,15.0
KM GUNUNG DEMPO,WASIOR,2025-03-12 08:00:00,2025-04-27 03:00:00,2025-04-27 04:00:00,0.0
KM LAMBELU,LARANTUKA,2025-03-12 09:00:00,2025-04-27 23:00:00,2025-04-28 01:00:00,0.0
KM TIDAR,TANJUNG PRIOK,2025-03-12 09:00:00,2025-04-29 00:00:00,2025-04-29 03:00:00,31.0
KM TILONGKABILA,BIMA,2025-03-12 10:00:00,2025-04-27 17:00:00,2025-04-27 21:00:00,0.0
KM SANGIANG,NAMLEA,2025-03-12 11:00:00,2025-04-27 22:00:00,2025-04-28 03:00:00,0.0
KM PANGRANGO,AMBON,2025-03-12 12:00:00,2025-04-27 22:00:00,2025-04-27 22:00:00,9.0
KM TATAMAILAU,BALIKPAPAN,2025-03-12 12:00:00,2025-04-27 11:00:00,2025-04-27 14:00:00,1103.0
KM LEUSER,SURABAYA,2025-03-12 12:00:00,2025-04-28 03:00:00,2025-04-29 02:00:00,1119.0
KM DOBONSOLO,BAU-BAU,2025-03-12 12:00:00,2025-04-27 22:00:00,2025-04-28 00:00:00,0.0
KM PANGRANGO,AMBON,2025-03-12 12:00:00,2025-04-27 22:00:00,2025-04-29 02:00:00,0.0
KM CIREMAI,JAYAPURA,2025-03-12 12:00:00,2025-04-27 05:00:00,2025-04-27 10:00:00,6.0
KM BK RAYA,BLINYU,2025-03-12 14:00:00,2025-04-25 15:00:00,2025-04-25 16:00:00,0.0
KM JETLINER,KENDARI,2025-03-12 16:00:00,2025-04-27 21:00:00,2025-04-27 23:00:00,0.0
KM EGON,PARE-PARE,2025-03-12 16:00:00,2025-04-27 16:00:00,2025-04-27 18:00:00,0.0
KM GUNUNG DEMPO,NABIRE,2025-03-12 16:00:00,2025-04-27 04:00:00,2025-04-27 06:00:00,0.0
KM SIRIMAU,KALABAHI,2025-03-12 17:00:00,2025-04-27 13:00:00,2025-04-27 15:00:00,0.0
KM LABOBAR,SURABAYA,2025-03-12 17:00:00,2025-04-29 02:00:00,2025-04-29 06:00:00,22.0
KM TILONGKABILA,LABUAN BAJO,2025-03-12 21:00:00,2025-04-27 21:00:00,2025-04-27 23:00:00,0.0
KM BK SIGUNTANG,BALIKPAPAN,2025-03-12 21:00:00,2025-04-27 18:00:00,2025-04-27 20:00:00,0.0
KM LAMBELU,BAU-BAU,2025-03-12 23:00:00,2025-04-28 01:00:00,2025-04-28 03:00:00,0.0
KM WILIS,MAKASSAR,2025-03-13 00:00:00,2025-04-27 22:00:00,2025-04-28 06:00:00,5.0
KM BINAIYA,BENOA,2025-03-13 00:00:00,2025-04-27 15:00:00,2025-04-27 23:00:00,17.0
KM AWU,KALABAHI,2025-03-13 00:00:00,2025-04-27 16:00:00,2025-04-27 18:00:00,0.0
KM BINAIYA,BENOA,2025-03-13 00:00:00,2025-04-27 23:00:00,2025-04-27 23:00:00,0.0
KM SANGIANG,SANANA,2025-03-13 06:00:00,2025-04-28 03:00:00,2025-04-28 05:00:00,0.0
KM JETLINER,WANCI,2025-03-13 07:00:00,2025-04-27 23:00:00,2025-04-28 01:00:00,0.0
KM DOROLONDA,SERUI,2025-03-13 07:00:00,2025-04-27 05:00:00,2025-04-27 07:00:00,0.0
KM TATAMAILAU,PANTOLOAN,2025-03-13 10:00:00,2025-04-27 14:00:00,2025-04-27 16:00:00,0.0
KM DOROLONDA,WAREN,2025-03-13 11:00:00,2025-04-27 07:00:00,2025-04-27 08:00:00,0.0
KM NGGAPULU,SURABAYA,2025-03-13 11:00:00,2025-04-29 06:00:00,2025-04-29 09:00:00,1123.0
KM SINABUNG,MAKASSAR,2025-03-13 12:00:00,2025-04-28 06:00:00,2025-04-28 09:00:00,3.0
KM BK SIGUNTANG,PARE-PARE,2025-03-13 14:00:00,2025-04-27 20:00:00,2025-04-28 00:00:00,0.0
KM CIREMAI,SERUI,2025-03-13 14:00:00,2025-04-27 10:00:00,2025-04-27 12:00:00,0.0
KM AWU,KUPANG,2025-03-13 15:00:00,2025-04-27 18:00:00,2025-04-27 21:00:00,0.0
KM LAMBELU,MAKASSAR,2025-03-13 16:00:00,2025-04-28 09:00:00,2025-04-28 13:00:00,6.0
KM DOBONSOLO,AMBON,2025-03-13 16:00:00,2025-04-29 02:00:00,2025-04-29 05:00:00,26.0
KM GUNUNG DEMPO,JAYAPURA,2025-03-13 17:00:00,2025-04-27 10:00:00,2025-04-27 16:00:00,4.0
KM TILONGKABILA,MAKASSAR,2025-03-13 17:00:00,2025-04-28 13:00:00,2025-04-28 18:00:00,14.0
KM LAWIT,SURABAYA,2025-03-13 17:00:00,2025-04-29 09:00:00,2025-04-29 12:00:00,41.0
KM DOROLONDA,NABIRE,2025-03-13 18:00:00,2025-04-27 08:00:00,2025-04-27 10:00:00,0.0
KM EGON,BONTANG,2025-03-13 19:00:00,2025-04-27 18:00:00,2025-04-27 22:00:00,0.0
KM BK RAYA,TANJUNG PRIOK,2025-03-13 19:00:00,2025-04-29 03:00:00,2025-04-29 18:00:00,83.0
KM BK RAYA,TANJUNG PRIOK,2025-03-13 19:00:00,2025-04-29 18:00:00,2025-04-29 18:00:00,0.0
KM TIDAR,KIJANG,2025-03-13 22:00:00,2025-04-29 03:00:00,2025-04-29 03:00:00,0.0
KM JETLINER,KENDARI,2025-03-13 22:00:00,2025-04-28 01:00:00,2025-04-28 20:00:00,0.0
KM BK SIGUNTANG,MAKASSAR,2025-03-13 23:00:00,2025-04-28 18:00:00,2025-04-28 21:00:00,18.0
KM CIREMAI,BIAK,2025-03-14 00:00:00,2025-04-27 12:00:00,2025-04-27 14:00:00,0.0
KM LABOBAR,MAKASSAR,2025-03-14 00:00:00,2025-04-29 06:00:00,2025-04-29 21:00:00,0.0
KM LAMBELU,PARE-PARE,2025-03-14 01:00:00,2025-04-28 13:00:00,2025-04-28 18:00:00,0.0
KM SANGIANG,BACAN,2025-03-14 05:00:00,2025-04-28 05:00:00,2025-04-28 07:00:00,0.0
KM PANGRANGO,BANDA,2025-03-14 06:00:00,2025-04-29 02:00:00,2025-04-30 12:00:00,0.0
KM DOROLONDA,MANOKWARI,2025-03-14 06:00:00,2025-04-27 10:00:00,2025-04-27 12:00:00,0.0
KM SINABUNG,BAU-BAU,2025-03-14 07:00:00,2025-04-28 09:00:00,2025-04-28 12:00:00,0.0
KM BINAIYA,BIMA,2025-03-14 07:00:00,2025-04-27 23:00:00,2025-04-28 01:00:00,0.0
KM AWU,ENDE,2025-03-14 07:00:00,2025-04-27 21:00:00,2025-04-27 23:00:00,0.0
KM KELUD,BATAM,2025-03-14 08:00:00,2025-04-29 00:00:00,2025-04-29 04:00:00,0.0
KM WILIS,LABUAN BAJO,2025-03-14 08:00:00,2025-04-28 06:00:00,2025-04-28 07:00:00,0.0
KM CIREMAI,MANOKWARI,2025-03-14 11:00:00,2025-04-27 14:00:00,2025-04-27 16:00:00,0.0
KM TIDAR,KIJANG,2025-03-14 12:00:00,2025-04-29 03:00:00,2025-04-29 06:00:00,0.0
KM SIRIMAU,SAUMLAKI,2025-03-14 14:00:00,2025-04-27 15:00:00,2025-04-27 17:00:00,0.0
KM KELUD,TANJUNG BALAI KARIMUN,2025-03-14 15:00:00,2025-04-29 04:00:00,2025-04-29 05:00:00,0.0
KM LEUSER,KUMAI,2025-03-14 15:00:00,2025-04-29 02:00:00,2025-04-29 05:00:00,0.0
KM BINAIYA,LABUAN BAJO,2025-03-14 17:00:00,2025-04-28 07:00:00,2025-04-28 09:00:00,6.0
KM DOBONSOLO,SORONG,2025-03-14 17:00:00,2025-04-29 05:00:00,2025-04-29 08:00:00,0.0
KM AWU,WAINGAPU,2025-03-14 18:00:00,2025-04-27 23:00:00,2025-04-28 01:00:00,0.0
KM LABOBAR,BAU-BAU,2025-03-14 18:00:00,2025-04-29 21:00:00,2025-04-30 02:00:00,0.0
KM WILIS,BIMA,2025-03-14 18:00:00,2025-04-28 07:00:00,2025-04-28 08:00:00,0.0
KM TILONGKABILA,BAU-BAU,2025-03-14 19:00:00,2025-04-30 02:00:00,2025-04-30 05:00:00,32.0
KM SANGIANG,TERNATE,2025-03-14 19:00:00,2025-04-28 07:00:00,2025-04-28 09:00:00,0.0
KM BK SIGUNTANG,MAUMERE,2025-03-14 20:00:00,2025-04-28 21:00:00,2025-04-28 23:00:00,0.0
KM NGGAPULU,MAKASSAR,2025-03-14 20:00:00,2025-04-29 21:00:00,2025-04-30 01:00:00,12.0
KM DOROLONDA,SORONG,2025-03-14 20:00:00,2025-04-29 08:00:00,2025-04-29 10:00:00,44.0
KM LAMBELU,BALIKPAPAN,2025-03-14 22:00:00,2025-04-28 18:00:00,2025-04-28 20:00:00,0.0
KM GUNUNG DEMPO,NABIRE,2025-03-14 23:00:00,2025-04-27 16:00:00,2025-04-27 18:00:00,0.0
KM LAWIT,KUMAI,2025-03-15 00:00:00,2025-04-29 12:00:00,2025-04-29 12:00:00,0.0
KM EGON,PARE-PARE,2025-03-15 00:00:00,2025-04-28 18:00:00,2025-04-28 21:00:00,20.0
KM LAWIT,KUMAI,2025-03-15 00:00:00,2025-04-29 12:00:00,2025-04-29 14:00:00,0.0
KM TILONGKABILA,RAHA,2025-03-15 02:00:00,2025-04-30 05:00:00,2025-04-30 07:00:00,0.0
KM CIREMAI,SORONG,2025-03-15 02:00:00,2025-04-29 10:00:00,2025-04-29 12:00:00,42.0
KM SINABUNG,BANGGAI,2025-03-15 03:00:00,2025-04-28 12:00:00,2025-04-28 13:00:00,0.0
KM BK SIGUNTANG,LEWOLEBA,2025-03-15 04:00:00,2025-04-28 23:00:00,2025-04-29 01:00:00,0.0
KM JETLINER,WANCI,2025-03-15 06:00:00,2025-04-28 20:00:00,2025-04-28 22:00:00,0.0
KM WILIS,WAIKELO,2025-03-15 06:00:00,2025-04-28 08:00:00,2025-04-28 09:00:00,0.0
KM GUNUNG DEMPO,WASIOR,2025-03-15 08:00:00,2025-04-27 18:00:00,2025-04-27 19:00:00,0.0
KM TATAMAILAU,BITUNG,2025-03-15 09:00:00,2025-04-27 16:00:00,2025-04-28 00:00:00,0.0
KM TILONGKABILA,KENDARI,2025-03-15 10:00:00,2025-04-30 07:00:00,2025-04-30 11:00:00,0.0
KM AWU,BIMA,2025-03-15 10:00:00,2025-04-28 08:00:00,2025-04-28 10:00:00,7.0
KM LAMBELU,PANTOLOAN,2025-03-15 13:00:00,2025-04-28 20:00:00,2025-04-28 22:00:00,0.0
KM BK SIGUNTANG,KUPANG,2025-03-15 13:00:00,2025-04-29 01:00:00,2025-04-29 06:00:00,0.0
KM SIRIMAU,TUAL,2025-03-15 13:00:00,2025-04-27 17:00:00,2025-04-27 21:00:00,0.0
KM BINAIYA,MAKASSAR,2025-03-15 14:00:00,2025-04-30 01:00:00,2025-04-30 05:00:00,40.0
KM NGGAPULU,BAU-BAU,2025-03-15 15:00:00,2025-04-30 05:00:00,2025-04-30 08:00:00,4.0
KM KELUD,BELAWAN,2025-03-15 15:00:00,2025-04-29 05:00:00,2025-04-29 22:00:00,0.0
KM WILIS,WAINGAPU,2025-03-15 16:00:00,2025-04-28 09:00:00,2025-04-28 13:00:00,0.0
KM GUNUNG DEMPO,MANOKWARI,2025-03-15 17:00:00,2025-04-27 19:00:00,2025-04-27 21:00:00,0.0
KM BK RAYA,BLINYU,2025-03-15 17:00:00,2025-04-29 18:00:00,2025-04-29 19:00:00,0.0
KM SANGIANG,BITUNG,2025-03-15 17:00:00,2025-04-28 09:00:00,2025-04-29 07:00:00,0.0
KM SANGIANG,BITUNG,2025-03-15 17:00:00,2025-04-29 07:00:00,2025-04-29 07:00:00,0.0
KM DOROLONDA,AMBON,2025-03-15 18:00:00,2025-04-29 10:00:00,2025-04-29 13:00:00,0.0
KM LEUSER,SEMARANG,2025-03-15 19:00:00,2025-04-29 05:00:00,2025-04-29 21:00:00,0.0
KM LABOBAR,AMBON,2025-03-15 20:00:00,2025-04-30 02:00:00,2025-04-30 05:00:00,0.0
KM DOBONSOLO,SERUI,2025-03-15 20:00:00,2025-04-29 08:00:00,2025-04-29 10:00:00,0.0
KM SINABUNG,BITUNG,2025-03-15 20:00:00,2025-04-29 07:00:00,2025-04-29 11:00:00,18.0
KM JETLINER,KENDARI,2025-03-15 21:00:00,2025-04-30 11:00:00,2025-04-30 21:00:00,37.0
KM JETLINER,KENDARI,2025-03-15 21:00:00,2025-04-30 21:00:00,2025-04-30 21:00:00,0.0
KM CIREMAI,AMBON,2025-03-16 00:00:00,2025-04-30 05:00:00,2025-04-30 07:00:00,17.0
KM BINAIYA,AWERANGE,2025-03-16 00:00:00,2025-04-30 05:00:00,2025-04-30 07:00:00,0.0
KM BK SIGUNTANG,LEWOLEBA,2025-03-16 01:00:00,2025-04-29 06:00:00,2025-04-29 08:00:00,0.0
KM EGON,BATULICIN,2025-03-16 02:00:00,2025-04-28 21:00:00,2025-04-29 01:00:00,0.0
KM TIDAR,TANJUNG PRIOK,2025-03-16 03:00:00,2025-04-29 18:00:00,2025-04-30 04:00:00,12.0
KM PANGRANGO,AMBON,2025-03-16 06:00:00,2025-04-30 12:00:00,2025-05-02 02:00:00,0.0
KM SIRIMAU,DOBO,2025-03-16 06:00:00,2025-04-27 21:00:00,2025-04-27 23:00:00,0.0
KM LAWIT,SURABAYA,2025-03-16 06:00:00,2025-04-29 14:00:00,2025-04-29 20:00:00,0.0
KM WILIS,ENDE,2025-03-16 07:00:00,2025-04-28 13:00:00,2025-04-28 15:00:00,0.0
KM TILONGKABILA,LUWUK,2025-03-16 07:00:00,2025-04-30 11:00:00,2025-04-30 14:00:00,0.0
KM LABOBAR,BANDA,2025-03-16 07:00:00,2025-04-30 12:00:00,2025-04-30 14:00:00,7.0
KM TATAMAILAU,TIDORE,2025-03-16 07:00:00,2025-04-28 00:00:00,2025-04-28 01:00:00,0.0
KM GUNUNG DEMPO,SORONG,2025-03-16 08:00:00,2025-04-29 12:00:00,2025-04-29 15:00:00,39.0
KM CIREMAI,NAMLEA,2025-03-16 08:00:00,2025-04-30 07:00:00,2025-04-30 09:00:00,0.0
KM BK SIGUNTANG,MAUMERE,2025-03-16 09:00:00,2025-04-29 08:00:00,2025-04-29 10:00:00,0.0
KM AWU,BENOA,2025-03-16 09:00:00,2025-04-28 10:00:00,2025-04-28 13:00:00,0.0
KM SINABUNG,TERNATE,2025-03-16 10:00:00,2025-04-29 11:00:00,2025-04-29 14:00:00,0.0
KM LAMBELU,TARAKAN,2025-03-16 10:00:00,2025-04-28 22:00:00,2025-04-29 02:00:00,0.0
KM BK RAYA,KIJANG,2025-03-16 11:00:00,2025-04-29 19:00:00,2025-04-29 22:00:00,0.0
KM DOROLONDA,TERNATE,2025-03-16 17:00:00,2025-04-29 14:00:00,2025-04-29 16:00:00,1.0
KM DOBONSOLO,JAYAPURA,2025-03-16 18:00:00,2025-04-29 10:00:00,2025-04-29 16:00:00,0.0
KM NGGAPULU,NAMLEA,2025-03-16 19:00:00,2025-04-30 09:00:00,2025-04-30 11:00:00,1.0
KM LAMBELU,NUNUKAN,2025-03-16 20:00:00,2025-04-29 02:00:00,2025-04-29 05:00:00,0.0
KM SINABUNG,BACAN,2025-03-16 20:00:00,2025-04-29 14:00:00,2025-04-29 15:00:00,0.0
KM JETLINER,WANCI,2025-03-16 20:00:00,2025-04-30 21:00:00,2025-04-30 23:00:00,0.0
KM LABOBAR,TUAL,2025-03-16 21:00:00,2025-04-30 14:00:00,2025-04-30 19:00:00,0.0
KM TILONGKABILA,GORONTALO,2025-03-16 21:00:00,2025-04-30 14:00:00,2025-04-30 16:00:00,0.0
KM WILIS,KUPANG,2025-03-17 01:00:00,2025-04-29 06:00:00,2025-04-29 14:00:00,15.0
KM NGGAPULU,AMBON,2025-03-17 02:00:00,2025-05-02 02:00:00,2025-05-02 06:00:00,39.0
KM DOROLONDA,BITUNG,2025-03-17 03:00:00,2025-04-29 16:00:00,2025-04-29 19:00:00,0.0
KM BK RAYA,LETUNG,2025-03-17 04:00:00,2025-04-29 22:00:00,2025-04-30 00:00:00,0.0
KM SIRIMAU,TIMIKA,2025-03-17 04:00:00,2025-04-27 23:00:00,2025-04-28 01:00:00,0.0
KM BK SIGUNTANG,MAKASSAR,2025-03-17 05:00:00,2025-04-30 05:00:00,2025-04-30 11:00:00,19.0
KM BINAIYA,BONTANG,2025-03-17 05:00:00,2025-04-30 07:00:00,2025-04-30 10:00:00,0.0
KM KELUD,TANJUNG BALAI KARIMUN,2025-03-17 07:00:00,2025-04-29 22:00:00,2025-04-29 23:00:00,0.0
KM EGON,SURABAYA,2025-03-17 07:00:00,2025-04-29 20:00:00,2025-04-30 00:00:00,19.0
KM CIREMAI,BAU-BAU,2025-03-17 08:00:00,2025-04-30 09:00:00,2025-04-30 11:00:00,0.0
KM LABOBAR,DOBO,2025-03-17 09:00:00,2025-04-30 19:00:00,2025-04-30 22:00:00,0.0
KM SINABUNG,AMBON,2025-03-17 10:00:00,2025-05-02 06:00:00,2025-05-02 10:00:00,63.0
KM JETLINER,KENDARI,2025-03-17 11:00:00,2025-04-30 23:00:00,2025-05-01 05:00:00,0.0
KM BK RAYA,TAREMPA,2025-03-17 11:00:00,2025-04-30 00:00:00,2025-04-30 02:00:00,0.0
KM KELUD,BATAM,2025-03-17 11:00:00,2025-04-29 23:00:00,2025-04-30 03:00:00,0.0
KM SANGIANG,TERNATE,2025-03-17 12:00:00,2025-04-29 16:00:00,2025-04-29 20:00:00,9.0
KM TATAMAILAU,SORONG,2025-03-17 13:00:00,2025-04-29 15:00:00,2025-04-29 17:00:00,38.0
KM TILONGKABILA,BITUNG,2025-03-17 15:00:00,2025-04-30 16:00:00,2025-05-02 03:00:00,0.0
KM BK SIGUNTANG,PARE-PARE,2025-03-17 16:00:00,2025-04-30 11:00:00,2025-04-30 15:00:00,0.0
KM AWU,SURABAYA,2025-03-17 16:00:00,2025-04-30 00:00:00,2025-04-30 03:00:00,35.0
KM LAWIT,KUMAI,2025-03-17 17:00:00,2025-04-29 20:00:00,2025-04-29 23:00:00,0.0
KM SIRIMAU,AGATS,2025-03-17 18:00:00,2025-04-28 01:00:00,2025-04-28 03:00:00,0.0
KM TIDAR,SURABAYA,2025-03-17 18:00:00,2025-04-30 04:00:00,2025-04-30 06:00:00,0.0
KM DOBONSOLO,SERUI,2025-03-17 21:00:00,2025-04-29 16:00:00,2025-04-29 18:00:00,0.0
KM LABOBAR,KAIMANA,2025-03-17 21:00:00,2025-04-30 22:00:00,2025-05-01 03:00:00,0.0
KM GUNUNG DEMPO,BAU-BAU,2025-03-18 01:00:00,2025-04-30 11:00:00,2025-04-30 14:00:00,20.0
KM BK RAYA,NATUNA,2025-03-18 01:00:00,2025-04-30 02:00:00,2025-04-30 05:00:00,0.0
KM LEUSER,BATULICIN,2025-03-18 02:00:00,2025-04-29 21:00:00,2025-04-30 00:00:00,0.0
KM LAMBELU,BALIKPAPAN,2025-03-18 02:00:00,2025-04-29 05:00:00,2025-04-29 07:00:00,0.0
KM WILIS,KALABAHI,2025-03-18 02:00:00,2025-04-29 14:00:00,2025-04-30 02:00:00,0.0
KM CIREMAI,MAKASSAR,2025-03-18 03:00:00,2025-04-30 11:00:00,2025-04-30 14:00:00,0.0
KM NGGAPULU,TERNATE,2025-03-18 04:00:00,2025-05-02 06:00:00,2025-05-02 09:00:00,0.0
KM SANGIANG,BACAN,2025-03-18 05:00:00,2025-04-29 20:00:00,2025-04-29 22:00:00,0.0
KM JETLINER,WANCI,2025-03-18 06:00:00,2025-05-01 05:00:00,2025-05-01 07:00:00,0.0
KM PANGRANGO,NAMROLE,2025-03-18 06:00:00,2025-05-02 02:00:00,2025-05-02 04:00:00,0.0
KM DOBONSOLO,NABIRE,2025-03-18 06:00:00,2025-04-29 18:00:00,2025-04-29 20:00:00,0.0
KM BK RAYA,MIDAI,2025-03-18 08:00:00,2025-04-30 05:00:00,2025-04-30 07:00:00,0.0
KM TATAMAILAU,FAK-FAK,2025-03-18 09:00:00,2025-04-29 17:00:00,2025-04-29 18:00:00,0.0
KM DOROLONDA,PANTOLOAN,2025-03-18 09:00:00,2025-04-29 19:00:00,2025-04-29 21:00:00,0.0
KM EGON,LEMBAR,2025-03-18 10:00:00,2025-04-30 00:00:00,2025-04-30 02:00:00,0.0
KM BINAIYA,PARE-PARE,2025-03-18 11:00:00,2025-04-30 15:00:00,2025-04-30 17:00:00,5.0
KM SINABUNG,SORONG,2025-03-18 12:00:00,2025-05-02 10:00:00,2025-05-02 13:00:00,0.0
KM LABOBAR,FAK-FAK,2025-03-18 12:00:00,2025-05-01 03:00:00,2025-05-01 06:00:00,0.0
KM BK SIGUNTANG,BALIKPAPAN,2025-03-18 12:00:00,2025-04-30 15:00:00,2025-04-30 17:00:00,0.0
KM BK RAYA,SERASAN,2025-03-18 18:00:00,2025-04-30 07:00:00,2025-04-30 09:00:00,0.0
KM PANGRANGO,AMBON,2025-03-18 18:00:00,2025-05-02 10:00:00,2025-05-02 16:00:00,6.0
KM DOBONSOLO,MANOKWARI,2025-03-18 19:00:00,2025-04-29 20:00:00,2025-04-29 22:00:00,0.0
KM GUNUNG DEMPO,MAKASSAR,2025-03-18 19:00:00,2025-04-30 14:00:00,2025-04-30 17:00:00,0.0
KM LAMBELU,PARE-PARE,2025-03-18 20:00:00,2025-04-30 17:00:00,2025-04-30 19:00:00,34.0
KM JETLINER,KENDARI,2025-03-18 21:00:00,2025-05-01 07:00:00,2025-05-01 09:00:00,0.0
KM KELUD,TANJUNG PRIOK,2025-03-18 21:00:00,2025-04-30 04:00:00,2025-04-30 04:00:00,1.0
KM KELUD,TANJUNG PRIOK,2025-03-18 21:00:00,2025-04-30 04:00:00,2025-04-30 12:00:00,0.0
KM DOROLONDA,BALIKPAPAN,2025-03-18 23:00:00,2025-04-30 17:00:00,2025-04-30 19:00:00,20.0
KM AWU,KUMAI,2025-03-18 23:00:00,2025-04-30 03:00:00,2025-04-30 06:00:00,0.0
KM LAWIT,SURABAYA,2025-03-19 00:00:00,2025-04-30 06:00:00,2025-04-30 10:00:00,7.0
KM TATAMAILAU,KAIMANA,2025-03-19 00:00:00,2025-05-01 03:00:00,2025-05-01 04:00:00,33.0
KM TIDAR,MAKASSAR,2025-03-19 02:00:00,2025-04-30 17:00:00,2025-04-30 20:00:00,11.0
KM LAMBELU,MAKASSAR,2025-03-19 03:00:00,2025-04-30 20:00:00,2025-04-30 20:00:00,1.0
KM LAMBELU,MAKASSAR,2025-03-19 03:00:00,2025-04-30 20:00:00,2025-05-01 04:00:00,0.0
KM LABOBAR,SORONG,2025-03-19 04:00:00,2025-05-02 13:00:00,2025-05-02 17:00:00,31.0
KM NGGAPULU,AMBON,2025-03-19 04:00:00,2025-05-02 16:00:00,2025-05-02 20:00:00,7.0
KM SINABUNG,MANOKWARI,2025-03-19 05:00:00,2025-05-02 13:00:00,2025-05-02 15:00:00,0.0
KM SANGIANG,SANANA,2025-03-19 06:00:00,2025-04-29 22:00:00,2025-04-30 00:00:00,0.0
KM WILIS,KUPANG,2025-03-19 06:00:00,2025-04-30 02:00:00,2025-04-30 10:00:00,0.0
KM JETLINER,RAHA,2025-03-19 07:00:00,2025-05-01 09:00:00,2025-05-01 10:00:00,0.0
KM CIREMAI,SURABAYA,2025-03-19 10:00:00,2025-04-30 14:00:00,2025-04-30 17:00:00,0.0
KM DOBONSOLO,SORONG,2025-03-19 11:00:00,2025-05-02 17:00:00,2025-05-02 20:00:00,67.0
KM LEUSER,SURABAYA,2025-03-19 13:00:00,2025-04-30 17:00:00,2025-04-30 21:00:00,17.0
KM NGGAPULU,NAMLEA,2025-03-19 14:00:00,2025-05-02 20:00:00,2025-05-02 22:00:00,0.0
KM PANGRANGO,BANDA,2025-03-19 14:00:00,2025-05-02 16:00:00,2025-05-02 18:00:00,0.0
KM BK SIGUNTANG,TARAKAN,2025-03-19 14:00:00,2025-04-30 17:00:00,2025-04-30 21:00:00,0.0
KM TATAMAILAU,TUAL,2025-03-19 14:00:00,2025-05-01 04:00:00,2025-05-01 06:00:00,0.0
KM SINABUNG,BIAK,2025-03-19 16:00:00,2025-05-02 15:00:00,2025-05-02 17:00:00,0.0
KM BINAIYA,BONTANG,2025-03-19 16:00:00,2025-04-30 17:00:00,2025-04-30 20:00:00,0.0
KM LAMBELU,PARE-PARE,2025-03-19 16:00:00,2025-05-01 04:00:00,2025-05-01 07:00:00,0.0
KM JETLINER,KENDARI,2025-03-19 16:00:00,2025-05-01 10:00:00,2025-05-01 12:00:00,0.0
KM TILONGKABILA,GORONTALO,2025-03-19 17:00:00,2025-05-02 03:00:00,2025-05-02 05:00:00,0.0
KM SIRIMAU,MERAUKE,2025-03-19 17:00:00,2025-04-28 03:00:00,2025-04-28 13:00:00,0.0
KM EGON,WAINGAPU,2025-03-19 17:00:00,2025-04-30 02:00:00,2025-04-30 10:00:00,0.0
KM EGON,WAINGAPU,2025-03-19 17:00:00,2025-04-30 10:00:00,2025-04-30 10:00:00,0.0
KM BK RAYA,PONTIANAK,2025-03-19 20:00:00,2025-04-30 09:00:00,2025-04-30 11:00:00,0.0
KM LABOBAR,MANOKWARI,2025-03-19 21:00:00,2025-05-02 17:00:00,2025-05-02 23:00:00,0.0
KM KELIMUTU,SEMARANG,2025-03-19 21:00:00,2025-04-29 21:00:00,2025-04-30 04:00:00,176.0
KM TIDAR,BAU-BAU,2025-03-19 21:00:00,2025-04-30 20:00:00,2025-04-30 23:00:00,0.0
KM SANGIANG,NAMLEA,2025-03-19 22:00:00,2025-05-02 22:00:00,2025-05-02 23:00:00,70.0
KM BK SIGUNTANG,NUNUKAN,2025-03-20 00:00:00,2025-04-30 21:00:00,2025-04-30 23:00:00,0.0
KM GUNUNG DEMPO,SURABAYA,2025-03-20 01:00:00,2025-04-30 21:00:00,2025-05-01 00:00:00,4.0
KM AWU,SEMARANG,2025-03-20 04:00:00,2025-04-30 06:00:00,2025-04-30 09:00:00,0.0
KM DOROLONDA,SURABAYA,2025-03-20 06:00:00,2025-05-01 00:00:00,2025-05-01 00:00:00,5.0
KM TILONGKABILA,LUWUK,2025-03-20 06:00:00,2025-05-02 05:00:00,2025-05-02 08:00:00,0.0
KM WILIS,ENDE,2025-03-20 06:00:00,2025-04-30 10:00:00,2025-04-30 12:00:00,0.0
KM DOROLONDA,SURABAYA,2025-03-20 06:00:00,2025-05-01 00:00:00,2025-05-01 09:00:00,0.0
KM JETLINER,WANCI,2025-03-20 07:00:00,2025-05-01 12:00:00,2025-05-01 14:00:00,0.0
KM LABOBAR,NABIRE,2025-03-20 09:00:00,2025-05-02 23:00:00,2025-05-03 08:00:00,0.0
KM SANGIANG,AMBON,2025-03-20 09:00:00,2025-05-02 23:00:00,2025-05-03 03:00:00,0.0
KM LAWIT,KUMAI,2025-03-20 09:00:00,2025-04-30 10:00:00,2025-04-30 13:00:00,0.0
KM LAMBELU,BALIKPAPAN,2025-03-20 11:00:00,2025-05-01 07:00:00,2025-05-01 09:00:00,0.0
KM KELUD,BATAM,2025-03-20 12:00:00,2025-04-30 12:00:00,2025-04-30 16:00:00,0.0
KM DOBONSOLO,AMBON,2025-03-20 13:00:00,2025-05-03 03:00:00,2025-05-03 06:00:00,7.0
KM TIDAR,MAUMERE,2025-03-20 14:00:00,2025-04-30 23:00:00,2025-05-01 01:00:00,0.0
KM CIREMAI,TANJUNG PRIOK,2025-03-20 15:00:00,2025-04-30 17:00:00,2025-05-02 05:00:00,0.0
KM CIREMAI,TANJUNG PRIOK,2025-03-20 15:00:00,2025-05-02 05:00:00,2025-05-02 05:00:00,0.0
KM SINABUNG,JAYAPURA,2025-03-20 15:00:00,2025-05-02 17:00:00,2025-05-02 22:00:00,0.0
KM TATAMAILAU,TIMIKA,2025-03-20 15:00:00,2025-05-01 06:00:00,2025-05-01 08:00:00,0.0
KM LABOBAR,WASIOR,2025-03-20 18:00:00,2025-05-03 08:00:00,2025-05-03 10:00:00,0.0
KM NGGAPULU,BAU-BAU,2025-03-20 18:00:00,2025-05-02 22:00:00,2025-05-03 00:00:00,0.0
KM KELUD,TANJUNG BALAI KARIMUN,2025-03-20 19:00:00,2025-04-30 16:00:00,2025-04-30 17:00:00,0.0
KM WILIS,WAINGAPU,2025-03-20 19:00:00,2025-04-30 12:00:00,2025-04-30 14:00:00,0.0
KM PANGRANGO,SAUMLAKI,2025-03-20 19:00:00,2025-05-02 18:00:00,2025-05-02 23:00:00,0.0
KM LEUSER,KUMAI,2025-03-20 20:00:00,2025-04-30 21:00:00,2025-05-01 00:00:00,0.0
KM JETLINER,KENDARI,2025-03-20 22:00:00,2025-05-01 14:00:00,2025-05-02 09:00:00,0.0
KM TIDAR,LARANTUKA,2025-03-20 22:00:00,2025-05-01 01:00:00,2025-05-01 03:00:00,0.0
KM BINAIYA,AWERANGE,2025-03-20 22:00:00,2025-04-30 20:00:00,2025-04-30 22:00:00,0.0
KM LABOBAR,MANOKWARI,2025-03-21 03:00:00,2025-05-03 10:00:00,2025-05-03 12:00:00,0.0
KM EGON,LEMBAR,2025-03-21 03:00:00,2025-04-30 10:00:00,2025-04-30 14:00:00,0.0
KM TIDAR,LEWOLEBA,2025-03-21 03:00:00,2025-05-01 03:00:00,2025-05-01 04:00:00,0.0
KM TILONGKABILA,KENDARI,2025-03-21 04:00:00,2025-05-02 09:00:00,2025-05-02 13:00:00,1.0
KM BK SIGUNTANG,BALIKPAPAN,2025-03-21 05:00:00,2025-05-01 09:00:00,2025-05-01 11:00:00,10.0
KM SANGIANG,BANDA,2025-03-21 05:00:00,2025-05-03 03:00:00,2025-05-03 05:00:00,0.0
KM TATAMAILAU,AGATS,2025-03-21 05:00:00,2025-05-01 08:00:00,2025-05-01 10:00:00,0.0
KM GUNUNG DEMPO,TANJUNG PRIOK,2025-03-21 06:00:00,2025-05-02 05:00:00,2025-05-02 15:00:00,29.0
KM GUNUNG DEMPO,TANJUNG PRIOK,2025-03-21 06:00:00,2025-05-02 15:00:00,2025-05-02 15:00:00,0.0
KM LAMBELU,PARE-PARE,2025-03-21 06:00:00,2025-05-01 09:00:00,2025-05-01 11:00:00,0.0
KM WILIS,WAIKELO,2025-03-21 06:00:00,2025-04-30 14:00:00,2025-04-30 15:00:00,0.0
KM BINAIYA,MAKASSAR,2025-03-21 06:00:00,2025-05-01 04:00:00,2025-05-01 09:00:00,6.0
KM AWU,KUMAI,2025-03-21 07:00:00,2025-05-01 00:00:00,2025-05-01 00:00:00,15.0
KM NGGAPULU,MAKASSAR,2025-03-21 12:00:00,2025-05-03 00:00:00,2025-05-03 02:00:00,0.0
KM TIDAR,KUPANG,2025-03-21 12:00:00,2025-05-01 04:00:00,2025-05-01 08:00:00,0.0
KM AWU,KUMAI,2025-03-21 12:00:00,2025-05-01 00:00:00,2025-05-01 03:00:00,0.0
KM LAMBELU,MAKASSAR,2025-03-21 13:00:00,2025-05-03 02:00:00,2025-05-03 04:00:00,39.0
KM LAWIT,SEMARANG,2025-03-21 14:00:00,2025-04-30 13:00:00,2025-04-30 18:00:00,0.0
KM KELIMUTU,SAMPIT,2025-03-21 14:00:00,2025-04-30 04:00:00,2025-04-30 23:00:00,0.0
KM TILONGKABILA,RAHA,2025-03-21 15:00:00,2025-05-02 13:00:00,2025-05-02 14:00:00,0.0
KM SANGIANG,GESER,2025-03-21 17:00:00,2025-05-03 05:00:00,2025-05-03 06:00:00,0.0
KM SINABUNG,BIAK,2025-03-21 17:00:00,2025-05-02 22:00:00,2025-05-03 00:00:00,0.0
KM LABOBAR,SORONG,2025-03-21 18:00:00,2025-05-03 12:00:00,2025-05-03 15:00:00,0.0
KM WILIS,BIMA,2025-03-21 18:00:00,2025-04-30 15:00:00,2025-04-30 17:00:00,0.0
KM DOBONSOLO,BAU-BAU,2025-03-21 19:00:00,2025-05-03 06:00:00,2025-05-03 08:00:00,0.0
KM KELUD,BELAWAN,2025-03-21 19:00:00,2025-04-30 17:00:00,2025-05-01 06:00:00,0.0
KM BK RAYA,SURABAYA,2025-03-21 20:00:00,2025-05-01 09:00:00,2025-05-01 14:00:00,22.0
KM BK RAYA,SURABAYA,2025-03-21 20:00:00,2025-05-01 14:00:00,2025-05-01 14:00:00,0.0
KM LAMBELU,PARE-PARE,2025-03-21 20:00:00,2025-05-03 04:00:00,2025-05-03 06:00:00,0.0
KM DOROLONDA,BALIKPAPAN,2025-03-21 21:00:00,2025-05-01 11:00:00,2025-05-01 14:00:00,2.0
KM SIRIMAU,AGATS,2025-03-21 21:00:00,2025-05-01 10:00:00,2025-05-01 12:00:00,69.0
KM TILONGKABILA,BAU-BAU,2025-03-21 21:00:00,2025-05-03 08:00:00,2025-05-03 10:00:00,18.0
KM BK SIGUNTANG,PARE-PARE,2025-03-21 23:00:00,2025-05-03 06:00:00,2025-05-03 09:00:00,43.0
KM LEUSER,SEMARANG,2025-03-22 00:00:00,2025-05-01 00:00:00,2025-05-01 04:00:00,0.0
KM TIDAR,LEWOLEBA,2025-03-22 01:00:00,2025-05-01 08:00:00,2025-05-01 10:00:00,0.0
KM SINABUNG,MANOKWARI,2025-03-22 04:00:00,2025-05-03 12:00:00,2025-05-03 14:00:00,12.0
KM PANGRANGO,BANDA,2025-03-22 05:00:00,2025-05-03 05:00:00,2025-05-03 07:00:00,6.0
KM WILIS,LABUAN BAJO,2025-03-22 05:00:00,2025-04-30 17:00:00,2025-04-30 18:00:00,0.0
KM BINAIYA,LABUAN BAJO,2025-03-22 06:00:00,2025-05-01 09:00:00,2025-05-01 11:00:00,0.0
KM JETLINER,WANCI,2025-03-22 06:00:00,2025-05-02 09:00:00,2025-05-02 11:00:00,0.0
KM SANGIANG,FAK-FAK,2025-03-22 06:00:00,2025-05-03 06:00:00,2025-05-03 09:00:00,0.0
KM TIDAR,LARANTUKA,2025-03-22 06:00:00,2025-05-01 10:00:00,2025-05-01 12:00:00,0.0
KM BK SIGUNTANG,MAKASSAR,2025-03-22 07:00:00,2025-05-03 09:00:00,2025-05-04 04:00:00,0.0
KM BK SIGUNTANG,MAKASSAR,2025-03-22 07:00:00,2025-05-04 04:00:00,2025-05-04 04:00:00,0.0
KM EGON,SURABAYA,2025-03-22 08:00:00,2025-05-01 14:00:00,2025-05-01 18:00:00,24.0
KM LABOBAR,FAK-FAK,2025-03-22 10:00:00,2025-05-03 15:00:00,2025-05-03 17:00:00,0.0
KM DOBONSOLO,MAKASSAR,2025-03-22 12:00:00,2025-05-04 04:00:00,2025-05-04 06:00:00,20.0
KM DOROLONDA,PANTOLOAN,2025-03-22 13:00:00,2025-05-01 14:00:00,2025-05-01 17:00:00,0.0
KM LAMBELU,BALIKPAPAN,2025-03-22 14:00:00,2025-05-03 06:00:00,2025-05-03 09:00:00,0.0
KM TIDAR,MAUMERE,2025-03-22 14:00:00,2025-05-01 12:00:00,2025-05-01 14:00:00,0.0
KM AWU,SEMARANG,2025-03-22 16:00:00,2025-05-01 04:00:00,2025-05-01 07:00:00,1.0
KM BINAIYA,BIMA,2025-03-22 16:00:00,2025-05-01 11:00:00,2025-05-01 14:00:00,0.0
KM GUNUNG DEMPO,SURABAYA,2025-03-22 16:00:00,2025-05-02 15:00:00,2025-05-02 20:00:00,0.0
KM SIRIMAU,TIMIKA,2025-03-22 17:00:00,2025-05-01 12:00:00,2025-05-01 14:00:00,0.0
KM SINABUNG,SORONG,2025-03-22 20:00:00,2025-05-03 15:00:00,2025-05-03 18:00:00,1.0
KM TILONGKABILA,MAKASSAR,2025-03-22 21:00:00,2025-05-04 06:00:00,2025-05-04 10:00:00,20.0
KM LAWIT,KUMAI,2025-03-22 21:00:00,2025-05-01 03:00:00,2025-05-01 06:00:00,9.0
KM JETLINER,KENDARI,2025-03-22 21:00:00,2025-05-02 13:00:00,2025-05-02 13:00:00,2.0
KM PANGRANGO,AMBON,2025-03-22 21:00:00,2025-05-03 07:00:00,2025-05-04 01:00:00,0.0
KM NGGAPULU,SURABAYA,2025-03-22 21:00:00,2025-05-03 02:00:00,2025-05-03 04:00:00,0.0
KM JETLINER,KENDARI,2025-03-22 21:00:00,2025-05-02 13:00:00,2025-05-02 23:00:00,0.0
KM LABOBAR,KAIMANA,2025-03-22 23:00:00,2025-05-03 17:00:00,2025-05-03 19:00:00,0.0
KM TATAMAILAU,MERAUKE,2025-03-23 03:00:00,2025-05-01 10:00:00,2025-05-01 22:00:00,0.0
KM TIDAR,BAU-BAU,2025-03-23 05:00:00,2025-05-03 10:00:00,2025-05-03 12:00:00,44.0
KM DOROLONDA,BALIKPAPAN,2025-03-23 05:00:00,2025-05-03 09:00:00,2025-05-03 13:00:00,40.0
KM KELUD,BATAM,2025-03-23 06:00:00,2025-05-01 06:00:00,2025-05-01 14:00:00,0.0
KM WILIS,MAKASSAR,2025-03-23 06:00:00,2025-05-04 10:00:00,2025-05-04 13:00:00,88.0
KM CIREMAI,SURABAYA,2025-03-23 07:00:00,2025-05-03 04:00:00,2025-05-03 08:00:00,23.0
KM BK SIGUNTANG,PARE-PARE,2025-03-23 07:00:00,2025-05-04 04:00:00,2025-05-04 08:00:00,0.0
KM LABOBAR,DOBO,2025-03-23 10:00:00,2025-05-03 19:00:00,2025-05-03 22:00:00,0.0
KM KELIMUTU,SURABAYA,2025-03-23 13:00:00,2025-05-03 08:00:00,2025-05-03 11:00:00,57.0
KM SANGIANG,SORONG,2025-03-23 13:00:00,2025-05-03 18:00:00,2025-05-03 21:00:00,9.0
KM LEUSER,SAMPIT,2025-03-23 14:00:00,2025-05-01 04:00:00,2025-05-02 01:00:00,0.0
KM SINABUNG,BACAN,2025-03-23 14:00:00,2025-05-03 18:00:00,2025-05-03 19:00:00,0.0
KM EGON,BATULICIN,2025-03-23 15:00:00,2025-05-01 18:00:00,2025-05-01 21:00:00,0.0
KM SIRIMAU,DOBO,2025-03-23 15:00:00,2025-05-03 22:00:00,2025-05-04 00:00:00,56.0
KM BINAIYA,BENOA,2025-03-23 18:00:00,2025-05-01 14:00:00,2025-05-01 17:00:00,0.0
KM AWU,KUMAI,2025-03-23 19:00:00,2025-05-01 07:00:00,2025-05-01 10:00:00,0.0
KM LABOBAR,TUAL,2025-03-23 19:00:00,2025-05-03 22:00:00,2025-05-04 01:00:00,0.0
KM JETLINER,WANCI,2025-03-23 20:00:00,2025-05-02 23:00:00,2025-05-03 01:00:00,0.0
KM DOBONSOLO,SURABAYA,2025-03-23 21:00:00,2025-05-04 06:00:00,2025-05-04 08:00:00,0.0
KM TILONGKABILA,BIMA,2025-03-23 21:00:00,2025-05-04 10:00:00,2025-05-04 13:00:00,0.0
KM SINABUNG,TERNATE,2025-03-23 21:00:00,2025-05-03 19:00:00,2025-05-03 21:00:00,0.0
KM GUNUNG DEMPO,MAKASSAR,2025-03-23 22:00:00,2025-05-04 13:00:00,2025-05-04 17:00:00,41.0
KM TIDAR,MAKASSAR,2025-03-24 01:00:00,2025-05-04 17:00:00,2025-05-04 21:00:00,29.0
KM NGGAPULU,TANJUNG PRIOK,2025-03-24 01:00:00,2025-05-03 04:00:00,2025-05-03 04:00:00,0.0
KM NGGAPULU,TANJUNG PRIOK,2025-03-24 01:00:00,2025-05-03 04:00:00,2025-05-03 18:00:00,0.0
KM LAMBELU,SURABAYA,2025-03-24 01:00:00,2025-05-04 08:00:00,2025-05-04 11:00:00,23.0
KM BK SIGUNTANG,BALIKPAPAN,2025-03-24 02:00:00,2025-05-04 08:00:00,2025-05-04 10:00:00,0.0
KM BK RAYA,PONTIANAK,2025-03-24 02:00:00,2025-05-01 14:00:00,2025-05-01 16:00:00,0.0
KM LAWIT,SURABAYA,2025-03-24 04:00:00,2025-05-04 11:00:00,2025-05-04 15:00:00,77.0
KM PANGRANGO,BANDA,2025-03-24 05:00:00,2025-05-04 01:00:00,2025-05-04 03:00:00,0.0
KM SIRIMAU,TUAL,2025-03-24 05:00:00,2025-05-04 01:00:00,2025-05-04 06:00:00,1.0
KM TILONGKABILA,LABUAN BAJO,2025-03-24 07:00:00,2025-05-04 13:00:00,2025-05-04 15:00:00,0.0
KM SINABUNG,BITUNG,2025-03-24 08:00:00,2025-05-03 21:00:00,2025-05-04 01:00:00,0.0
KM JETLINER,KENDARI,2025-03-24 11:00:00,2025-05-03 01:00:00,2025-05-03 07:00:00,0.0
KM LABOBAR,BANDA,2025-03-24 11:00:00,2025-05-04 03:00:00,2025-05-04 05:00:00,2.0
KM KELUD,BELAWAN,2025-03-24 12:00:00,2025-05-01 14:00:00,2025-05-01 22:00:00,0.0
KM WILIS,BATULICIN,2025-03-24 15:00:00,2025-05-04 13:00:00,2025-05-04 16:00:00,0.0
KM EGON,PARE-PARE,2025-03-24 15:00:00,2025-05-04 08:00:00,2025-05-04 11:00:00,59.0
KM WILIS,BATULICIN,2025-03-24 15:00:00,2025-05-04 16:00:00,2025-05-04 16:00:00,0.0
KM DOROLONDA,SURABAYA,2025-03-24 16:00:00,2025-05-04 15:00:00,2025-05-04 20:00:00,26.0
KM GUNUNG DEMPO,BAU-BAU,2025-03-24 16:00:00,2025-05-04 17:00:00,2025-05-04 19:00:00,0.0
KM CIREMAI,MAKASSAR,2025-03-24 17:00:00,2025-05-04 21:00:00,2025-05-05 00:00:00,37.0
KM KELIMUTU,KUMAI,2025-03-24 20:00:00,2025-05-03 11:00:00,2025-05-03 15:00:00,0.0
KM SANGIANG,FAK-FAK,2025-03-24 20:00:00,2025-05-03 21:00:00,2025-05-03 23:00:00,0.0
KM LABOBAR,AMBON,2025-03-24 21:00:00,2025-05-04 05:00:00,2025-05-04 09:00:00,0.0
KM BINAIYA,SURABAYA,2025-03-25 00:00:00,2025-05-04 20:00:00,2025-05-04 23:00:00,75.0
KM DOBONSOLO,TANJUNG PRIOK,2025-03-25 02:00:00,2025-05-04 08:00:00,2025-05-04 17:00:00,0.0
KM DOBONSOLO,TANJUNG PRIOK,2025-03-25 02:00:00,2025-05-04 17:00:00,2025-05-04 17:00:00,0.0
KM SINABUNG,BANGGAI,2025-03-25 03:00:00,2025-05-04 01:00:00,2025-05-04 03:00:00,0.0
KM AWU,SURABAYA,2025-03-25 03:00:00,2025-05-04 23:00:00,2025-05-05 05:00:00,85.0
KM TILONGKABILA,MAKASSAR,2025-03-25 04:00:00,2025-05-05 00:00:00,2025-05-05 04:00:00,9.0
KM BK RAYA,KIJANG,2025-03-25 05:00:00,2025-05-01 16:00:00,2025-05-01 19:00:00,0.0
KM BK SIGUNTANG,TARAKAN,2025-03-25 05:00:00,2025-05-04 10:00:00,2025-05-04 14:00:00,0.0
KM TATAMAILAU,AGATS,2025-03-25 06:00:00,2025-05-01 22:00:00,2025-05-02 00:00:00,0.0
KM JETLINER,WANCI,2025-03-25 06:00:00,2025-05-03 07:00:00,2025-05-03 09:00:00,0.0
KM SIRIMAU,SAUMLAKI,2025-03-25 07:00:00,2025-05-04 06:00:00,2025-05-04 08:00:00,0.0
KM LAMBELU,BALIKPAPAN,2025-03-25 10:00:00,2025-05-04 11:00:00,2025-05-04 14:00:00,0.0
KM SANGIANG,GESER,2025-03-25 11:00:00,2025-05-03 23:00:00,2025-05-04 01:00:00,0.0
KM PANGRANGO,SAUMLAKI,2025-03-25 12:00:00,2025-05-04 08:00:00,2025-05-04 12:00:00,5.0
KM CIREMAI,BAU-BAU,2025-03-25 12:00:00,2025-05-05 00:00:00,2025-05-05 02:00:00,0.0
KM TIDAR,SURABAYA,2025-03-25 13:00:00,2025-05-05 05:00:00,2025-05-05 07:00:00,8.0
KM BK SIGUNTANG,NUNUKAN,2025-03-25 15:00:00,2025-05-04 14:00:00,2025-05-04 17:00:00,0.0
KM LAWIT,SAMPIT,2025-03-25 16:00:00,2025-05-04 15:00:00,2025-05-05 10:00:00,0.0
KM KELUD,BATAM,2025-03-25 18:00:00,2025-05-01 22:00:00,2025-05-02 01:00:00,0.0
KM EGON,BONTANG,2025-03-25 18:00:00,2025-05-04 11:00:00,2025-05-04 13:00:00,0.0
KM LEUSER,SEMARANG,2025-03-25 18:00:00,2025-05-02 01:00:00,2025-05-02 04:00:00,0.0
KM SINABUNG,BAU-BAU,2025-03-25 21:00:00,2025-05-05 02:00:00,2025-05-05 04:00:00,23.0
KM TATAMAILAU,TIMIKA,2025-03-25 21:00:00,2025-05-02 00:00:00,2025-05-02 02:00:00,0.0
KM JETLINER,KENDARI,2025-03-25 21:00:00,2025-05-03 09:00:00,2025-05-03 11:00:00,0.0
KM BK RAYA,LETUNG,2025-03-25 22:00:00,2025-05-01 19:00:00,2025-05-01 21:00:00,0.0
KM SANGIANG,BANDA,2025-03-25 23:00:00,2025-05-04 05:00:00,2025-05-04 07:00:00,4.0
KM NGGAPULU,KIJANG,2025-03-25 23:00:00,2025-05-03 18:00:00,2025-05-03 20:00:00,0.0
KM LABOBAR,BAU-BAU,2025-03-26 00:00:00,2025-05-05 04:00:00,2025-05-05 12:00:00,19.0
KM WILIS,MAKASSAR,2025-03-26 00:00:00,2025-05-05 04:00:00,2025-05-05 12:00:00,12.0
KM KELIMUTU,SEMARANG,2025-03-26 01:00:00,2025-05-03 15:00:00,2025-05-03 22:00:00,0.0
KM DOROLONDA,BALIKPAPAN,2025-03-26 03:00:00,2025-05-04 20:00:00,2025-05-05 04:00:00,0.0
KM TILONGKABILA,LABUAN BAJO,2025-03-26 04:00:00,2025-05-05 04:00:00,2025-05-05 06:00:00,0.0
KM BK RAYA,TAREMPA,2025-03-26 05:00:00,2025-05-01 21:00:00,2025-05-01 23:00:00,0.0
KM NGGAPULU,BATAM,2025-03-26 06:00:00,2025-05-03 20:00:00,2025-05-04 00:00:00,0.0
KM GUNUNG DEMPO,SORONG,2025-03-26 07:00:00,2025-05-04 19:00:00,2025-05-04 21:00:00,0.0
KM BINAIYA,BATULICIN,2025-03-26 07:00:00,2025-05-04 23:00:00,2025-05-05 01:00:00,0.0
KM JETLINER,RAHA,2025-03-26 07:00:00,2025-05-03 11:00:00,2025-05-03 12:00:00,0.0
KM DOBONSOLO,SURABAYA,2025-03-26 12:00:00,2025-05-05 07:00:00,2025-05-05 11:00:00,14.0
KM AWU,BENOA,2025-03-26 12:00:00,2025-05-05 05:00:00,2025-05-05 09:00:00,0.0
KM TILONGKABILA,BIMA,2025-03-26 13:00:00,2025-05-05 06:00:00,2025-05-05 08:00:00,0.0
KM SINABUNG,MAKASSAR,2025-03-26 14:00:00,2025-05-05 12:00:00,2025-05-05 15:00:00,8.0
KM LAMBELU,TARAKAN,2025-03-26 15:00:00,2025-05-04 14:00:00,2025-05-04 17:00:00,0.0
KM JETLINER,KENDARI,2025-03-26 16:00:00,2025-05-03 12:00:00,2025-05-03 14:00:00,0.0
KM CIREMAI,NAMLEA,2025-03-26 16:00:00,2025-05-05 02:00:00,2025-05-05 04:00:00,0.0
KM LABOBAR,MAKASSAR,2025-03-26 17:00:00,2025-05-05 15:00:00,2025-05-05 18:00:00,3.0
KM BK RAYA,NATUNA,2025-03-26 18:00:00,2025-05-01 23:00:00,2025-05-02 01:00:00,0.0
KM KELUD,BELAWAN,2025-03-26 19:00:00,2025-05-02 01:00:00,2025-05-02 15:00:00,0.0
KM KELUD,BELAWAN,2025-03-26 19:00:00,2025-05-02 15:00:00,2025-05-02 15:00:00,0.0
KM SANGIANG,AMBON,2025-03-26 19:00:00,2025-05-04 09:00:00,2025-05-04 16:00:00,2.0
KM PANGRANGO,BANDA,2025-03-26 20:00:00,2025-05-04 12:00:00,2025-05-05 14:00:00,0.0
KM TIDAR,TANJUNG PRIOK,2025-03-26 21:00:00,2025-05-05 07:00:00,2025-05-05 09:00:00,0.0
KM GUNUNG DEMPO,MANOKWARI,2025-03-26 21:00:00,2025-05-04 21:00:00,2025-05-04 23:00:00,0.0
KM BK SIGUNTANG,BALIKPAPAN,2025-03-26 21:00:00,2025-05-05 04:00:00,2025-05-05 06:00:00,11.0
KM EGON,PARE-PARE,2025-03-26 21:00:00,2025-05-04 13:00:00,2025-05-04 16:00:00,0.0
KM TATAMAILAU,TUAL,2025-03-26 21:00:00,2025-05-04 06:00:00,2025-05-04 08:00:00,52.0
KM LEUSER,KUMAI,2025-03-26 22:00:00,2025-05-03 15:00:00,2025-05-03 17:00:00,35.0
KM CIREMAI,AMBON,2025-03-26 23:00:00,2025-05-05 04:00:00,2025-05-05 08:00:00,0.0
KM BK RAYA,MIDAI,2025-03-27 00:00:00,2025-05-02 01:00:00,2025-05-02 02:00:00,0.0
KM LAMBELU,NUNUKAN,2025-03-27 00:00:00,2025-05-04 17:00:00,2025-05-04 20:00:00,0.0
KM GUNUNG DEMPO,WASIOR,2025-03-27 06:00:00,2025-05-04 23:00:00,2025-05-05 00:00:00,0.0
KM JETLINER,WANCI,2025-03-27 07:00:00,2025-05-03 14:00:00,2025-05-03 16:00:00,0.0
KM WILIS,LABUAN BAJO,2025-03-27 08:00:00,2025-05-05 12:00:00,2025-05-05 13:00:00,0.0
KM SIRIMAU,KALABAHI,2025-03-27 08:00:00,2025-05-04 08:00:00,2025-05-04 10:00:00,0.0
KM NGGAPULU,BELAWAN,2025-03-27 08:00:00,2025-05-04 00:00:00,2025-05-04 07:00:00,0.0
KM BK RAYA,SERASAN,2025-03-27 09:00:00,2025-05-02 02:00:00,2025-05-02 04:00:00,0.0
KM TILONGKABILA,LEMBAR,2025-03-27 10:00:00,2025-05-05 08:00:00,2025-05-05 10:00:00,0.0
KM TATAMAILAU,KAIMANA,2025-03-27 12:00:00,2025-05-04 08:00:00,2025-05-04 09:00:00,0.0
KM SANGIANG,NAMLEA,2025-03-27 13:00:00,2025-05-05 04:00:00,2025-05-05 07:00:00,12.0
KM SINABUNG,BALIKPAPAN,2025-03-27 13:00:00,2025-05-05 15:00:00,2025-05-05 18:00:00,0.0
KM AWU,BIMA,2025-03-27 13:00:00,2025-05-05 09:00:00,2025-05-05 11:00:00,0.0
KM BK SIGUNTANG,PARE-PARE,2025-03-27 14:00:00,2025-05-05 06:00:00,2025-05-05 10:00:00,0.0
KM BINAIYA,SURABAYA,2025-03-27 14:00:00,2025-05-05 11:00:00,2025-05-05 14:00:00,10.0
KM GUNUNG DEMPO,NABIRE,2025-03-27 14:00:00,2025-05-05 00:00:00,2025-05-05 02:00:00,0.0
KM TILONGKABILA,BENOA,2025-03-27 18:00:00,2025-05-05 10:00:00,2025-05-05 10:00:00,0.0
KM KELIMUTU,SAMPIT,2025-03-27 18:00:00,2025-05-05 10:00:00,2025-05-06 05:00:00,36.0
KM DOROLONDA,SURABAYA,2025-03-27 18:00:00,2025-05-05 14:00:00,2025-05-05 18:00:00,10.0
KM WILIS,BIMA,2025-03-27 18:00:00,2025-05-05 13:00:00,2025-05-05 14:00:00,0.0
KM LAWIT,SEMARANG,2025-03-27 19:00:00,2025-05-05 10:00:00,2025-05-05 15:00:00,0.0
KM DOBONSOLO,MAKASSAR,2025-03-27 22:00:00,2025-05-05 18:00:00,2025-05-05 21:00:00,7.0
KM JETLINER,KENDARI,2025-03-27 22:00:00,2025-05-03 16:00:00,2025-05-04 11:00:00,0.0
KM BK SIGUNTANG,MAKASSAR,2025-03-27 23:00:00,2025-05-05 21:00:00,2025-05-06 00:00:00,11.0
KM LEUSER,SEMARANG,2025-03-28 00:00:00,2025-05-05 15:00:00,2025-05-05 23:00:00,46.0
KM LAMBELU,PANTOLOAN,2025-03-28 00:00:00,2025-05-04 20:00:00,2025-05-04 22:00:00,0.0
KM LABOBAR,SURABAYA,2025-03-28 00:00:00,2025-05-05 18:00:00,2025-05-05 21:00:00,0.0
KM SIRIMAU,KUPANG,2025-03-28 01:00:00,2025-05-04 10:00:00,2025-05-04 17:00:00,0.0
KM EGON,BONTANG,2025-03-28 01:00:00,2025-05-04 16:00:00,2025-05-04 19:00:00,0.0
KM CIREMAI,SORONG,2025-03-28 01:00:00,2025-05-05 08:00:00,2025-05-05 11:00:00,0.0
KM TATAMAILAU,FAK-FAK,2025-03-28 03:00:00,2025-05-04 09:00:00,2025-05-04 10:00:00,0.0
KM BK RAYA,PONTIANAK,2025-03-28 04:00:00,2025-05-02 04:00:00,2025-05-02 07:00:00,0.0
KM AWU,WAINGAPU,2025-03-28 05:00:00,2025-05-05 11:00:00,2025-05-05 14:00:00,0.0
KM WILIS,WAIKELO,2025-03-28 06:00:00,2025-05-05 14:00:00,2025-05-05 15:00:00,0.0
KM SANGIANG,SANANA,2025-03-28 06:00:00,2025-05-05 07:00:00,2025-05-05 09:00:00,0.0
KM KELUD,BATAM,2025-03-28 07:00:00,2025-05-04 00:00:00,2025-05-04 04:00:00,33.0
KM TIDAR,KIJANG,2025-03-28 09:00:00,2025-05-05 09:00:00,2025-05-05 09:00:00,0.0
KM PANGRANGO,AMBON,2025-03-28 12:00:00,2025-05-05 14:00:00,2025-05-05 14:00:00,0.0
KM NGGAPULU,BATAM,2025-03-28 13:00:00,2025-05-04 07:00:00,2025-05-04 13:00:00,0.0
KM GUNUNG DEMPO,JAYAPURA,2025-03-28 15:00:00,2025-05-05 02:00:00,2025-05-05 08:00:00,0.0
KM LAMBELU,BALIKPAPAN,2025-03-28 15:00:00,2025-05-05 18:00:00,2025-05-05 20:00:00,20.0
KM DOBONSOLO,BAU-BAU,2025-03-28 15:00:00,2025-05-05 21:00:00,2025-05-05 23:00:00,0.0
KM WILIS,WAINGAPU,2025-03-28 16:00:00,2025-05-05 15:00:00,2025-05-05 19:00:00,0.0
KM AWU,ENDE,2025-03-28 17:00:00,2025-05-05 14:00:00,2025-05-05 16:00:00,0.0
KM CIREMAI,MANOKWARI,2025-03-28 19:00:00,2025-05-05 11:00:00,2025-05-05 13:00:00,0.0
KM BINAIYA,KUMAI,2025-03-28 20:00:00,2025-05-05 14:00:00,2025-05-05 16:00:00,0.0
KM BK SIGUNTANG,MAUMERE,2025-03-28 20:00:00,2025-05-06 00:00:00,2025-05-06 02:00:00,0.0
KM SIRIMAU,LEWOLEBA,2025-03-28 21:00:00,2025-05-04 17:00:00,2025-05-04 19:00:00,0.0
KM TATAMAILAU,SORONG,2025-03-28 22:00:00,2025-05-05 11:00:00,2025-05-05 13:00:00,25.0
KM SINABUNG,SURABAYA,2025-03-28 23:00:00,2025-05-05 21:00:00,2025-05-05 21:00:00,3.0
KM NGGAPULU,KIJANG,2025-03-28 23:00:00,2025-05-05 09:00:00,2025-05-05 11:00:00,20.0
KM LAWIT,KUMAI,2025-03-29 04:00:00,2025-05-05 16:00:00,2025-05-05 18:00:00,1.0
KM BK SIGUNTANG,LEWOLEBA,2025-03-29 04:00:00,2025-05-06 02:00:00,2025-05-06 04:00:00,0.0
KM DOROLONDA,BALIKPAPAN,2025-03-29 04:00:00,2025-05-05 20:00:00,2025-05-05 23:00:00,2.0
KM LABOBAR,TANJUNG PRIOK,2025-03-29 04:00:00,2025-05-05 21:00:00,2025-05-05 21:00:00,0.0
KM SANGIANG,BACAN,2025-03-29 05:00:00,2025-05-05 09:00:00,2025-05-05 11:00:00,0.0
KM EGON,PARE-PARE,2025-03-29 05:00:00,2025-05-05 10:00:00,2025-05-05 12:00:00,15.0
KM CIREMAI,BIAK,2025-03-29 06:00:00,2025-05-05 13:00:00,2025-05-05 15:00:00,0.0
KM JETLINER,WANCI,2025-03-29 06:00:00,2025-05-04 11:00:00,2025-05-04 13:00:00,0.0
KM WILIS,ENDE,2025-03-29 07:00:00,2025-05-05 19:00:00,2025-05-05 21:00:00,0.0
KM AWU,KUPANG,2025-03-29 08:00:00,2025-05-05 16:00:00,2025-05-05 20:00:00,0.0
KM LEUSER,KUMAI,2025-03-29 09:00:00,2025-05-05 23:00:00,2025-05-06 01:00:00,0.0
KM LAMBELU,PARE-PARE,2025-03-29 09:00:00,2025-05-05 20:00:00,2025-05-05 23:00:00,0.0
KM KELUD,BELAWAN,2025-03-29 09:00:00,2025-05-04 07:00:00,2025-05-04 13:00:00,3.0
KM SIRIMAU,MAUMERE,2025-03-29 12:00:00,2025-05-06 02:00:00,2025-05-06 04:00:00,31.0
KM BK SIGUNTANG,KUPANG,2025-03-29 13:00:00,2025-05-06 04:00:00,2025-05-06 09:00:00,0.0
KM CIREMAI,SERUI,2025-03-29 16:00:00,2025-05-05 15:00:00,2025-05-05 17:00:00,0.0
KM LAMBELU,MAKASSAR,2025-03-29 17:00:00,2025-05-06 00:00:00,2025-05-06 03:00:00,1.0
KM SANGIANG,TERNATE,2025-03-29 19:00:00,2025-05-05 11:00:00,2025-05-05 14:00:00,0.0
KM DOBONSOLO,AMBON,2025-03-29 19:00:00,2025-05-05 23:00:00,2025-05-06 02:00:00,0.0
KM KELIMUTU,SEMARANG,2025-03-29 19:00:00,2025-05-06 05:00:00,2025-05-06 05:00:00,0.0
KM GUNUNG DEMPO,NABIRE,2025-03-29 21:00:00,2025-05-05 08:00:00,2025-05-05 10:00:00,0.0
KM JETLINER,KENDARI,2025-03-29 21:00:00,2025-05-04 13:00:00,2025-05-04 13:00:00,0.0
KM BINAIYA,SURABAYA,2025-03-30 00:00:00,2025-05-05 21:00:00,2025-05-05 21:00:00,5.0
KM AWU,KALABAHI,2025-03-30 01:00:00,2025-05-05 20:00:00,2025-05-05 22:00:00,0.0
KM BK SIGUNTANG,LEWOLEBA,2025-03-30 01:00:00,2025-05-06 09:00:00,2025-05-06 11:00:00,0.0
KM WILIS,KUPANG,2025-03-30 01:00:00,2025-05-06 09:00:00,2025-05-06 17:00:00,12.0
KM EGON,BATULICIN,2025-03-30 06:00:00,2025-05-05 12:00:00,2025-05-05 16:00:00,0.0
KM DOBONSOLO,BANDA,2025-03-30 06:00:00,2025-05-06 02:00:00,2025-05-06 04:00:00,0.0
KM GUNUNG DEMPO,WASIOR,2025-03-30 06:00:00,2025-05-05 10:00:00,2025-05-05 11:00:00,0.0
KM TATAMAILAU,AMBON,2025-03-30 07:00:00,2025-05-06 02:00:00,2025-05-06 05:00:00,13.0
KM NGGAPULU,TANJUNG PRIOK,2025-03-30 07:00:00,2025-05-05 21:00:00,2025-05-05 21:00:00,10.0
KM LAWIT,SEMARANG,2025-03-30 07:00:00,2025-05-06 05:00:00,2025-05-07 08:00:00,11.0
KM BK RAYA,SURABAYA,2025-03-30 08:00:00,2025-05-05 21:00:00,2025-05-06 02:00:00,86.0
KM BK SIGUNTANG,MAUMERE,2025-03-30 09:00:00,2025-05-06 11:00:00,2025-05-06 13:00:00,0.0
KM SIRIMAU,BAU-BAU,2025-03-30 10:00:00,2025-05-06 04:00:00,2025-05-06 07:00:00,0.0
KM LAMBELU,BAU-BAU,2025-03-30 11:00:00,2025-05-06 07:00:00,2025-05-06 09:00:00,4.0
KM KELUD,BATAM,2025-03-30 13:00:00,2025-05-04 13:00:00,2025-05-05 12:00:00,0.0
KM DOROLONDA,SURABAYA,2025-03-30 14:00:00,2025-05-06 02:00:00,2025-05-06 06:00:00,3.0
KM LEUSER,SURABAYA,2025-03-30 14:00:00,2025-05-06 06:00:00,2025-05-06 06:00:00,5.0
KM CIREMAI,JAYAPURA,2025-03-30 14:00:00,2025-05-05 17:00:00,2025-05-06 02:00:00,0.0
KM GUNUNG DEMPO,MANOKWARI,2025-03-30 15:00:00,2025-05-05 13:00:00,2025-05-05 15:00:00,2.0
KM AWU,KUPANG,2025-03-30 16:00:00,2025-05-06 17:00:00,2025-05-06 21:00:00,19.0
KM SANGIANG,BITUNG,2025-03-30 17:00:00,2025-05-05 14:00:00,2025-05-05 14:00:00,0.0
KM DOBONSOLO,TUAL,2025-03-30 21:00:00,2025-05-06 04:00:00,2025-05-06 07:00:00,0.0
KM SIRIMAU,WANCI,2025-03-30 22:00:00,2025-05-06 07:00:00,2025-05-06 09:00:00,0.0
KM WILIS,KALABAHI,2025-03-31 02:00:00,2025-05-06 17:00:00,2025-05-07 05:00:00,0.0
KM LAMBELU,MAUMERE,2025-03-31 02:00:00,2025-05-06 13:00:00,2025-05-06 15:00:00,4.0
KM BK SIGUNTANG,MAKASSAR,2025-03-31 05:00:00,2025-05-06 13:00:00,2025-05-06 19:00:00,0.0
KM GUNUNG DEMPO,SORONG,2025-03-31 06:00:00,2025-05-05 15:00:00,2025-05-05 18:00:00,0.0
KM DOBONSOLO,DOBO,2025-03-31 07:00:00,2025-05-06 07:00:00,2025-05-06 09:00:00,0.0
KM AWU,ENDE,2025-03-31 09:00:00,2025-05-06 21:00:00,2025-05-06 23:00:00,0.0
KM LAMBELU,LARANTUKA,2025-03-31 09:00:00,2025-05-06 15:00:00,2025-05-06 17:00:00,0.0
KM EGON,SURABAYA,2025-03-31 13:00:00,2025-05-06 06:00:00,2025-05-06 10:00:00,14.0
KM BK SIGUNTANG,PARE-PARE,2025-03-31 16:00:00,2025-05-06 19:00:00,2025-05-06 23:00:00,0.0
KM TATAMAILAU,TIDORE,2025-03-31 17:00:00,2025-05-06 05:00:00,2025-05-06 06:00:00,0.0
KM DOBONSOLO,KAIMANA,2025-03-31 19:00:00,2025-05-06 09:00:00,2025-05-06 12:00:00,0.0
KM CIREMAI,SERUI,2025-03-31 20:00:00,2025-05-06 02:00:00,2025-05-06 04:00:00,0.0
KM AWU,WAINGAPU,2025-03-31 20:00:00,2025-05-06 23:00:00,2025-05-07 02:00:00,0.0
KM LAMBELU,BAU-BAU,2025-03-31 23:00:00,2025-05-06 17:00:00,2025-05-06 19:00:00,0.0
KM DOROLONDA,BALIKPAPAN,2025-04-01 00:00:00,2025-05-06 06:00:00,2025-05-06 16:00:00,0.0
KM CIREMAI,BIAK,2025-04-01 06:00:00,2025-05-06 04:00:00,2025-05-06 06:00:00,0.0
KM WILIS,KUPANG,2025-04-01 06:00:00,2025-05-07 05:00:00,2025-05-07 13:00:00,0.0
KM SIRIMAU,AMBON,2025-04-01 06:00:00,2025-05-06 09:00:00,2025-05-06 12:00:00,0.0
KM TATAMAILAU,BITUNG,2025-04-01 07:00:00,2025-05-06 06:00:00,2025-05-06 06:00:00,0.0
KM KELUD,BELAWAN,2025-04-01 10:00:00,2025-05-05 12:00:00,2025-05-05 17:00:00,0.0
KM DOBONSOLO,FAK-FAK,2025-04-01 10:00:00,2025-05-06 12:00:00,2025-05-06 16:00:00,0.0
KM BK SIGUNTANG,BALIKPAPAN,2025-04-01 12:00:00,2025-05-06 23:00:00,2025-05-07 01:00:00,0.0
KM AWU,BIMA,2025-04-01 13:00:00,2025-05-07 02:00:00,2025-05-07 04:00:00,0.0
KM LAWIT,KUMAI,2025-04-01 14:00:00,2025-05-07 08:00:00,2025-05-07 08:00:00,0.0
KM EGON,LEMBAR,2025-04-01 15:00:00,2025-05-06 10:00:00,2025-05-06 12:00:00,0.0
KM LAMBELU,MAKASSAR,2025-04-01 16:00:00,2025-05-06 19:00:00,2025-05-06 23:00:00,0.0
KM CIREMAI,MANOKWARI,2025-04-01 17:00:00,2025-05-06 06:00:00,2025-05-06 08:00:00,0.0
KM BK RAYA,PONTIANAK,2025-04-01 18:00:00,2025-05-06 02:00:00,2025-05-06 05:00:00,0.0
KM DOROLONDA,PANTOLOAN,2025-04-01 22:00:00,2025-05-06 16:00:00,2025-05-06 19:00:00,0.0
KM LAMBELU,PARE-PARE,2025-04-02 01:00:00,2025-05-06 23:00:00,2025-05-07 04:00:00,0.0
KM WILIS,ENDE,2025-04-02 06:00:00,2025-05-07 13:00:00,2025-05-07 15:00:00,0.0
KM CIREMAI,SORONG,2025-04-02 09:00:00,2025-05-06 08:00:00,2025-05-06 11:00:00,0.0
KM DOBONSOLO,AMBON,2025-04-02 10:00:00,2025-05-06 16:00:00,2025-05-06 19:00:00,0.0
KM BK RAYA,SERASAN,2025-04-02 12:00:00,2025-05-06 05:00:00,2025-05-06 06:00:00,0.0
KM GUNUNG DEMPO,MAKASSAR,2025-04-02 12:00:00,2025-05-06 23:00:00,2025-05-07 01:00:00,29.0
KM KELUD,TANJUNG BALAI KARIMUN,2025-04-02 13:00:00,2025-05-05 17:00:00,2025-05-05 18:00:00,0.0
KM AWU,BENOA,2025-04-02 13:00:00,2025-05-07 04:00:00,2025-05-07 08:00:00,0.0
KM BK SIGUNTANG,TARAKAN,2025-04-02 14:00:00,2025-05-07 01:00:00,2025-05-07 05:00:00,0.0
KM KELUD,BATAM,2025-04-02 17:00:00,2025-05-05 18:00:00,2025-05-05 22:00:00,0.0
KM SIRIMAU,SORONG,2025-04-02 18:00:00,2025-05-06 12:00:00,2025-05-06 12:00:00,0.0
KM WILIS,WAINGAPU,2025-04-02 19:00:00,2025-05-07 15:00:00,2025-05-07 17:00:00,0.0
KM BK RAYA,MIDAI,2025-04-02 21:00:00,2025-05-06 06:00:00,2025-05-06 07:00:00,0.0
KM LAMBELU,BALIKPAPAN,2025-04-02 22:00:00,2025-05-07 04:00:00,2025-05-07 06:00:00,0.0
KM EGON,WAINGAPU,2025-04-02 22:00:00,2025-05-07 17:00:00,2025-05-07 17:00:00,29.0
KM BK SIGUNTANG,NUNUKAN,2025-04-03 00:00:00,2025-05-07 05:00:00,2025-05-07 07:00:00,0.0
KM BK RAYA,NATUNA,2025-04-03 02:00:00,2025-05-06 07:00:00,2025-05-06 09:00:00,0.0
KM WILIS,WAIKELO,2025-04-03 06:00:00,2025-05-07 17:00:00,2025-05-07 18:00:00,0.0
KM DOROLONDA,BITUNG,2025-04-03 06:00:00,2025-05-06 19:00:00,2025-05-07 04:00:00,0.0
KM CIREMAI,AMBON,2025-04-03 09:00:00,2025-05-06 19:00:00,2025-05-06 23:00:00,8.0
KM LAMBELU,PANTOLOAN,2025-04-03 13:00:00,2025-05-07 06:00:00,2025-05-07 08:00:00,0.0
KM BK RAYA,TAREMPA,2025-04-03 14:00:00,2025-05-06 09:00:00,2025-05-06 10:00:00,0.0
KM DOBONSOLO,BAU-BAU,2025-04-03 16:00:00,2025-05-06 19:00:00,2025-05-06 21:00:00,0.0
KM GUNUNG DEMPO,SURABAYA,2025-04-03 17:00:00,2025-05-07 01:00:00,2025-05-07 03:00:00,0.0
KM WILIS,BIMA,2025-04-03 18:00:00,2025-05-07 18:00:00,2025-05-07 20:00:00,0.0
KM BK RAYA,LETUNG,2025-04-03 20:00:00,2025-05-06 10:00:00,2025-05-06 11:00:00,0.0
KM AWU,SURABAYA,2025-04-03 21:00:00,2025-05-07 08:00:00,2025-05-07 10:00:00,0.0
KM KELUD,TANJUNG PRIOK,2025-04-04 03:00:00,2025-05-05 22:00:00,2025-05-05 22:00:00,0.0
KM BK SIGUNTANG,BALIKPAPAN,2025-04-04 05:00:00,2025-05-07 07:00:00,2025-05-07 09:00:00,0.0
KM WILIS,LABUAN BAJO,2025-04-04 05:00:00,2025-05-07 20:00:00,2025-05-07 21:00:00,0.0
KM BK RAYA,KIJANG,2025-04-04 09:00:00,2025-05-06 11:00:00,2025-05-06 13:00:00,0.0
KM LAMBELU,TARAKAN,2025-04-04 10:00:00,2025-05-07 08:00:00,2025-05-07 12:00:00,0.0
KM DOBONSOLO,MAKASSAR,2025-04-04 10:00:00,2025-05-07 01:00:00,2025-05-07 03:00:00,4.0
KM CIREMAI,BAU-BAU,2025-04-04 16:00:00,2025-05-06 23:00:00,2025-05-07 01:00:00,0.0
KM DOROLONDA,PANTOLOAN,2025-04-04 20:00:00,2025-05-07 08:00:00,2025-05-07 11:00:00,4.0
KM LAMBELU,NUNUKAN,2025-04-04 20:00:00,2025-05-07 12:00:00,2025-05-07 15:00:00,0.0
KM GUNUNG DEMPO,TANJUNG PRIOK,2025-04-04 21:00:00,2025-05-07 03:00:00,2025-05-07 03:00:00,0.0
KM BK SIGUNTANG,PARE-PARE,2025-04-04 23:00:00,2025-05-07 09:00:00,2025-05-07 12:00:00,0.0
KM BK RAYA,BLINYU,2025-04-05 01:00:00,2025-05-06 13:00:00,2025-05-06 14:00:00,0.0
KM AWU,KUMAI,2025-04-05 03:00:00,2025-05-07 10:00:00,2025-05-07 10:00:00,0.0
KM WILIS,MAKASSAR,2025-04-05 06:00:00,2025-05-07 21:00:00,2025-05-08 00:00:00,0.0
KM BK SIGUNTANG,MAKASSAR,2025-04-05 07:00:00,2025-05-08 00:00:00,2025-05-08 00:00:00,12.0
KM CIREMAI,MAKASSAR,2025-04-05 10:00:00,2025-05-08 00:00:00,2025-05-08 03:00:00,23.0
KM DOROLONDA,BALIKPAPAN,2025-04-05 11:00:00,2025-05-07 11:00:00,2025-05-07 13:00:00,0.0
KM DOBONSOLO,SURABAYA,2025-04-05 20:00:00,2025-05-07 10:00:00,2025-05-07 12:00:00,7.0
KM LAMBELU,BALIKPAPAN,2025-04-06 02:00:00,2025-05-07 15:00:00,2025-05-07 17:00:00,0.0
KM BK RAYA,TANJUNG PRIOK,2025-04-06 04:00:00,2025-05-07 03:00:00,2025-05-07 03:00:00,13.0
KM WILIS,BATULICIN,2025-04-06 15:00:00,2025-05-08 00:00:00,2025-05-08 00:00:00,0.0
KM CIREMAI,SURABAYA,2025-04-06 17:00:00,2025-05-08 03:00:00,2025-05-08 05:00:00,0.0
KM LAMBELU,PARE-PARE,2025-04-06 20:00:00,2025-05-07 17:00:00,2025-05-07 19:00:00,0.0
KM DOROLONDA,SURABAYA,2025-04-06 20:00:00,2025-05-08 05:00:00,2025-05-08 05:00:00,16.0
KM DOBONSOLO,TANJUNG PRIOK,2025-04-07 01:00:00,2025-05-07 12:00:00,2025-05-07 12:00:00,0.0
KM LAMBELU,MAKASSAR,2025-04-07 03:00:00,2025-05-08 03:00:00,2025-05-08 03:00:00,8.0
KM CIREMAI,TANJUNG PRIOK,2025-04-07 23:00:00,2025-05-08 05:00:00,2025-05-08 05:00:00,0.0
